WADMKK,WADMKC,probability,JOIN_ID
Adm. Kep. Seribu,Kepulauan Seribu Selatan,0.7127114811658932,Adm. Kep. Seribu_Kepulauan Seribu Selatan
Adm. Kep. Seribu,Kepulauan Seribu Utara,0.6306856847400961,Adm. Kep. Seribu_Kepulauan Seribu Utara
Bandung,Arjasari,0.5571227283942587,Bandung_Arjasari
Bandung,Baleendah,0.6990882330984167,Bandung_Baleendah
Bandung,Banjaran,0.69415007425495,Bandung_Banjaran
Bandung,Bojongsoang,0.8105906177156178,Bandung_Bojongsoang
Bandung,Cangkuang,0.6841584110334107,Bandung_Cangkuang
Bandung,Cicalengka,0.8122285442500395,Bandung_Cicalengka
Bandung,Cikancung,0.7852869353615335,Bandung_Cikancung
Bandung,Cilengkrang,0.7543235858912328,Bandung_Cilengkrang
Bandung,Cileunyi,0.7448903260138559,Bandung_Cileunyi
Bandung,Cimaung,0.6706661916724641,Bandung_Cimaung
Bandung,Cimenyan,0.7417197711301429,Bandung_Cimenyan
Bandung,Ciparay,0.6400920835336887,Bandung_Ciparay
Bandung,Ciwidey,0.7581008537214416,Bandung_Ciwidey
Bandung,Dayeuhkolot,0.7694286245267338,Bandung_Dayeuhkolot
Bandung,Ibun,0.5707925242585613,Bandung_Ibun
Bandung,Katapang,0.7402012731629275,Bandung_Katapang
Bandung,Kertasari,0.7935826299103944,Bandung_Kertasari
Bandung,Kutawaringin,0.7208395233421551,Bandung_Kutawaringin
Bandung,Majalaya,0.715428124000183,Bandung_Majalaya
Bandung,Margaasih,0.6975011820051292,Bandung_Margaasih
Bandung,Margahayu,0.6397338934457351,Bandung_Margahayu
Bandung,Nagreg,0.7892340698517161,Bandung_Nagreg
Bandung,Pacet,0.7587349162275633,Bandung_Pacet
Bandung,Pameungpeuk,0.7466940881358061,Bandung_Pameungpeuk
Bandung,Pangalengan,0.8285118024132733,Bandung_Pangalengan
Bandung,Paseh,0.8075501908953405,Bandung_Paseh
Bandung,Pasirjambu,0.6793002452178188,Bandung_Pasirjambu
Bandung,Rancabali,0.7624760576025279,Bandung_Rancabali
Bandung,Rancaekek,0.8687203073537109,Bandung_Rancaekek
Bandung,Solokanjeruk,0.8521176209583328,Bandung_Solokanjeruk
Bandung,Soreang,0.7153900854477476,Bandung_Soreang
Bandung Barat,Batujajar,0.7054214029622696,Bandung Barat_Batujajar
Bandung Barat,Cihampelas,0.7299867843129451,Bandung Barat_Cihampelas
Bandung Barat,Cikalongwetan,0.7620930056871231,Bandung Barat_Cikalongwetan
Bandung Barat,Cililin,0.8432743115072061,Bandung Barat_Cililin
Bandung Barat,Cipatat,0.7155958533296765,Bandung Barat_Cipatat
Bandung Barat,Cipeundeuy,0.7513111841192188,Bandung Barat_Cipeundeuy
Bandung Barat,Cipongkor,0.6852405430778526,Bandung Barat_Cipongkor
Bandung Barat,Cisarua,0.7826746457962401,Bandung Barat_Cisarua
Bandung Barat,Gununghalu,0.7257940215395359,Bandung Barat_Gununghalu
Bandung Barat,Lembang,0.7788970119921355,Bandung Barat_Lembang
Bandung Barat,Ngamprah,0.7573254779534193,Bandung Barat_Ngamprah
Bandung Barat,Padalarang,0.8442935388399013,Bandung Barat_Padalarang
Bandung Barat,Parongpong,0.7305370588534519,Bandung Barat_Parongpong
Bandung Barat,Rongga,0.6891713077380293,Bandung Barat_Rongga
Bandung Barat,Saguling,0.7505004425443835,Bandung Barat_Saguling
Bandung Barat,Sindangkerta,0.7730032002311409,Bandung Barat_Sindangkerta
Bangkalan,Arosbaya,0.5714195299454587,Bangkalan_Arosbaya
Bangkalan,Bangkalan,0.5063618101197048,Bangkalan_Bangkalan
Bangkalan,Blega,0.49856727613631646,Bangkalan_Blega
Bangkalan,Burneh,0.6969673790691596,Bangkalan_Burneh
Bangkalan,Galis,0.42123479387829216,Bangkalan_Galis
Bangkalan,Geger,0.41098605226043305,Bangkalan_Geger
Bangkalan,Kamal,0.4775173621107684,Bangkalan_Kamal
Bangkalan,Klampis,0.4847366594705603,Bangkalan_Klampis
Bangkalan,Kokop,0.4312586457585278,Bangkalan_Kokop
Bangkalan,Konang,0.42097005527152587,Bangkalan_Konang
Bangkalan,Kwanyar,0.5521181886397052,Bangkalan_Kwanyar
Bangkalan,Labang,0.4951350124935265,Bangkalan_Labang
Bangkalan,Modung,0.4581308164058163,Bangkalan_Modung
Bangkalan,Sepulu,0.4327435515035361,Bangkalan_Sepulu
Bangkalan,Socah,0.5346978909978908,Bangkalan_Socah
Bangkalan,Tanah Merah,0.6365085459088557,Bangkalan_Tanah Merah
Bangkalan,Tanjung Bumi,0.4512336464887918,Bangkalan_Tanjung Bumi
Bangkalan,Tragah,0.5282969189994728,Bangkalan_Tragah
Banjarnegara,Banjarmangu,0.8463788364500993,Banjarnegara_Banjarmangu
Banjarnegara,Banjarnegara,0.7365368525141609,Banjarnegara_Banjarnegara
Banjarnegara,Batur,0.7758586488130605,Banjarnegara_Batur
Banjarnegara,Bawang,0.7391962649923173,Banjarnegara_Bawang
Banjarnegara,Kalibening,0.7950540751187808,Banjarnegara_Kalibening
Banjarnegara,Karangkobar,0.8073118931721872,Banjarnegara_Karangkobar
Banjarnegara,Madukara,0.7564394532347818,Banjarnegara_Madukara
Banjarnegara,Mandiraja,0.5824039420506214,Banjarnegara_Mandiraja
Banjarnegara,Pagedongan,0.7026158000372262,Banjarnegara_Pagedongan
Banjarnegara,Pagentan,0.8035222392760322,Banjarnegara_Pagentan
Banjarnegara,Pandanarum,0.7666772129916866,Banjarnegara_Pandanarum
Banjarnegara,Pejawaran,0.7933890769361355,Banjarnegara_Pejawaran
Banjarnegara,Punggelan,0.7650363226728548,Banjarnegara_Punggelan
Banjarnegara,Purwanegara,0.7737990022128076,Banjarnegara_Purwanegara
Banjarnegara,Purworeja Klampok,0.5892348399538876,Banjarnegara_Purworeja Klampok
Banjarnegara,Rakit,0.7493341643121201,Banjarnegara_Rakit
Banjarnegara,Sigaluh,0.6761034829425561,Banjarnegara_Sigaluh
Banjarnegara,Susukan,0.5827788559737477,Banjarnegara_Susukan
Banjarnegara,Wanadadi,0.8359627359204485,Banjarnegara_Wanadadi
Banjarnegara,Wanayasa,0.7856831222698865,Banjarnegara_Wanayasa
Bantul,Bambanglipuro,0.7143799157448755,Bantul_Bambanglipuro
Bantul,Banguntapan,0.6888536693726169,Bantul_Banguntapan
Bantul,Bantul,0.6161201995811754,Bantul_Bantul
Bantul,Dlingo,0.5975091121214602,Bantul_Dlingo
Bantul,Imogiri,0.7052677363294236,Bantul_Imogiri
Bantul,Jetis,0.7133878469829209,Bantul_Jetis
Bantul,Kasihan,0.6187063214764796,Bantul_Kasihan
Bantul,Kretek,0.7732604247791405,Bantul_Kretek
Bantul,Pajangan,0.5218426892766673,Bantul_Pajangan
Bantul,Pandak,0.7179987869375276,Bantul_Pandak
Bantul,Piyungan,0.6205545498732655,Bantul_Piyungan
Bantul,Pleret,0.6757847066342895,Bantul_Pleret
Bantul,Pundong,0.7003314501621491,Bantul_Pundong
Bantul,Sanden,0.7474162147417339,Bantul_Sanden
Bantul,Sedayu,0.5524065393127936,Bantul_Sedayu
Bantul,Sewon,0.5895913941064092,Bantul_Sewon
Bantul,Srandakan,0.7846791623994189,Bantul_Srandakan
Banyumas,Ajibarang,0.7881699965693022,Banyumas_Ajibarang
Banyumas,Banyumas,0.6545498928364119,Banyumas_Banyumas
Banyumas,Baturraden,0.7936509026721729,Banyumas_Baturraden
Banyumas,Cilongok,0.8650746929455132,Banyumas_Cilongok
Banyumas,Gumelar,0.7901875954119892,Banyumas_Gumelar
Banyumas,Jatilawang,0.760701538567277,Banyumas_Jatilawang
Banyumas,Kalibagor,0.7220408580537356,Banyumas_Kalibagor
Banyumas,Karanglewas,0.7677437047019384,Banyumas_Karanglewas
Banyumas,Kebasen,0.7658357336927999,Banyumas_Kebasen
Banyumas,Kedungbanteng,0.7724086256364898,Banyumas_Kedungbanteng
Banyumas,Kembaran,0.7132310120746012,Banyumas_Kembaran
Banyumas,Kemranjen,0.7963926277258759,Banyumas_Kemranjen
Banyumas,Lumbir,0.8273325813531173,Banyumas_Lumbir
Banyumas,Patikraja,0.6608501998403522,Banyumas_Patikraja
Banyumas,Pekuncen,0.7815214336985988,Banyumas_Pekuncen
Banyumas,Purwojati,0.7622598068053955,Banyumas_Purwojati
Banyumas,Purwokerto Barat,0.7458073945516583,Banyumas_Purwokerto Barat
Banyumas,Purwokerto Selatan,0.6468915603517937,Banyumas_Purwokerto Selatan
Banyumas,Purwokerto Timur,0.653632648183924,Banyumas_Purwokerto Timur
Banyumas,Purwokerto Utara,0.6739558377765573,Banyumas_Purwokerto Utara
Banyumas,Rawalo,0.8534201626117263,Banyumas_Rawalo
Banyumas,Sokaraja,0.6616361091896088,Banyumas_Sokaraja
Banyumas,Somagede,0.5980872190379021,Banyumas_Somagede
Banyumas,Sumbang,0.7466111486525425,Banyumas_Sumbang
Banyumas,Sumpiuh,0.804678902459067,Banyumas_Sumpiuh
Banyumas,Tambak,0.7381237025951632,Banyumas_Tambak
Banyumas,Wangon,0.8371119065878639,Banyumas_Wangon
Banyuwangi,Bangorejo,0.2891661880603057,Banyuwangi_Bangorejo
Banyuwangi,Banyuwangi,0.21398215266845308,Banyuwangi_Banyuwangi
Banyuwangi,Blimbingsari,0.1882682929385717,Banyuwangi_Blimbingsari
Banyuwangi,Cluring,0.3174234626582079,Banyuwangi_Cluring
Banyuwangi,Gambiran,0.4560505480467246,Banyuwangi_Gambiran
Banyuwangi,Genteng,0.5455698836474843,Banyuwangi_Genteng
Banyuwangi,Giri,0.2375746659772976,Banyuwangi_Giri
Banyuwangi,Glagah,0.32699519654751846,Banyuwangi_Glagah
Banyuwangi,Glenmore,0.5153941478026619,Banyuwangi_Glenmore
Banyuwangi,Kabat,0.2324476831991537,Banyuwangi_Kabat
Banyuwangi,Kalibaru,0.6100771541324171,Banyuwangi_Kalibaru
Banyuwangi,Kalipuro,0.23757100252688493,Banyuwangi_Kalipuro
Banyuwangi,Licin,0.2921237467984373,Banyuwangi_Licin
Banyuwangi,Muncar,0.10542848297213626,Banyuwangi_Muncar
Banyuwangi,Pesanggaran,0.31110265131325526,Banyuwangi_Pesanggaran
Banyuwangi,Purwoharjo,0.15744301295631088,Banyuwangi_Purwoharjo
Banyuwangi,Rogojampi,0.37815555126847705,Banyuwangi_Rogojampi
Banyuwangi,Sempu,0.3815324158871997,Banyuwangi_Sempu
Banyuwangi,Siliragung,0.18985455786044034,Banyuwangi_Siliragung
Banyuwangi,Singojuruh,0.3980834629422863,Banyuwangi_Singojuruh
Banyuwangi,Songgon,0.32520386174712795,Banyuwangi_Songgon
Banyuwangi,Srono,0.3600157724293801,Banyuwangi_Srono
Banyuwangi,Tegaldlimo,0.1605367350743512,Banyuwangi_Tegaldlimo
Banyuwangi,Tegalsari,0.4958085658459189,Banyuwangi_Tegalsari
Banyuwangi,Wongsorejo,0.4503105860563577,Banyuwangi_Wongsorejo
Batang,Bandar,0.7838658299879548,Batang_Bandar
Batang,Banyuputih,0.8252127581654667,Batang_Banyuputih
Batang,Batang,0.8950451252350561,Batang_Batang
Batang,Bawang,0.7591241696212288,Batang_Bawang
Batang,Blado,0.7656658784026431,Batang_Blado
Batang,Gringsing,0.918640057165057,Batang_Gringsing
Batang,Kandeman,0.8459569792663502,Batang_Kandeman
Batang,Limpung,0.7737064570493148,Batang_Limpung
Batang,Pecalungan,0.7486407357479125,Batang_Pecalungan
Batang,Reban,0.8042946537123007,Batang_Reban
Batang,Subah,0.8377168601868333,Batang_Subah
Batang,Tersono,0.7738939391750327,Batang_Tersono
Batang,Tulis,0.8767724811998072,Batang_Tulis
Batang,Warungasem,0.847226537975615,Batang_Warungasem
Batang,Wonotunggal,0.7699360087923168,Batang_Wonotunggal
Bekasi,Babelan,0.8218875257095847,Bekasi_Babelan
Bekasi,Bojongmangu,0.9079671994671994,Bekasi_Bojongmangu
Bekasi,Cabangbungin,0.7000383585540709,Bekasi_Cabangbungin
Bekasi,Cibarusah,0.8451793180675534,Bekasi_Cibarusah
Bekasi,Cibitung,0.7609167329746277,Bekasi_Cibitung
Bekasi,Cikarang Barat,0.8488050196535495,Bekasi_Cikarang Barat
Bekasi,Cikarang Pusat,0.8930648260236492,Bekasi_Cikarang Pusat
Bekasi,Cikarang Selatan,0.9136369883384586,Bekasi_Cikarang Selatan
Bekasi,Cikarang Timur,0.7734803335553333,Bekasi_Cikarang Timur
Bekasi,Cikarang Utara,0.8245317932067929,Bekasi_Cikarang Utara
Bekasi,Karang Bahagia,0.6612748385601325,Bekasi_Karang Bahagia
Bekasi,Kedung Waringin,0.6458288482759071,Bekasi_Kedung Waringin
Bekasi,Muaragembong,0.7078651569448788,Bekasi_Muaragembong
Bekasi,Pebayuran,0.6437083583427243,Bekasi_Pebayuran
Bekasi,Serang Baru,0.8716331795655321,Bekasi_Serang Baru
Bekasi,Setu,0.8071514297793709,Bekasi_Setu
Bekasi,Sukakarya,0.6563517448238039,Bekasi_Sukakarya
Bekasi,Sukatani,0.7197191147088208,Bekasi_Sukatani
Bekasi,Sukawangi,0.7912295792442854,Bekasi_Sukawangi
Bekasi,Tambelang,0.686948246361482,Bekasi_Tambelang
Bekasi,Tambun Selatan,0.7755941075264607,Bekasi_Tambun Selatan
Bekasi,Tambun Utara,0.8572597371582666,Bekasi_Tambun Utara
Bekasi,Tarumajaya,0.7715807532336942,Bekasi_Tarumajaya
Blitar,Bakung,0.8326628944171299,Blitar_Bakung
Blitar,Binangun,0.8657066879502926,Blitar_Binangun
Blitar,Doko,0.48514840949862803,Blitar_Doko
Blitar,Gandusari,0.5113193104830815,Blitar_Gandusari
Blitar,Garum,0.7086347325838676,Blitar_Garum
Blitar,Kademangan,0.7628740969428536,Blitar_Kademangan
Blitar,Kanigoro,0.7737377245578191,Blitar_Kanigoro
Blitar,Kesamben,0.7910075341455937,Blitar_Kesamben
Blitar,Nan,0.7367571509293999,Blitar_Nan
Blitar,Nglegok,0.639925270542475,Blitar_Nglegok
Blitar,Panggungrejo,0.8905434010564601,Blitar_Panggungrejo
Blitar,Ponggok,0.7264937522401923,Blitar_Ponggok
Blitar,Sanankulon,0.7772685534468519,Blitar_Sanankulon
Blitar,Selopuro,0.8034626951479902,Blitar_Selopuro
Blitar,Selorejo,0.4872659215558031,Blitar_Selorejo
Blitar,Srengat,0.7658136365268721,Blitar_Srengat
Blitar,Sutojayan,0.8656482819922177,Blitar_Sutojayan
Blitar,Talun,0.7393338831339948,Blitar_Talun
Blitar,Udanawu,0.7408643709231949,Blitar_Udanawu
Blitar,Wates,0.7909844485465234,Blitar_Wates
Blitar,Wlingi,0.6975440699142356,Blitar_Wlingi
Blitar,Wonodadi,0.8196492739286856,Blitar_Wonodadi
Blitar,Wonotirto,0.8509246501864153,Blitar_Wonotirto
Blora,Banjarejo,0.723359236678354,Blora_Banjarejo
Blora,Blora,0.5734490220019635,Blora_Blora
Blora,Bogorejo,0.5664792026744044,Blora_Bogorejo
Blora,Cepu,0.5611209394320853,Blora_Cepu
Blora,Japah,0.4199391957640777,Blora_Japah
Blora,Jati,0.8457701820429038,Blora_Jati
Blora,Jepon,0.6524490602715435,Blora_Jepon
Blora,Jiken,0.5261914492164181,Blora_Jiken
Blora,Kedungtuban,0.3393359380051178,Blora_Kedungtuban
Blora,Kradenan,0.7542169244363184,Blora_Kradenan
Blora,Kunduran,0.5691934528577715,Blora_Kunduran
Blora,Ngawen,0.7580573209312299,Blora_Ngawen
Blora,Randublatung,0.5607235120888994,Blora_Randublatung
Blora,Sambong,0.4980263781969662,Blora_Sambong
Blora,Todanan,0.3887604955502015,Blora_Todanan
Blora,Tunjungan,0.4813681147541827,Blora_Tunjungan
Bogor,Babakan Madang,0.7800705536225293,Bogor_Babakan Madang
Bogor,Bojong Gede,0.7521407438021215,Bogor_Bojong Gede
Bogor,Caringin,0.7565752709708596,Bogor_Caringin
Bogor,Cariu,0.8191858796992485,Bogor_Cariu
Bogor,Ciampea,0.8585728876882337,Bogor_Ciampea
Bogor,Ciawi,0.7608692251993184,Bogor_Ciawi
Bogor,Cibinong,0.8281626370361668,Bogor_Cibinong
Bogor,Cibungbulang,0.8389845949374292,Bogor_Cibungbulang
Bogor,Cigombong,0.731516847524705,Bogor_Cigombong
Bogor,Cigudeg,0.7998088399741009,Bogor_Cigudeg
Bogor,Cijeruk,0.7572386607286756,Bogor_Cijeruk
Bogor,Cileungsi,0.8023386739208501,Bogor_Cileungsi
Bogor,Ciomas,0.7987904656505275,Bogor_Ciomas
Bogor,Cisarua,0.7960590246155889,Bogor_Cisarua
Bogor,Ciseeng,0.8058090906069756,Bogor_Ciseeng
Bogor,Citeureup,0.7496301497825779,Bogor_Citeureup
Bogor,Dramaga,0.7641012290068087,Bogor_Dramaga
Bogor,Gunung Putri,0.867615584742055,Bogor_Gunung Putri
Bogor,Gunung Sindur,0.8150349377101282,Bogor_Gunung Sindur
Bogor,Jasinga,0.825864522827539,Bogor_Jasinga
Bogor,Jonggol,0.9153884736178858,Bogor_Jonggol
Bogor,Kemang,0.802520983338427,Bogor_Kemang
Bogor,Klapanunggal,0.7838831402818032,Bogor_Klapanunggal
Bogor,Leuwiliang,0.8086237894447134,Bogor_Leuwiliang
Bogor,Leuwisadeng,0.7565968729114018,Bogor_Leuwisadeng
Bogor,Megamendung,0.7832878301238061,Bogor_Megamendung
Bogor,Nanggung,0.7831364099952333,Bogor_Nanggung
Bogor,Pamijahan,0.798220750504398,Bogor_Pamijahan
Bogor,Parung,0.7854840808618192,Bogor_Parung
Bogor,Parung Panjang,0.7180403274829745,Bogor_Parung Panjang
Bogor,Ranca Bungur,0.7301867066782411,Bogor_Ranca Bungur
Bogor,Rumpin,0.7422328716244063,Bogor_Rumpin
Bogor,Sukajaya,0.8135812403282993,Bogor_Sukajaya
Bogor,Sukamakmur,0.7978423981378098,Bogor_Sukamakmur
Bogor,Sukaraja,0.7244152277262037,Bogor_Sukaraja
Bogor,Tajurhalang,0.7354460913699304,Bogor_Tajurhalang
Bogor,Tamansari,0.852204091823209,Bogor_Tamansari
Bogor,Tanjungsari,0.7127854409331943,Bogor_Tanjungsari
Bogor,Tenjo,0.8112044272615432,Bogor_Tenjo
Bogor,Tenjolaya,0.7906122384581366,Bogor_Tenjolaya
Bojonegoro,Balen,0.7967410599390119,Bojonegoro_Balen
Bojonegoro,Baureno,0.8690731484202074,Bojonegoro_Baureno
Bojonegoro,Bojonegoro,0.8596650244338138,Bojonegoro_Bojonegoro
Bojonegoro,Bubulan,0.7521699982209056,Bojonegoro_Bubulan
Bojonegoro,Dander,0.8428026406418563,Bojonegoro_Dander
Bojonegoro,Gayam,0.8120216520144972,Bojonegoro_Gayam
Bojonegoro,Gondang,0.8806820627085333,Bojonegoro_Gondang
Bojonegoro,Kalitidu,0.7934006643420388,Bojonegoro_Kalitidu
Bojonegoro,Kanor,0.8468461688084493,Bojonegoro_Kanor
Bojonegoro,Kapas,0.8098248231842073,Bojonegoro_Kapas
Bojonegoro,Kasiman,0.4972327234092561,Bojonegoro_Kasiman
Bojonegoro,Kedewan,0.5045079157770331,Bojonegoro_Kedewan
Bojonegoro,Kedungadem,0.8899469290942976,Bojonegoro_Kedungadem
Bojonegoro,Kepohbaru,0.8625623143569481,Bojonegoro_Kepohbaru
Bojonegoro,Malo,0.8235188995959237,Bojonegoro_Malo
Bojonegoro,Margomulyo,0.5775202069172654,Bojonegoro_Margomulyo
Bojonegoro,Ngambon,0.776470298325159,Bojonegoro_Ngambon
Bojonegoro,Ngasem,0.7633620843650419,Bojonegoro_Ngasem
Bojonegoro,Ngraho,0.8207396461137867,Bojonegoro_Ngraho
Bojonegoro,Padangan,0.44001870310723307,Bojonegoro_Padangan
Bojonegoro,Purwosari,0.7389258840334354,Bojonegoro_Purwosari
Bojonegoro,Sekar,0.7318243641909061,Bojonegoro_Sekar
Bojonegoro,Sugihwaras,0.8441218539630306,Bojonegoro_Sugihwaras
Bojonegoro,Sukosewu,0.8631570492396122,Bojonegoro_Sukosewu
Bojonegoro,Sumberejo,0.7910832240562634,Bojonegoro_Sumberejo
Bojonegoro,Tambakrejo,0.8443352807337255,Bojonegoro_Tambakrejo
Bojonegoro,Temayang,0.9055584936305524,Bojonegoro_Temayang
Bojonegoro,Trucuk,0.8711555961460408,Bojonegoro_Trucuk
Bondowoso,Binakal,0.4737575700271518,Bondowoso_Binakal
Bondowoso,Bondowoso,0.64453228470396,Bondowoso_Bondowoso
Bondowoso,Botolinggo,0.42455410484607714,Bondowoso_Botolinggo
Bondowoso,Cermee,0.4551716730894947,Bondowoso_Cermee
Bondowoso,Curahdami,0.4926675478456506,Bondowoso_Curahdami
Bondowoso,Grujugan,0.4848042177035211,Bondowoso_Grujugan
Bondowoso,Jambesari Darus Sholah,0.553635139434369,Bondowoso_Jambesari Darus Sholah
Bondowoso,Klabang,0.4967425058929861,Bondowoso_Klabang
Bondowoso,Maesan,0.4480481062005971,Bondowoso_Maesan
Bondowoso,Pakem,0.4806309700447469,Bondowoso_Pakem
Bondowoso,Prajekan,0.5436657079377589,Bondowoso_Prajekan
Bondowoso,Pujer,0.5508609246127159,Bondowoso_Pujer
Bondowoso,Sempol,0.41467485472162774,Bondowoso_Sempol
Bondowoso,Sukosari,0.4274560313439573,Bondowoso_Sukosari
Bondowoso,Sumberwringin,0.46997486981542685,Bondowoso_Sumberwringin
Bondowoso,Taman Krocok,0.5372941785135974,Bondowoso_Taman Krocok
Bondowoso,Tamanan,0.5471087160928954,Bondowoso_Tamanan
Bondowoso,Tapen,0.5613178979111955,Bondowoso_Tapen
Bondowoso,Tegalampel,0.5494880086600591,Bondowoso_Tegalampel
Bondowoso,Tenggarang,0.5959004899297465,Bondowoso_Tenggarang
Bondowoso,Tlogosari,0.3428921080354367,Bondowoso_Tlogosari
Bondowoso,Wonosari,0.5967295146669794,Bondowoso_Wonosari
Bondowoso,Wringin,0.5267916656599987,Bondowoso_Wringin
Boyolali,Ampel,0.7985627849892561,Boyolali_Ampel
Boyolali,Andong,0.757549738376519,Boyolali_Andong
Boyolali,Banyudono,0.8914638002444825,Boyolali_Banyudono
Boyolali,Boyolali,0.7115143081933877,Boyolali_Boyolali
Boyolali,Cepogo,0.6532332217490111,Boyolali_Cepogo
Boyolali,Gladagsari,0.7929641628941271,Boyolali_Gladagsari
Boyolali,Juwangi,0.7568096645745038,Boyolali_Juwangi
Boyolali,Karanggede,0.8443657347912444,Boyolali_Karanggede
Boyolali,Kemusu,0.6872561605061609,Boyolali_Kemusu
Boyolali,Klego,0.8420045279650321,Boyolali_Klego
Boyolali,Mojosongo,0.8315089680367864,Boyolali_Mojosongo
Boyolali,Musuk,0.6553042124112561,Boyolali_Musuk
Boyolali,Ngemplak,0.6653752300932639,Boyolali_Ngemplak
Boyolali,Nogosari,0.754603237448826,Boyolali_Nogosari
Boyolali,Sambi,0.8324503555997141,Boyolali_Sambi
Boyolali,Sawit,0.7917717572654606,Boyolali_Sawit
Boyolali,Selo,0.7288379324724373,Boyolali_Selo
Boyolali,Simo,0.8650585225192657,Boyolali_Simo
Boyolali,Tamansari,0.6613618670115577,Boyolali_Tamansari
Boyolali,Teras,0.8130945391105399,Boyolali_Teras
Boyolali,Wonosamodro,0.7429015166635907,Boyolali_Wonosamodro
Boyolali,Wonosegoro,0.8285385508282564,Boyolali_Wonosegoro
Brebes,Banjarharjo,0.9202406457921162,Brebes_Banjarharjo
Brebes,Bantarkawung,0.8003977150431271,Brebes_Bantarkawung
Brebes,Brebes,0.7272897256338432,Brebes_Brebes
Brebes,Bulakamba,0.7028528876352405,Brebes_Bulakamba
Brebes,Bumiayu,0.7937304251434842,Brebes_Bumiayu
Brebes,Jatibarang,0.8347849589952525,Brebes_Jatibarang
Brebes,Kersana,0.8159660176424882,Brebes_Kersana
Brebes,Ketanggungan,0.781082046561282,Brebes_Ketanggungan
Brebes,Larangan,0.8972944752959456,Brebes_Larangan
Brebes,Losari,0.7486403477241714,Brebes_Losari
Brebes,Paguyangan,0.8196882010146712,Brebes_Paguyangan
Brebes,Salem,0.8591628503849092,Brebes_Salem
Brebes,Sirampog,0.8400769219342749,Brebes_Sirampog
Brebes,Songgom,0.8271080575385015,Brebes_Songgom
Brebes,Tanjung,0.7617182167505699,Brebes_Tanjung
Brebes,Tonjong,0.7962406400919345,Brebes_Tonjong
Brebes,Wanasari,0.7475534325151976,Brebes_Wanasari
Ciamis,Banjaranyar,0.8820985906592832,Ciamis_Banjaranyar
Ciamis,Banjarsari,0.7409823287411038,Ciamis_Banjarsari
Ciamis,Baregbeg,0.7928875225947808,Ciamis_Baregbeg
Ciamis,Ciamis,0.7016789672875071,Ciamis_Ciamis
Ciamis,Cidolog,0.8600428450343127,Ciamis_Cidolog
Ciamis,Cihaurbeuti,0.7964638173917588,Ciamis_Cihaurbeuti
Ciamis,Cijeungjing,0.7269443314000668,Ciamis_Cijeungjing
Ciamis,Cikoneng,0.8560457068215584,Ciamis_Cikoneng
Ciamis,Cimaragas,0.769417847306244,Ciamis_Cimaragas
Ciamis,Cipaku,0.8149293098758822,Ciamis_Cipaku
Ciamis,Cisaga,0.7435210445991479,Ciamis_Cisaga
Ciamis,Jatinagara,0.7821218192069368,Ciamis_Jatinagara
Ciamis,Kawali,0.8038917672327672,Ciamis_Kawali
Ciamis,Lakbok,0.7303275980011277,Ciamis_Lakbok
Ciamis,Lumbung,0.8228165710974665,Ciamis_Lumbung
Ciamis,Pamarican,0.824419922273589,Ciamis_Pamarican
Ciamis,Panawangan,0.814108203582795,Ciamis_Panawangan
Ciamis,Panjalu,0.8200382628350896,Ciamis_Panjalu
Ciamis,Panumbangan,0.8403948266641276,Ciamis_Panumbangan
Ciamis,Purwadadi,0.6819648312471847,Ciamis_Purwadadi
Ciamis,Rajadesa,0.8285900476646385,Ciamis_Rajadesa
Ciamis,Rancah,0.7856686942502514,Ciamis_Rancah
Ciamis,Sadananya,0.7711965273288798,Ciamis_Sadananya
Ciamis,Sindangkasih,0.7850215187973834,Ciamis_Sindangkasih
Ciamis,Sukadana,0.7816010129825682,Ciamis_Sukadana
Ciamis,Sukamantri,0.7672343570045365,Ciamis_Sukamantri
Ciamis,Tambaksari,0.7694464032630849,Ciamis_Tambaksari
Cianjur,Agrabinta,0.5653472303839949,Cianjur_Agrabinta
Cianjur,Bojongpicung,0.7823819700681149,Cianjur_Bojongpicung
Cianjur,Campaka,0.7746207657459555,Cianjur_Campaka
Cianjur,Campakamulya,0.7835660755948717,Cianjur_Campakamulya
Cianjur,Cianjur,0.7775191056293996,Cianjur_Cianjur
Cianjur,Cibeber,0.7512220563749973,Cianjur_Cibeber
Cianjur,Cibinong,0.39022832136742963,Cianjur_Cibinong
Cianjur,Cidaun,0.5948073765244043,Cianjur_Cidaun
Cianjur,Cijati,0.5017524049563195,Cianjur_Cijati
Cianjur,Cikadu,0.41033800423003197,Cianjur_Cikadu
Cianjur,Cikalongkulon,0.7266233088288174,Cianjur_Cikalongkulon
Cianjur,Cilaku,0.7336314119505297,Cianjur_Cilaku
Cianjur,Cipanas,0.7287924173951263,Cianjur_Cipanas
Cianjur,Ciranjang,0.7187541128564344,Cianjur_Ciranjang
Cianjur,Cugenang,0.8366131507381506,Cianjur_Cugenang
Cianjur,Gekbrong,0.8249610195360195,Cianjur_Gekbrong
Cianjur,Haurwangi,0.702384090256148,Cianjur_Haurwangi
Cianjur,Kadupandak,0.5326273761066003,Cianjur_Kadupandak
Cianjur,Karangtengah,0.7357308864955925,Cianjur_Karangtengah
Cianjur,Leles,0.3789679692324432,Cianjur_Leles
Cianjur,Mande,0.7763748804802687,Cianjur_Mande
Cianjur,Naringgul,0.4110255575435915,Cianjur_Naringgul
Cianjur,Pacet,0.7656933726534904,Cianjur_Pacet
Cianjur,Pagelaran,0.6345863096951364,Cianjur_Pagelaran
Cianjur,Pasirkuda,0.41870557638096323,Cianjur_Pasirkuda
Cianjur,Sindangbarang,0.4806365912295477,Cianjur_Sindangbarang
Cianjur,Sukaluyu,0.7264918651609829,Cianjur_Sukaluyu
Cianjur,Sukanagara,0.7279422391334156,Cianjur_Sukanagara
Cianjur,Sukaresmi,0.7528338855719445,Cianjur_Sukaresmi
Cianjur,Takokak,0.6185003232062055,Cianjur_Takokak
Cianjur,Tanggeung,0.5635907047201166,Cianjur_Tanggeung
Cianjur,Warungkondang,0.8139474691974694,Cianjur_Warungkondang
Cilacap,Adipala,0.8328725760779798,Cilacap_Adipala
Cilacap,Bantarsari,0.856456721857434,Cilacap_Bantarsari
Cilacap,Binangun,0.6799933312989038,Cilacap_Binangun
Cilacap,Cilacap Selatan,0.7770759070135225,Cilacap_Cilacap Selatan
Cilacap,Cilacap Tengah,0.7611072677322684,Cilacap_Cilacap Tengah
Cilacap,Cilacap Utara,0.7240227950154421,Cilacap_Cilacap Utara
Cilacap,Cimanggu,0.8547738303664002,Cilacap_Cimanggu
Cilacap,Cipari,0.6682427108941968,Cilacap_Cipari
Cilacap,Dayeuhluhur,0.8614125017904641,Cilacap_Dayeuhluhur
Cilacap,Gandrungmangu,0.7490522839905189,Cilacap_Gandrungmangu
Cilacap,Jeruklegi,0.6980811306787469,Cilacap_Jeruklegi
Cilacap,Kampung Laut,0.7850998018321552,Cilacap_Kampung Laut
Cilacap,Karangpucung,0.7716797942384411,Cilacap_Karangpucung
Cilacap,Kawunganten,0.8418316438692601,Cilacap_Kawunganten
Cilacap,Kedungreja,0.7025784599387545,Cilacap_Kedungreja
Cilacap,Kesugihan,0.8766823735260275,Cilacap_Kesugihan
Cilacap,Kroya,0.7998593382926696,Cilacap_Kroya
Cilacap,Majenang,0.8474041230011817,Cilacap_Majenang
Cilacap,Maos,0.7147553849745033,Cilacap_Maos
Cilacap,Nusawungu,0.6763075403972466,Cilacap_Nusawungu
Cilacap,Patimuan,0.8095942819409138,Cilacap_Patimuan
Cilacap,Sampang,0.6608641544605799,Cilacap_Sampang
Cilacap,Sidareja,0.7613044415186787,Cilacap_Sidareja
Cilacap,Wanareja,0.8409433671873328,Cilacap_Wanareja
Cirebon,Arjawinangun,0.7143302347806993,Cirebon_Arjawinangun
Cirebon,Astanajapura,0.7765593036048919,Cirebon_Astanajapura
Cirebon,Babakan,0.7775758713508716,Cirebon_Babakan
Cirebon,Beber,0.8384041886796522,Cirebon_Beber
Cirebon,Ciledug,0.8473357025793994,Cirebon_Ciledug
Cirebon,Ciwaringin,0.738445208903538,Cirebon_Ciwaringin
Cirebon,Depok,0.7485689611042553,Cirebon_Depok
Cirebon,Dukupuntang,0.7838783535956212,Cirebon_Dukupuntang
Cirebon,Gebang,0.7695658997864879,Cirebon_Gebang
Cirebon,Gegesik,0.5549920143925562,Cirebon_Gegesik
Cirebon,Gempol,0.7619009857352725,Cirebon_Gempol
Cirebon,Greged,0.8503883356880247,Cirebon_Greged
Cirebon,Gunung Jati,0.6476491655403426,Cirebon_Gunung Jati
Cirebon,Jamblang,0.7121810152711855,Cirebon_Jamblang
Cirebon,Kaliwedi,0.555828679490444,Cirebon_Kaliwedi
Cirebon,Kapetakan,0.6008978402316638,Cirebon_Kapetakan
Cirebon,Karangsembung,0.7512705211455212,Cirebon_Karangsembung
Cirebon,Karangwareng,0.733956997904057,Cirebon_Karangwareng
Cirebon,Kedawung,0.7567279021631963,Cirebon_Kedawung
Cirebon,Klangenan,0.7243562843004021,Cirebon_Klangenan
Cirebon,Lemahabang,0.8088166247151541,Cirebon_Lemahabang
Cirebon,Losari,0.7141157066789426,Cirebon_Losari
Cirebon,Mundu,0.7938388007865539,Cirebon_Mundu
Cirebon,Pabedilan,0.7213622312156367,Cirebon_Pabedilan
Cirebon,Pabuaran,0.7627754967254967,Cirebon_Pabuaran
Cirebon,Palimanan,0.8174339225118635,Cirebon_Palimanan
Cirebon,Pangenan,0.7465470565382335,Cirebon_Pangenan
Cirebon,Panguragan,0.6920111542154886,Cirebon_Panguragan
Cirebon,Pasaleman,0.857613526824053,Cirebon_Pasaleman
Cirebon,Plered,0.7731576785787313,Cirebon_Plered
Cirebon,Plumbon,0.8638064761020641,Cirebon_Plumbon
Cirebon,Sedong,0.8475564454229089,Cirebon_Sedong
Cirebon,Sumber,0.765074591151195,Cirebon_Sumber
Cirebon,Suranenggala,0.6048123820795648,Cirebon_Suranenggala
Cirebon,Susukan,0.8426213380068779,Cirebon_Susukan
Cirebon,Susukan Lebak,0.8169484352249056,Cirebon_Susukan Lebak
Cirebon,Talun,0.7812833929446443,Cirebon_Talun
Cirebon,Tengah Tani,0.7598888547554962,Cirebon_Tengah Tani
Cirebon,Waled,0.8357489010989008,Cirebon_Waled
Cirebon,Weru,0.7437488490267902,Cirebon_Weru
Demak,Bonang,0.7380964826023646,Demak_Bonang
Demak,Demak,0.5833519079647567,Demak_Demak
Demak,Dempet,0.6774242219317733,Demak_Dempet
Demak,Gajah,0.6439251123059948,Demak_Gajah
Demak,Guntur,0.6827292533640493,Demak_Guntur
Demak,Karanganyar,0.7121528347469525,Demak_Karanganyar
Demak,Karangawen,0.76705729795235,Demak_Karangawen
Demak,Karangtengah,0.726938541644115,Demak_Karangtengah
Demak,Kebonagung,0.5649053352220542,Demak_Kebonagung
Demak,Mijen,0.682801875667786,Demak_Mijen
Demak,Mranggen,0.7792156657207345,Demak_Mranggen
Demak,Sayung,0.6727445936416524,Demak_Sayung
Demak,Wedung,0.6945954163758045,Demak_Wedung
Demak,Wonosalam,0.6346529679470858,Demak_Wonosalam
Garut,Banjarwangi,0.43047554543839384,Garut_Banjarwangi
Garut,Banyuresmi,0.7568043683757161,Garut_Banyuresmi
Garut,Bayongbong,0.6937914134378571,Garut_Bayongbong
Garut,Bl. Limbangan,0.7890628152463295,Garut_Bl. Limbangan
Garut,Bungbulang,0.4047450116618849,Garut_Bungbulang
Garut,Caringin,0.5908060811613306,Garut_Caringin
Garut,Cibalong,0.41087403464855515,Garut_Cibalong
Garut,Cibatu,0.8312037214550156,Garut_Cibatu
Garut,Cibiuk,0.844922815106462,Garut_Cibiuk
Garut,Cigedug,0.7206938375350141,Garut_Cigedug
Garut,Cihurip,0.4226931723505252,Garut_Cihurip
Garut,Cikajang,0.781341981711099,Garut_Cikajang
Garut,Cikelet,0.445159440903094,Garut_Cikelet
Garut,Cilawu,0.6985467868646554,Garut_Cilawu
Garut,Cisewu,0.5721681346651021,Garut_Cisewu
Garut,Cisompet,0.4009441240132414,Garut_Cisompet
Garut,Cisurupan,0.8609747395850332,Garut_Cisurupan
Garut,Garut Kota,0.8167460715885427,Garut_Garut Kota
Garut,Kadungora,0.8182635929196587,Garut_Kadungora
Garut,Karangpawitan,0.8380893044450106,Garut_Karangpawitan
Garut,Karangtengah,0.7509157555695326,Garut_Karangtengah
Garut,Kersamanah,0.784642002085634,Garut_Kersamanah
Garut,Leles,0.8305624462139158,Garut_Leles
Garut,Leuwigoong,0.7493162751095054,Garut_Leuwigoong
Garut,Malangbong,0.7760237791190583,Garut_Malangbong
Garut,Mekarmukti,0.5248137353272805,Garut_Mekarmukti
Garut,Pakenjeng,0.3476800073249762,Garut_Pakenjeng
Garut,Pameungpeuk,0.46934318763141464,Garut_Pameungpeuk
Garut,Pamulihan,0.508635038619791,Garut_Pamulihan
Garut,Pangatikan,0.7563647377878655,Garut_Pangatikan
Garut,Pasirwangi,0.7908555512700807,Garut_Pasirwangi
Garut,Peundeuy,0.4942518135459312,Garut_Peundeuy
Garut,Samarang,0.8091608062205214,Garut_Samarang
Garut,Selaawi,0.7319442601303063,Garut_Selaawi
Garut,Singajaya,0.5764708737217116,Garut_Singajaya
Garut,Sucinaraja,0.6815437095975658,Garut_Sucinaraja
Garut,Sukaresmi,0.829076262748145,Garut_Sukaresmi
Garut,Sukawening,0.7600525382227247,Garut_Sukawening
Garut,Talegong,0.7635693016134196,Garut_Talegong
Garut,Tarogong Kaler,0.7699144895495512,Garut_Tarogong Kaler
Garut,Tarogong Kidul,0.7489900818580805,Garut_Tarogong Kidul
Garut,Wanaraja,0.7874370639164763,Garut_Wanaraja
Gresik,Balongpanggang,0.8240135598676397,Gresik_Balongpanggang
Gresik,Benjeng,0.7859500096308922,Gresik_Benjeng
Gresik,Bungah,0.546668085509262,Gresik_Bungah
Gresik,Cerme,0.7104199474809398,Gresik_Cerme
Gresik,Driyorejo,0.6627973019865205,Gresik_Driyorejo
Gresik,Duduksampeyan,0.698416057145469,Gresik_Duduksampeyan
Gresik,Dukun,0.3939929780659655,Gresik_Dukun
Gresik,Gresik,0.47098204203868355,Gresik_Gresik
Gresik,Kebomas,0.5437692013276227,Gresik_Kebomas
Gresik,Kedamean,0.8025219684008974,Gresik_Kedamean
Gresik,Manyar,0.6411959682679711,Gresik_Manyar
Gresik,Menganti,0.7957835073423307,Gresik_Menganti
Gresik,Panceng,0.4503870187174367,Gresik_Panceng
Gresik,Sangkapura,0.7205570365908605,Gresik_Sangkapura
Gresik,Sidayu,0.4562665551424837,Gresik_Sidayu
Gresik,Tambak,0.7766237159813015,Gresik_Tambak
Gresik,Ujungpangkah,0.4036381976210925,Gresik_Ujungpangkah
Gresik,Wringinanom,0.8730383708610344,Gresik_Wringinanom
Grobogan,Brati,0.6820053053155991,Grobogan_Brati
Grobogan,Gabus,0.8435762770040418,Grobogan_Gabus
Grobogan,Geyer,0.717590454627206,Grobogan_Geyer
Grobogan,Godong,0.7351164623877552,Grobogan_Godong
Grobogan,Grobogan,0.5340097007084635,Grobogan_Grobogan
Grobogan,Gubug,0.7830906042245905,Grobogan_Gubug
Grobogan,Karangrayung,0.813195894214625,Grobogan_Karangrayung
Grobogan,Kedungjati,0.7565108589253885,Grobogan_Kedungjati
Grobogan,Klambu,0.7702797080459862,Grobogan_Klambu
Grobogan,Kradenan,0.7521752292385979,Grobogan_Kradenan
Grobogan,Ngaringan,0.5452558914425794,Grobogan_Ngaringan
Grobogan,Penawangan,0.851965045624264,Grobogan_Penawangan
Grobogan,Pulokulon,0.8473308999098211,Grobogan_Pulokulon
Grobogan,Purwodadi,0.558882990865344,Grobogan_Purwodadi
Grobogan,Tanggungharjo,0.7205481270363623,Grobogan_Tanggungharjo
Grobogan,Tawangharjo,0.4662945154616138,Grobogan_Tawangharjo
Grobogan,Tegowanu,0.6546709249028912,Grobogan_Tegowanu
Grobogan,Toroh,0.8385501022643814,Grobogan_Toroh
Grobogan,Wirosari,0.5441156094335662,Grobogan_Wirosari
Gunungkidul,Gedangsari,0.6226677736821478,Gunungkidul_Gedangsari
Gunungkidul,Girisubo,0.44246373320908106,Gunungkidul_Girisubo
Gunungkidul,Karangmojo,0.6406594503693652,Gunungkidul_Karangmojo
Gunungkidul,Ngawen,0.6355040216605087,Gunungkidul_Ngawen
Gunungkidul,Nglipar,0.6867069791805716,Gunungkidul_Nglipar
Gunungkidul,Paliyan,0.6004993372783615,Gunungkidul_Paliyan
Gunungkidul,Panggang,0.5732867029127344,Gunungkidul_Panggang
Gunungkidul,Patuk,0.6093484457668308,Gunungkidul_Patuk
Gunungkidul,Playen,0.6735263522109347,Gunungkidul_Playen
Gunungkidul,Ponjong,0.7177717893491673,Gunungkidul_Ponjong
Gunungkidul,Purwosari,0.66911681468518,Gunungkidul_Purwosari
Gunungkidul,Rongkop,0.5718939131817617,Gunungkidul_Rongkop
Gunungkidul,Saptosari,0.5600627366241143,Gunungkidul_Saptosari
Gunungkidul,Semanu,0.6171430888770674,Gunungkidul_Semanu
Gunungkidul,Semin,0.6281069449888256,Gunungkidul_Semin
Gunungkidul,Tanjungsari,0.5742397318511097,Gunungkidul_Tanjungsari
Gunungkidul,Tepus,0.46843252010809916,Gunungkidul_Tepus
Gunungkidul,Wonosari,0.6874180708066159,Gunungkidul_Wonosari
Indramayu,Anjatan,0.6962387457313928,Indramayu_Anjatan
Indramayu,Arahan,0.6067014390837913,Indramayu_Arahan
Indramayu,Balongan,0.5751136773357364,Indramayu_Balongan
Indramayu,Bangodua,0.5939019098548508,Indramayu_Bangodua
Indramayu,Bongas,0.6622213260595613,Indramayu_Bongas
Indramayu,Cantigi,0.5984968284982992,Indramayu_Cantigi
Indramayu,Cikedung,0.66010091410997,Indramayu_Cikedung
Indramayu,Gabuswetan,0.6825650428003371,Indramayu_Gabuswetan
Indramayu,Gantar,0.7776027494500065,Indramayu_Gantar
Indramayu,Haurgeulis,0.6473231071560018,Indramayu_Haurgeulis
Indramayu,Indramayu,0.589952623357035,Indramayu_Indramayu
Indramayu,Jatibarang,0.5441281945179001,Indramayu_Jatibarang
Indramayu,Juntinyuat,0.5318831069257539,Indramayu_Juntinyuat
Indramayu,Kandanghaur,0.6146237269266682,Indramayu_Kandanghaur
Indramayu,Karangampel,0.5329993610964199,Indramayu_Karangampel
Indramayu,Kedokan Bunder,0.5536168493271433,Indramayu_Kedokan Bunder
Indramayu,Kertasemaya,0.5715366452175278,Indramayu_Kertasemaya
Indramayu,Krangkeng,0.5445260068363009,Indramayu_Krangkeng
Indramayu,Kroya,0.7024149455120045,Indramayu_Kroya
Indramayu,Lelea,0.5555602746926277,Indramayu_Lelea
Indramayu,Lohbener,0.5994929645346052,Indramayu_Lohbener
Indramayu,Losarang,0.6189657803324978,Indramayu_Losarang
Indramayu,Pasekan,0.6396614436217379,Indramayu_Pasekan
Indramayu,Patrol,0.645227386992093,Indramayu_Patrol
Indramayu,Sindang,0.6347865500512561,Indramayu_Sindang
Indramayu,Sliyeg,0.5522509779436248,Indramayu_Sliyeg
Indramayu,Sukagumiwang,0.6112884764358449,Indramayu_Sukagumiwang
Indramayu,Sukra,0.6077748253724264,Indramayu_Sukra
Indramayu,Terisi,0.7317371945714487,Indramayu_Terisi
Indramayu,Tukdana,0.6002135886988827,Indramayu_Tukdana
Indramayu,Widasari,0.5674535836712308,Indramayu_Widasari
Jember,Ajung,0.6444406492716086,Jember_Ajung
Jember,Ambulu,0.6983679878397181,Jember_Ambulu
Jember,Arjasa,0.38710167025956516,Jember_Arjasa
Jember,Balung,0.6633447777025177,Jember_Balung
Jember,Bangsalsari,0.6567427776557805,Jember_Bangsalsari
Jember,Gumukmas,0.33452739845294044,Jember_Gumukmas
Jember,Jelbuk,0.43952867769346843,Jember_Jelbuk
Jember,Jenggawah,0.6688699398141343,Jember_Jenggawah
Jember,Jombang,0.32679300576444514,Jember_Jombang
Jember,Kalisat,0.5953130674159918,Jember_Kalisat
Jember,Kaliwates,0.5540753947462926,Jember_Kaliwates
Jember,Kencong,0.2989606132773315,Jember_Kencong
Jember,Ledokombo,0.4145550093353497,Jember_Ledokombo
Jember,Mayang,0.5532685635829596,Jember_Mayang
Jember,Mumbulsari,0.5255327801953807,Jember_Mumbulsari
Jember,Pakusari,0.4166142829341153,Jember_Pakusari
Jember,Panti,0.28377229488777506,Jember_Panti
Jember,Patrang,0.48679366055006845,Jember_Patrang
Jember,Puger,0.32066817973907746,Jember_Puger
Jember,Rambipuji,0.787097433873562,Jember_Rambipuji
Jember,Semboro,0.5704153733521381,Jember_Semboro
Jember,Silo,0.5205486559536099,Jember_Silo
Jember,Sukorambi,0.43403172085052893,Jember_Sukorambi
Jember,Sukowono,0.5026014244011922,Jember_Sukowono
Jember,Sumberbaru,0.7590858291082904,Jember_Sumberbaru
Jember,Sumberjambe,0.3450159921949395,Jember_Sumberjambe
Jember,Sumbersari,0.5324450577390386,Jember_Sumbersari
Jember,Tanggul,0.7794148423509915,Jember_Tanggul
Jember,Tempurejo,0.5350988507021014,Jember_Tempurejo
Jember,Umbulsari,0.7447278155367162,Jember_Umbulsari
Jember,Wuluhan,0.5096441411529646,Jember_Wuluhan
Jepara,Bangsri,0.6594533445113789,Jepara_Bangsri
Jepara,Batealit,0.7642846965126376,Jepara_Batealit
Jepara,Donorojo,0.708794114657272,Jepara_Donorojo
Jepara,Jepara,0.8013372379082906,Jepara_Jepara
Jepara,Kalinyamatan,0.9116362688274045,Jepara_Kalinyamatan
Jepara,Karimunjawa,0.30893388612591416,Jepara_Karimunjawa
Jepara,Kedung,0.7838974483033304,Jepara_Kedung
Jepara,Keling,0.5751744503748998,Jepara_Keling
Jepara,Kembang,0.7459700758391936,Jepara_Kembang
Jepara,Mayong,0.7743826373608982,Jepara_Mayong
Jepara,Mlonggo,0.6763841801331133,Jepara_Mlonggo
Jepara,Nalumsari,0.543322633614422,Jepara_Nalumsari
Jepara,Pakis Aji,0.6072089076273136,Jepara_Pakis Aji
Jepara,Pecangaan,0.914265358289854,Jepara_Pecangaan
Jepara,Tahunan,0.8691260784966669,Jepara_Tahunan
Jepara,Welahan,0.7765557180779319,Jepara_Welahan
Jombang,Bandarkedungmulyo,0.8235639734534469,Jombang_Bandarkedungmulyo
Jombang,Bareng,0.8551730924647616,Jombang_Bareng
Jombang,Diwek,0.8005267521636722,Jombang_Diwek
Jombang,Gudo,0.8049397811883111,Jombang_Gudo
Jombang,Jogoroto,0.8960633529687452,Jombang_Jogoroto
Jombang,Jombang,0.824133743455312,Jombang_Jombang
Jombang,Kabuh,0.7918703915495192,Jombang_Kabuh
Jombang,Kesamben,0.8206983020274646,Jombang_Kesamben
Jombang,Kudu,0.8229515398798729,Jombang_Kudu
Jombang,Megaluh,0.8597769036519037,Jombang_Megaluh
Jombang,Mojoagung,0.7710757526114493,Jombang_Mojoagung
Jombang,Mojowarno,0.7520068983752397,Jombang_Mojowarno
Jombang,Ngoro,0.7738227823278895,Jombang_Ngoro
Jombang,Ngusikan,0.7864262299859052,Jombang_Ngusikan
Jombang,Perak,0.8282582417238766,Jombang_Perak
Jombang,Peterongan,0.7722745627953057,Jombang_Peterongan
Jombang,Plandaan,0.8536750633353577,Jombang_Plandaan
Jombang,Ploso,0.8351439126233248,Jombang_Ploso
Jombang,Sumobito,0.7545300014972032,Jombang_Sumobito
Jombang,Tembelang,0.7947303367948022,Jombang_Tembelang
Jombang,Wonosalam,0.6970064327705057,Jombang_Wonosalam
Karanganyar,Colomadu,0.6496955203293437,Karanganyar_Colomadu
Karanganyar,Gondangrejo,0.6832620395943936,Karanganyar_Gondangrejo
Karanganyar,Jaten,0.7115938708186607,Karanganyar_Jaten
Karanganyar,Jatipuro,0.8233660129491658,Karanganyar_Jatipuro
Karanganyar,Jatiyoso,0.7697307247420876,Karanganyar_Jatiyoso
Karanganyar,Jenawi,0.5470367382015886,Karanganyar_Jenawi
Karanganyar,Jumantono,0.7921807583815803,Karanganyar_Jumantono
Karanganyar,Jumapolo,0.8235314439234206,Karanganyar_Jumapolo
Karanganyar,Karanganyar,0.7998115047897545,Karanganyar_Karanganyar
Karanganyar,Karangpandan,0.6083654933202122,Karanganyar_Karangpandan
Karanganyar,Kebakkramat,0.7915902655938538,Karanganyar_Kebakkramat
Karanganyar,Kerjo,0.7192182743877358,Karanganyar_Kerjo
Karanganyar,Matesih,0.6194562555116075,Karanganyar_Matesih
Karanganyar,Mojogedang,0.7833147002532401,Karanganyar_Mojogedang
Karanganyar,Ngargoyoso,0.7528255135188421,Karanganyar_Ngargoyoso
Karanganyar,Tasikmadu,0.7533939269423641,Karanganyar_Tasikmadu
Karanganyar,Tawangmangu,0.7953657628319392,Karanganyar_Tawangmangu
Karawang,Banyusari,0.7225132324933403,Karawang_Banyusari
Karawang,Batujaya,0.6728421524553879,Karawang_Batujaya
Karawang,Ciampel,0.9066487734487734,Karawang_Ciampel
Karawang,Cibuaya,0.7429381709793479,Karawang_Cibuaya
Karawang,Cikampek,0.8873703130203127,Karawang_Cikampek
Karawang,Cilamaya Kulon,0.674310769442116,Karawang_Cilamaya Kulon
Karawang,Cilamaya Wetan,0.692784858605446,Karawang_Cilamaya Wetan
Karawang,Cilebar,0.6547556396218162,Karawang_Cilebar
Karawang,Jatisari,0.7883499765542332,Karawang_Jatisari
Karawang,Jayakerta,0.6897050185109012,Karawang_Jayakerta
Karawang,Karawang Barat,0.7213815312138842,Karawang_Karawang Barat
Karawang,Karawang Timur,0.7624660093002974,Karawang_Karawang Timur
Karawang,Klari,0.7702136802739744,Karawang_Klari
Karawang,Kota Baru,0.8011707906472617,Karawang_Kota Baru
Karawang,Kutawaluya,0.6277727821198408,Karawang_Kutawaluya
Karawang,Lemahabang,0.7533527307692541,Karawang_Lemahabang
Karawang,Majalaya,0.7033210821857885,Karawang_Majalaya
Karawang,Pakisjaya,0.7127482669291493,Karawang_Pakisjaya
Karawang,Pangkalan,0.9353508914418914,Karawang_Pangkalan
Karawang,Pedes,0.7470344380765438,Karawang_Pedes
Karawang,Purwasari,0.7702365084262144,Karawang_Purwasari
Karawang,Rawamerta,0.6752330625257094,Karawang_Rawamerta
Karawang,Rengasdengklok,0.7521058864338275,Karawang_Rengasdengklok
Karawang,Tegalwaru,0.8626894146788885,Karawang_Tegalwaru
Karawang,Telagasari,0.7146213448418557,Karawang_Telagasari
Karawang,Telukjambe Barat,0.9291275494113727,Karawang_Telukjambe Barat
Karawang,Telukjambe Timur,0.9095063890787566,Karawang_Telukjambe Timur
Karawang,Tempuran,0.7064952889131962,Karawang_Tempuran
Karawang,Tirtajaya,0.7304010654550129,Karawang_Tirtajaya
Karawang,Tirtamulya,0.75843803435127,Karawang_Tirtamulya
Kebumen,Adimulyo,0.5156182306843374,Kebumen_Adimulyo
Kebumen,Alian,0.36269756040002893,Kebumen_Alian
Kebumen,Ambal,0.5318700076569346,Kebumen_Ambal
Kebumen,Ayah,0.5357343023161901,Kebumen_Ayah
Kebumen,Bonorowo,0.3849437479617047,Kebumen_Bonorowo
Kebumen,Buayan,0.7409769616639,Kebumen_Buayan
Kebumen,Buluspesantren,0.6470133235852112,Kebumen_Buluspesantren
Kebumen,Gombong,0.6533581528995851,Kebumen_Gombong
Kebumen,Karanganyar,0.5733992228689669,Kebumen_Karanganyar
Kebumen,Karanggayam,0.5557746008033937,Kebumen_Karanggayam
Kebumen,Karangsambung,0.45676930189655324,Kebumen_Karangsambung
Kebumen,Kebumen,0.4746759739204374,Kebumen_Kebumen
Kebumen,Klirong,0.5092487018171395,Kebumen_Klirong
Kebumen,Kutowinangun,0.4146063779357897,Kebumen_Kutowinangun
Kebumen,Kuwarasan,0.5185295365267578,Kebumen_Kuwarasan
Kebumen,Mirit,0.5453618473961426,Kebumen_Mirit
Kebumen,Padureso,0.36848701712803855,Kebumen_Padureso
Kebumen,Pejagoan,0.4166568011276281,Kebumen_Pejagoan
Kebumen,Petanahan,0.6148560432445879,Kebumen_Petanahan
Kebumen,Poncowarno,0.3281260090954433,Kebumen_Poncowarno
Kebumen,Prembun,0.49434195756804894,Kebumen_Prembun
Kebumen,Puring,0.6354686406574953,Kebumen_Puring
Kebumen,Rowokele,0.7346596415253486,Kebumen_Rowokele
Kebumen,Sadang,0.426005673901262,Kebumen_Sadang
Kebumen,Sempor,0.5231458653978941,Kebumen_Sempor
Kebumen,Sruweng,0.4170578742636791,Kebumen_Sruweng
Kediri,Badas,0.7876703159859988,Kediri_Badas
Kediri,Banyakan,0.7653188115392928,Kediri_Banyakan
Kediri,Gampengrejo,0.8150074416598884,Kediri_Gampengrejo
Kediri,Grogol,0.8273717272772559,Kediri_Grogol
Kediri,Gurah,0.6779012695558718,Kediri_Gurah
Kediri,Kandangan,0.6726002267877698,Kediri_Kandangan
Kediri,Kandat,0.789772891351809,Kediri_Kandat
Kediri,Kayen Kidul,0.7519941392246333,Kediri_Kayen Kidul
Kediri,Kepung,0.7535672159944867,Kediri_Kepung
Kediri,Kras,0.6229697485521017,Kediri_Kras
Kediri,Kunjang,0.7880864786085379,Kediri_Kunjang
Kediri,Mojo,0.7583332038876158,Kediri_Mojo
Kediri,Ngadiluwih,0.8295157789084536,Kediri_Ngadiluwih
Kediri,Ngancar,0.6572036344253478,Kediri_Ngancar
Kediri,Ngasem,0.7878171938159544,Kediri_Ngasem
Kediri,Pagu,0.7348689552274124,Kediri_Pagu
Kediri,Papar,0.7811906412933008,Kediri_Papar
Kediri,Pare,0.7962406158787442,Kediri_Pare
Kediri,Plemahan,0.7241956144922845,Kediri_Plemahan
Kediri,Plosoklaten,0.7615668452127565,Kediri_Plosoklaten
Kediri,Puncu,0.7814753612340133,Kediri_Puncu
Kediri,Purwoasri,0.774987465530113,Kediri_Purwoasri
Kediri,Ringinrejo,0.7738246165873577,Kediri_Ringinrejo
Kediri,Semen,0.7879912200420582,Kediri_Semen
Kediri,Tarokan,0.7943356738909078,Kediri_Tarokan
Kediri,Wates,0.6627887147856737,Kediri_Wates
Kendal,Boja,0.8522748869997109,Kendal_Boja
Kendal,Brangsong,0.761859548041462,Kendal_Brangsong
Kendal,Cepiring,0.9062203755394935,Kendal_Cepiring
Kendal,Gemuh,0.873985358035358,Kendal_Gemuh
Kendal,Kaliwungu,0.7939109452094746,Kendal_Kaliwungu
Kendal,Kaliwungu Selatan,0.8793967315364376,Kendal_Kaliwungu Selatan
Kendal,Kangkung,0.8139287865729047,Kendal_Kangkung
Kendal,Kendal,0.77722743132507,Kendal_Kendal
Kendal,Limbangan,0.7922348615436853,Kendal_Limbangan
Kendal,Ngampel,0.9133546758796762,Kendal_Ngampel
Kendal,Pageruyung,0.7597094566296057,Kendal_Pageruyung
Kendal,Patean,0.7897912837293422,Kendal_Patean
Kendal,Patebon,0.6892106691141219,Kendal_Patebon
Kendal,Pegandon,0.8775173546481454,Kendal_Pegandon
Kendal,Plantungan,0.815828188641424,Kendal_Plantungan
Kendal,Ringinarum,0.8572966570304805,Kendal_Ringinarum
Kendal,Rowosari,0.8423046580870108,Kendal_Rowosari
Kendal,Singorojo,0.7761821092740665,Kendal_Singorojo
Kendal,Sukorejo,0.7860705939485354,Kendal_Sukorejo
Kendal,Weleri,0.94570714008214,Kendal_Weleri
Klaten,Bayat,0.798358690439145,Klaten_Bayat
Klaten,Cawas,0.8135014265939179,Klaten_Cawas
Klaten,Ceper,0.7239425045542697,Klaten_Ceper
Klaten,Delanggu,0.7482413398623133,Klaten_Delanggu
Klaten,Gantiwarno,0.6960796890701538,Klaten_Gantiwarno
Klaten,Jatinom,0.7066637143176483,Klaten_Jatinom
Klaten,Jogonalan,0.7123030668361792,Klaten_Jogonalan
Klaten,Juwiring,0.768094630032296,Klaten_Juwiring
Klaten,Kalikotes,0.7691593460895301,Klaten_Kalikotes
Klaten,Karanganom,0.7213993317569951,Klaten_Karanganom
Klaten,Karangdowo,0.7263424086321428,Klaten_Karangdowo
Klaten,Karangnongko,0.6877055502594842,Klaten_Karangnongko
Klaten,Kebonarum,0.7041073869972481,Klaten_Kebonarum
Klaten,Kemalang,0.7291022530902156,Klaten_Kemalang
Klaten,Klaten Selatan,0.7063652962734085,Klaten_Klaten Selatan
Klaten,Klaten Tengah,0.7542492947224994,Klaten_Klaten Tengah
Klaten,Klaten Utara,0.7271403730256678,Klaten_Klaten Utara
Klaten,Manisrenggo,0.7194842609640326,Klaten_Manisrenggo
Klaten,Ngawen,0.732586879297174,Klaten_Ngawen
Klaten,Pedan,0.742484918186389,Klaten_Pedan
Klaten,Polanharjo,0.6980421877572038,Klaten_Polanharjo
Klaten,Prambanan,0.6940505347191732,Klaten_Prambanan
Klaten,Trucuk,0.7667353576361937,Klaten_Trucuk
Klaten,Tulung,0.7978838334933261,Klaten_Tulung
Klaten,Wedi,0.7372995428661687,Klaten_Wedi
Klaten,Wonosari,0.7048182430918007,Klaten_Wonosari
Kota Adm. Jakarta Barat,Cengkareng,0.7542303655494836,Kota Adm. Jakarta Barat_Cengkareng
Kota Adm. Jakarta Barat,Grogol Petamburan,0.7885585096276279,Kota Adm. Jakarta Barat_Grogol Petamburan
Kota Adm. Jakarta Barat,Kalideres,0.7656191452338514,Kota Adm. Jakarta Barat_Kalideres
Kota Adm. Jakarta Barat,Kebon Jeruk,0.784933511912924,Kota Adm. Jakarta Barat_Kebon Jeruk
Kota Adm. Jakarta Barat,Kembangan,0.7981954890807836,Kota Adm. Jakarta Barat_Kembangan
Kota Adm. Jakarta Barat,Pal Merah,0.7640027750027751,Kota Adm. Jakarta Barat_Pal Merah
Kota Adm. Jakarta Barat,Taman Sari,0.7744953169379645,Kota Adm. Jakarta Barat_Taman Sari
Kota Adm. Jakarta Barat,Tambora,0.7821856463797642,Kota Adm. Jakarta Barat_Tambora
Kota Adm. Jakarta Pusat,Cempaka Putih,0.8132101579792758,Kota Adm. Jakarta Pusat_Cempaka Putih
Kota Adm. Jakarta Pusat,Gambir,0.8202903263403262,Kota Adm. Jakarta Pusat_Gambir
Kota Adm. Jakarta Pusat,Johar Baru,0.7749753511194692,Kota Adm. Jakarta Pusat_Johar Baru
Kota Adm. Jakarta Pusat,Kemayoran,0.8068908189849366,Kota Adm. Jakarta Pusat_Kemayoran
Kota Adm. Jakarta Pusat,Menteng,0.8031587102440044,Kota Adm. Jakarta Pusat_Menteng
Kota Adm. Jakarta Pusat,Sawah Besar,0.797455650395356,Kota Adm. Jakarta Pusat_Sawah Besar
Kota Adm. Jakarta Pusat,Senen,0.8078507525154582,Kota Adm. Jakarta Pusat_Senen
Kota Adm. Jakarta Pusat,Tanah Abang,0.8243776994247579,Kota Adm. Jakarta Pusat_Tanah Abang
Kota Adm. Jakarta Selatan,Cilandak,0.8230767857959038,Kota Adm. Jakarta Selatan_Cilandak
Kota Adm. Jakarta Selatan,Jagakarsa,0.8071118633000988,Kota Adm. Jakarta Selatan_Jagakarsa
Kota Adm. Jakarta Selatan,Kebayoran Baru,0.8102424232630119,Kota Adm. Jakarta Selatan_Kebayoran Baru
Kota Adm. Jakarta Selatan,Kebayoran Lama,0.8380283257592083,Kota Adm. Jakarta Selatan_Kebayoran Lama
Kota Adm. Jakarta Selatan,Mampang Prapatan,0.8323935363655955,Kota Adm. Jakarta Selatan_Mampang Prapatan
Kota Adm. Jakarta Selatan,Pancoran,0.833266506369448,Kota Adm. Jakarta Selatan_Pancoran
Kota Adm. Jakarta Selatan,Pasar Minggu,0.8236910638381228,Kota Adm. Jakarta Selatan_Pasar Minggu
Kota Adm. Jakarta Selatan,Pesanggrahan,0.8322780660515962,Kota Adm. Jakarta Selatan_Pesanggrahan
Kota Adm. Jakarta Selatan,Setiabudi,0.8236154388095565,Kota Adm. Jakarta Selatan_Setiabudi
Kota Adm. Jakarta Selatan,Tebet,0.8226986880766292,Kota Adm. Jakarta Selatan_Tebet
Kota Adm. Jakarta Timur,Cakung,0.8314303647333064,Kota Adm. Jakarta Timur_Cakung
Kota Adm. Jakarta Timur,Cipayung,0.8657912056897353,Kota Adm. Jakarta Timur_Cipayung
Kota Adm. Jakarta Timur,Ciracas,0.7992737055428237,Kota Adm. Jakarta Timur_Ciracas
Kota Adm. Jakarta Timur,Duren Sawit,0.8088409655703774,Kota Adm. Jakarta Timur_Duren Sawit
Kota Adm. Jakarta Timur,Jatinegara,0.8152304199068906,Kota Adm. Jakarta Timur_Jatinegara
Kota Adm. Jakarta Timur,Kramatjati,0.8246214652994065,Kota Adm. Jakarta Timur_Kramatjati
Kota Adm. Jakarta Timur,Makasar,0.8449905341390638,Kota Adm. Jakarta Timur_Makasar
Kota Adm. Jakarta Timur,Matraman,0.7839769039783748,Kota Adm. Jakarta Timur_Matraman
Kota Adm. Jakarta Timur,Pasar Rebo,0.818381963624611,Kota Adm. Jakarta Timur_Pasar Rebo
Kota Adm. Jakarta Timur,Pulogadung,0.8131569917011096,Kota Adm. Jakarta Timur_Pulogadung
Kota Adm. Jakarta Utara,Cilincing,0.7947726676917855,Kota Adm. Jakarta Utara_Cilincing
Kota Adm. Jakarta Utara,Kelapa Gading,0.8303396045131345,Kota Adm. Jakarta Utara_Kelapa Gading
Kota Adm. Jakarta Utara,Koja,0.7948133742074924,Kota Adm. Jakarta Utara_Koja
Kota Adm. Jakarta Utara,Pademangan,0.7536022756655111,Kota Adm. Jakarta Utara_Pademangan
Kota Adm. Jakarta Utara,Penjaringan,0.7393276626967807,Kota Adm. Jakarta Utara_Penjaringan
Kota Adm. Jakarta Utara,Tanjung Priok,0.8003778014469195,Kota Adm. Jakarta Utara_Tanjung Priok
Kota Bandung,Andir,0.7165127806021568,Kota Bandung_Andir
Kota Bandung,Antapani,0.6590877061792694,Kota Bandung_Antapani
Kota Bandung,Arcamanik,0.691908631774388,Kota Bandung_Arcamanik
Kota Bandung,Astana Anyar,0.7337529930031141,Kota Bandung_Astana Anyar
Kota Bandung,Babakan Ciparay,0.6381370556344241,Kota Bandung_Babakan Ciparay
Kota Bandung,Bandung Kidul,0.6622940911341836,Kota Bandung_Bandung Kidul
Kota Bandung,Bandung Kulon,0.6631719336734815,Kota Bandung_Bandung Kulon
Kota Bandung,Bandung Wetan,0.6489194327859958,Kota Bandung_Bandung Wetan
Kota Bandung,Batununggal,0.6862686352175513,Kota Bandung_Batununggal
Kota Bandung,Bojongloa Kaler,0.60320241352215,Kota Bandung_Bojongloa Kaler
Kota Bandung,Bojongloa Kidul,0.6416184441289702,Kota Bandung_Bojongloa Kidul
Kota Bandung,Buahbatu,0.6272188735756844,Kota Bandung_Buahbatu
Kota Bandung,Cibeunying Kaler,0.7403887117784174,Kota Bandung_Cibeunying Kaler
Kota Bandung,Cibeunying Kidul,0.6910105291079747,Kota Bandung_Cibeunying Kidul
Kota Bandung,Cibiru,0.7208048541413868,Kota Bandung_Cibiru
Kota Bandung,Cicendo,0.6478769653119496,Kota Bandung_Cicendo
Kota Bandung,Cidadap,0.7727962653359715,Kota Bandung_Cidadap
Kota Bandung,Cinambo,0.6963038910366308,Kota Bandung_Cinambo
Kota Bandung,Coblong,0.7162113602084187,Kota Bandung_Coblong
Kota Bandung,Gedebage,0.7480054685510569,Kota Bandung_Gedebage
Kota Bandung,Kiaracondong,0.6971636512110969,Kota Bandung_Kiaracondong
Kota Bandung,Lengkong,0.6672641896631057,Kota Bandung_Lengkong
Kota Bandung,Mandalajati,0.730360331661802,Kota Bandung_Mandalajati
Kota Bandung,Panyileukan,0.6946894966144964,Kota Bandung_Panyileukan
Kota Bandung,Rancasari,0.6741829969995607,Kota Bandung_Rancasari
Kota Bandung,Regol,0.6636280544361037,Kota Bandung_Regol
Kota Bandung,Sukajadi,0.6902925092795059,Kota Bandung_Sukajadi
Kota Bandung,Sukasari,0.6649544506061532,Kota Bandung_Sukasari
Kota Bandung,Sumur Bandung,0.7223023368616245,Kota Bandung_Sumur Bandung
Kota Bandung,Ujungberung,0.7369483390792212,Kota Bandung_Ujungberung
Kota Banjar,Banjar,0.7488256705245421,Kota Banjar_Banjar
Kota Banjar,Langensari,0.7321811363702233,Kota Banjar_Langensari
Kota Banjar,Pataruman,0.7416095563322129,Kota Banjar_Pataruman
Kota Banjar,Purwaharja,0.799398533002945,Kota Banjar_Purwaharja
Kota Batu,Batu,0.6571705790253776,Kota Batu_Batu
Kota Batu,Bumiaji,0.7627411746749979,Kota Batu_Bumiaji
Kota Batu,Junrejo,0.5319086436786861,Kota Batu_Junrejo
Kota Bekasi,Bantargebang,0.8787289202627442,Kota Bekasi_Bantargebang
Kota Bekasi,Bekasi Barat,0.8650181731581112,Kota Bekasi_Bekasi Barat
Kota Bekasi,Bekasi Selatan,0.8740249413898797,Kota Bekasi_Bekasi Selatan
Kota Bekasi,Bekasi Timur,0.8647231921673095,Kota Bekasi_Bekasi Timur
Kota Bekasi,Bekasi Utara,0.7929191804927095,Kota Bekasi_Bekasi Utara
Kota Bekasi,Jatiasih,0.9096352715911542,Kota Bekasi_Jatiasih
Kota Bekasi,Jatisampurna,0.8512673086717203,Kota Bekasi_Jatisampurna
Kota Bekasi,Medansatria,0.8138903519682935,Kota Bekasi_Medansatria
Kota Bekasi,Mustikajaya,0.8563076683120803,Kota Bekasi_Mustikajaya
Kota Bekasi,Pondokgede,0.8173668646712766,Kota Bekasi_Pondokgede
Kota Bekasi,Pondokmelati,0.8557778967764265,Kota Bekasi_Pondokmelati
Kota Bekasi,Rawalumbu,0.8038376504214743,Kota Bekasi_Rawalumbu
Kota Blitar,Kepanjenkidul,0.798524506403424,Kota Blitar_Kepanjenkidul
Kota Blitar,Sananwetan,0.7976860974267798,Kota Blitar_Sananwetan
Kota Blitar,Sukorejo,0.8047546362409067,Kota Blitar_Sukorejo
Kota Bogor,Bogor Barat,0.8043287857441391,Kota Bogor_Bogor Barat
Kota Bogor,Bogor Selatan,0.8098583948919091,Kota Bogor_Bogor Selatan
Kota Bogor,Bogor Tengah,0.7494447973595031,Kota Bogor_Bogor Tengah
Kota Bogor,Bogor Timur,0.7325825047689597,Kota Bogor_Bogor Timur
Kota Bogor,Bogor Utara,0.7633692986408156,Kota Bogor_Bogor Utara
Kota Bogor,Tanah Sareal,0.6642958985458989,Kota Bogor_Tanah Sareal
Kota Cilegon,Cibeber,0.7083531014192775,Kota Cilegon_Cibeber
Kota Cilegon,Cilegon,0.732124853452795,Kota Cilegon_Cilegon
Kota Cilegon,Citangkil,0.7140705794588148,Kota Cilegon_Citangkil
Kota Cilegon,Ciwandan,0.7654206125956128,Kota Cilegon_Ciwandan
Kota Cilegon,Gerogol,0.7820565439692996,Kota Cilegon_Gerogol
Kota Cilegon,Jombang,0.6831389010771364,Kota Cilegon_Jombang
Kota Cilegon,Pulomerak,0.7962537033228207,Kota Cilegon_Pulomerak
Kota Cilegon,Purwakarta,0.7587582927963437,Kota Cilegon_Purwakarta
Kota Cimahi,Cimahi Selatan,0.7289873271733306,Kota Cimahi_Cimahi Selatan
Kota Cimahi,Cimahi Tengah,0.7644194687493451,Kota Cimahi_Cimahi Tengah
Kota Cimahi,Cimahi Utara,0.737819563597737,Kota Cimahi_Cimahi Utara
Kota Cirebon,Harjamukti,0.8004903124653123,Kota Cirebon_Harjamukti
Kota Cirebon,Kejaksan,0.7176633805736747,Kota Cirebon_Kejaksan
Kota Cirebon,Kesambi,0.7583580228594932,Kota Cirebon_Kesambi
Kota Cirebon,Lemahwungkuk,0.7689246903697837,Kota Cirebon_Lemahwungkuk
Kota Cirebon,Pekalipan,0.7272817452430154,Kota Cirebon_Pekalipan
Kota Depok,Beji,0.8389682857991683,Kota Depok_Beji
Kota Depok,Bojongsari,0.7026531697061108,Kota Depok_Bojongsari
Kota Depok,Cilodong,0.7031105508870217,Kota Depok_Cilodong
Kota Depok,Cimanggis,0.7465017386208564,Kota Depok_Cimanggis
Kota Depok,Cinere,0.7735975479456905,Kota Depok_Cinere
Kota Depok,Cipayung,0.7635934743361218,Kota Depok_Cipayung
Kota Depok,Limo,0.7899809090290515,Kota Depok_Limo
Kota Depok,Pancoran Mas,0.865358000169765,Kota Depok_Pancoran Mas
Kota Depok,Sawangan,0.8061354954556967,Kota Depok_Sawangan
Kota Depok,Sukmajaya,0.8481258068728655,Kota Depok_Sukmajaya
Kota Depok,Tapos,0.7904146257337434,Kota Depok_Tapos
Kota Kediri,Kota,0.7698101265022793,Kota Kediri_Kota
Kota Kediri,Mojoroto,0.7887347818373908,Kota Kediri_Mojoroto
Kota Kediri,Pesantren,0.8148495529255299,Kota Kediri_Pesantren
Kota Madiun,Kartoharjo,0.6835251153949868,Kota Madiun_Kartoharjo
Kota Madiun,Manguharjo,0.633885838566651,Kota Madiun_Manguharjo
Kota Madiun,Taman,0.6953109083049611,Kota Madiun_Taman
Kota Magelang,Magelang Selatan,0.7128413598915703,Kota Magelang_Magelang Selatan
Kota Magelang,Magelang Tengah,0.767117639563051,Kota Magelang_Magelang Tengah
Kota Magelang,Magelang Utara,0.737256330930071,Kota Magelang_Magelang Utara
Kota Malang,Blimbing,0.5935096614788271,Kota Malang_Blimbing
Kota Malang,Kedungkandang,0.5384699767171908,Kota Malang_Kedungkandang
Kota Malang,Klojen,0.6119759615115586,Kota Malang_Klojen
Kota Malang,Lowokwaru,0.6585622166275418,Kota Malang_Lowokwaru
Kota Malang,Sukun,0.6001013718396623,Kota Malang_Sukun
Kota Mojokerto,Kranggan,0.7524518188066026,Kota Mojokerto_Kranggan
Kota Mojokerto,Magersari,0.7685353063268549,Kota Mojokerto_Magersari
Kota Mojokerto,Prajuritkulon,0.7976016219016844,Kota Mojokerto_Prajuritkulon
Kota Pasuruan,Bugul Kidul,0.6236148024382976,Kota Pasuruan_Bugul Kidul
Kota Pasuruan,Gadingrejo,0.689838431657781,Kota Pasuruan_Gadingrejo
Kota Pasuruan,Panggungrejo,0.6051940961429353,Kota Pasuruan_Panggungrejo
Kota Pasuruan,Purworejo,0.656371910495672,Kota Pasuruan_Purworejo
Kota Pekalongan,Pekalongan Barat,0.8968746754879111,Kota Pekalongan_Pekalongan Barat
Kota Pekalongan,Pekalongan Selatan,0.8408291134390213,Kota Pekalongan_Pekalongan Selatan
Kota Pekalongan,Pekalongan Timur,0.8181283447288865,Kota Pekalongan_Pekalongan Timur
Kota Pekalongan,Pekalongan Utara,0.8554338800088795,Kota Pekalongan_Pekalongan Utara
Kota Probolinggo,Kademangan,0.6852341628255795,Kota Probolinggo_Kademangan
Kota Probolinggo,Kanigaran,0.7533970033375351,Kota Probolinggo_Kanigaran
Kota Probolinggo,Kedopok,0.6596330110305118,Kota Probolinggo_Kedopok
Kota Probolinggo,Mayangan,0.562096973975457,Kota Probolinggo_Mayangan
Kota Probolinggo,Wonoasih,0.7537399954829843,Kota Probolinggo_Wonoasih
Kota Salatiga,Argomulyo,0.7650562785859243,Kota Salatiga_Argomulyo
Kota Salatiga,Sidomukti,0.7548288942255058,Kota Salatiga_Sidomukti
Kota Salatiga,Sidorejo,0.7467771179333672,Kota Salatiga_Sidorejo
Kota Salatiga,Tingkir,0.8450679544442492,Kota Salatiga_Tingkir
Kota Semarang,Banyumanik,0.7682276868012161,Kota Semarang_Banyumanik
Kota Semarang,Candisari,0.6883583450318744,Kota Semarang_Candisari
Kota Semarang,Gajahmungkur,0.7632748371292482,Kota Semarang_Gajahmungkur
Kota Semarang,Gayamsari,0.787266065795091,Kota Semarang_Gayamsari
Kota Semarang,Genuk,0.7834774658534418,Kota Semarang_Genuk
Kota Semarang,Gunungpati,0.8032467799760152,Kota Semarang_Gunungpati
Kota Semarang,Mijen,0.7645536655740767,Kota Semarang_Mijen
Kota Semarang,Ngaliyan,0.7535635398800258,Kota Semarang_Ngaliyan
Kota Semarang,Pedurungan,0.8634504804960742,Kota Semarang_Pedurungan
Kota Semarang,Semarang Barat,0.7496769769828591,Kota Semarang_Semarang Barat
Kota Semarang,Semarang Selatan,0.788386727495551,Kota Semarang_Semarang Selatan
Kota Semarang,Semarang Tengah,0.7726464102890573,Kota Semarang_Semarang Tengah
Kota Semarang,Semarang Timur,0.8653626876391585,Kota Semarang_Semarang Timur
Kota Semarang,Semarang Utara,0.7050539139309263,Kota Semarang_Semarang Utara
Kota Semarang,Tembalang,0.7466055723143964,Kota Semarang_Tembalang
Kota Semarang,Tugu,0.8544462438506558,Kota Semarang_Tugu
Kota Serang,Cipocok Jaya,0.7379999570734347,Kota Serang_Cipocok Jaya
Kota Serang,Curug,0.8320123019583923,Kota Serang_Curug
Kota Serang,Kasemen,0.7225563175386703,Kota Serang_Kasemen
Kota Serang,Serang,0.8508544229462047,Kota Serang_Serang
Kota Serang,Taktakan,0.6604209574738988,Kota Serang_Taktakan
Kota Serang,Walantaka,0.83708647839525,Kota Serang_Walantaka
Kota Sukabumi,Baros,0.8417168132987465,Kota Sukabumi_Baros
Kota Sukabumi,Cibeureum,0.7663311484267371,Kota Sukabumi_Cibeureum
Kota Sukabumi,Cikole,0.7916909728145023,Kota Sukabumi_Cikole
Kota Sukabumi,Citamiang,0.7956015411677179,Kota Sukabumi_Citamiang
Kota Sukabumi,Gunung Puyuh,0.751690503349327,Kota Sukabumi_Gunung Puyuh
Kota Sukabumi,Lembursitu,0.7439945820707426,Kota Sukabumi_Lembursitu
Kota Sukabumi,Warudoyong,0.8349512335155191,Kota Sukabumi_Warudoyong
Kota Surabaya,Asem Rowo,0.6530527428797548,Kota Surabaya_Asem Rowo
Kota Surabaya,Benowo,0.5988035286952471,Kota Surabaya_Benowo
Kota Surabaya,Bubutan,0.4382496071266196,Kota Surabaya_Bubutan
Kota Surabaya,Bulak,0.6359569377217205,Kota Surabaya_Bulak
Kota Surabaya,Dukuh Pakis,0.6240600596084341,Kota Surabaya_Dukuh Pakis
Kota Surabaya,Gayungan,0.5260099872359012,Kota Surabaya_Gayungan
Kota Surabaya,Genteng,0.44354898736545856,Kota Surabaya_Genteng
Kota Surabaya,Gubeng,0.4465658992881903,Kota Surabaya_Gubeng
Kota Surabaya,Gunung Anyar,0.510683560101749,Kota Surabaya_Gunung Anyar
Kota Surabaya,Jambangan,0.5118035483951893,Kota Surabaya_Jambangan
Kota Surabaya,Karang Pilang,0.49209190890040805,Kota Surabaya_Karang Pilang
Kota Surabaya,Kenjeran,0.46364243341797495,Kota Surabaya_Kenjeran
Kota Surabaya,Krembangan,0.44760608051219514,Kota Surabaya_Krembangan
Kota Surabaya,Lakarsantri,0.5175397853780205,Kota Surabaya_Lakarsantri
Kota Surabaya,Mulyorejo,0.4702969257780402,Kota Surabaya_Mulyorejo
Kota Surabaya,Pabean Cantian,0.4209197329072718,Kota Surabaya_Pabean Cantian
Kota Surabaya,Pakal,0.5965061566228748,Kota Surabaya_Pakal
Kota Surabaya,Rungkut,0.4070903867288544,Kota Surabaya_Rungkut
Kota Surabaya,Sambikerep,0.6151519056279118,Kota Surabaya_Sambikerep
Kota Surabaya,Sawahan,0.420823010444203,Kota Surabaya_Sawahan
Kota Surabaya,Semampir,0.4541588477140333,Kota Surabaya_Semampir
Kota Surabaya,Simokerto,0.43913838354627815,Kota Surabaya_Simokerto
Kota Surabaya,Sukolilo,0.495012306699149,Kota Surabaya_Sukolilo
Kota Surabaya,Sukomanunggal,0.542005153944782,Kota Surabaya_Sukomanunggal
Kota Surabaya,Tambaksari,0.4397167378716914,Kota Surabaya_Tambaksari
Kota Surabaya,Tandes,0.530149902582797,Kota Surabaya_Tandes
Kota Surabaya,Tegalsari,0.4258246970263997,Kota Surabaya_Tegalsari
Kota Surabaya,Tenggilis Mejoyo,0.47646051374665926,Kota Surabaya_Tenggilis Mejoyo
Kota Surabaya,Wiyung,0.4962833842971612,Kota Surabaya_Wiyung
Kota Surabaya,Wonocolo,0.49469027026465084,Kota Surabaya_Wonocolo
Kota Surabaya,Wonokromo,0.4489061016563962,Kota Surabaya_Wonokromo
Kota Surakarta,Banjarsari,0.656600209285538,Kota Surakarta_Banjarsari
Kota Surakarta,Jebres,0.7203446813339566,Kota Surakarta_Jebres
Kota Surakarta,Laweyan,0.7176280791447972,Kota Surakarta_Laweyan
Kota Surakarta,Pasar Kliwon,0.5410506371855993,Kota Surakarta_Pasar Kliwon
Kota Surakarta,Serengan,0.5668718244091087,Kota Surakarta_Serengan
Kota Tangerang,Batuceper,0.779011007130125,Kota Tangerang_Batuceper
Kota Tangerang,Benda,0.7900474058621121,Kota Tangerang_Benda
Kota Tangerang,Cibodas,0.8506672546407843,Kota Tangerang_Cibodas
Kota Tangerang,Ciledug,0.882594640163758,Kota Tangerang_Ciledug
Kota Tangerang,Cipondoh,0.7874959586165469,Kota Tangerang_Cipondoh
Kota Tangerang,Jatiuwung,0.7648432853094622,Kota Tangerang_Jatiuwung
Kota Tangerang,Karang Tengah,0.7473574254177197,Kota Tangerang_Karang Tengah
Kota Tangerang,Karawaci,0.7661330517521695,Kota Tangerang_Karawaci
Kota Tangerang,Larangan,0.8106018812886462,Kota Tangerang_Larangan
Kota Tangerang,Neglasari,0.73136017903665,Kota Tangerang_Neglasari
Kota Tangerang,Periuk,0.7536754325911451,Kota Tangerang_Periuk
Kota Tangerang,Pinang,0.8852433722433719,Kota Tangerang_Pinang
Kota Tangerang,Tangerang,0.7963423137320202,Kota Tangerang_Tangerang
Kota Tangerang Selatan,Ciputat,0.8033879413070592,Kota Tangerang Selatan_Ciputat
Kota Tangerang Selatan,Ciputat Timur,0.8237594717374129,Kota Tangerang Selatan_Ciputat Timur
Kota Tangerang Selatan,Pamulang,0.7925266129295542,Kota Tangerang Selatan_Pamulang
Kota Tangerang Selatan,Pondok Aren,0.780914435237965,Kota Tangerang Selatan_Pondok Aren
Kota Tangerang Selatan,Serpong,0.7746480865346624,Kota Tangerang Selatan_Serpong
Kota Tangerang Selatan,Serpong Utara,0.8181712919433507,Kota Tangerang Selatan_Serpong Utara
Kota Tangerang Selatan,Setu,0.7891187168159741,Kota Tangerang Selatan_Setu
Kota Tasikmalaya,Bungursari,0.7136527959102155,Kota Tasikmalaya_Bungursari
Kota Tasikmalaya,Cibeureum,0.8096662868177573,Kota Tasikmalaya_Cibeureum
Kota Tasikmalaya,Cihideung,0.7745788544063056,Kota Tasikmalaya_Cihideung
Kota Tasikmalaya,Cipedes,0.7934400142341316,Kota Tasikmalaya_Cipedes
Kota Tasikmalaya,Indihiang,0.8179792679043891,Kota Tasikmalaya_Indihiang
Kota Tasikmalaya,Kawalu,0.6753631779446404,Kota Tasikmalaya_Kawalu
Kota Tasikmalaya,Mangkubumi,0.7065700388540288,Kota Tasikmalaya_Mangkubumi
Kota Tasikmalaya,Purbaratu,0.7280216394716397,Kota Tasikmalaya_Purbaratu
Kota Tasikmalaya,Tamansari,0.7801279532558943,Kota Tasikmalaya_Tamansari
Kota Tasikmalaya,Tawang,0.7834019181798588,Kota Tasikmalaya_Tawang
Kota Tegal,Margadana,0.7864334010760478,Kota Tegal_Margadana
Kota Tegal,Tegal Barat,0.7510568608206379,Kota Tegal_Tegal Barat
Kota Tegal,Tegal Selatan,0.7110593540446483,Kota Tegal_Tegal Selatan
Kota Tegal,Tegal Timur,0.8465694921091982,Kota Tegal_Tegal Timur
Kota Yogyakarta,Danurejan,0.6181367849584416,Kota Yogyakarta_Danurejan
Kota Yogyakarta,Gedongtengen,0.6027258124916018,Kota Yogyakarta_Gedongtengen
Kota Yogyakarta,Gondokusuman,0.6251057465912031,Kota Yogyakarta_Gondokusuman
Kota Yogyakarta,Gondomanan,0.5137028485016876,Kota Yogyakarta_Gondomanan
Kota Yogyakarta,Jetis,0.5902795604749788,Kota Yogyakarta_Jetis
Kota Yogyakarta,Kotagede,0.5088740250977094,Kota Yogyakarta_Kotagede
Kota Yogyakarta,Kraton,0.49184534019472115,Kota Yogyakarta_Kraton
Kota Yogyakarta,Mantrijeron,0.5298313171186086,Kota Yogyakarta_Mantrijeron
Kota Yogyakarta,Mergangsan,0.5270946491846648,Kota Yogyakarta_Mergangsan
Kota Yogyakarta,Ngampilan,0.4746304970313484,Kota Yogyakarta_Ngampilan
Kota Yogyakarta,Pakualaman,0.6128090690469019,Kota Yogyakarta_Pakualaman
Kota Yogyakarta,Tegalrejo,0.645528948047137,Kota Yogyakarta_Tegalrejo
Kota Yogyakarta,Umbulharjo,0.5215987673145569,Kota Yogyakarta_Umbulharjo
Kota Yogyakarta,Wirobrajan,0.502198600909809,Kota Yogyakarta_Wirobrajan
Kudus,Bae,0.514204624356025,Kudus_Bae
Kudus,Dawe,0.5051609453367184,Kudus_Dawe
Kudus,Gebog,0.5220072456679405,Kudus_Gebog
Kudus,Jati,0.7185377553298281,Kudus_Jati
Kudus,Jekulo,0.5114265123873897,Kudus_Jekulo
Kudus,Kaliwungu,0.8668014170140258,Kudus_Kaliwungu
Kudus,Kota Kudus,0.6430678013796672,Kudus_Kota Kudus
Kudus,Mejobo,0.6752590975775425,Kudus_Mejobo
Kudus,Undaan,0.7406696062924006,Kudus_Undaan
Kulon Progo,Galur,0.7870545316380232,Kulon Progo_Galur
Kulon Progo,Girimulyo,0.7123243041482246,Kulon Progo_Girimulyo
Kulon Progo,Kalibawang,0.7805774570140682,Kulon Progo_Kalibawang
Kulon Progo,Kokap,0.46503790133155437,Kulon Progo_Kokap
Kulon Progo,Lendah,0.7572866605583874,Kulon Progo_Lendah
Kulon Progo,Nanggulan,0.5713872749372051,Kulon Progo_Nanggulan
Kulon Progo,Panjatan,0.48051627698067356,Kulon Progo_Panjatan
Kulon Progo,Pengasih,0.4133500820613742,Kulon Progo_Pengasih
Kulon Progo,Samigaluh,0.7580393822036238,Kulon Progo_Samigaluh
Kulon Progo,Sentolo,0.6126515521431003,Kulon Progo_Sentolo
Kulon Progo,Temon,0.6743554812009502,Kulon Progo_Temon
Kulon Progo,Wates,0.5536343477987439,Kulon Progo_Wates
Kuningan,Ciawigebang,0.8247387036382952,Kuningan_Ciawigebang
Kuningan,Cibeureum,0.8301427971151655,Kuningan_Cibeureum
Kuningan,Cibingbin,0.870235737508106,Kuningan_Cibingbin
Kuningan,Cidahu,0.8412905953654192,Kuningan_Cidahu
Kuningan,Cigandamekar,0.8392082618403036,Kuningan_Cigandamekar
Kuningan,Cigugur,0.7480392041051486,Kuningan_Cigugur
Kuningan,Cilebak,0.8125694160500662,Kuningan_Cilebak
Kuningan,Cilimus,0.8205507208244336,Kuningan_Cilimus
Kuningan,Cimahi,0.8554812006105352,Kuningan_Cimahi
Kuningan,Ciniru,0.760504569613393,Kuningan_Ciniru
Kuningan,Cipicung,0.8179867495016385,Kuningan_Cipicung
Kuningan,Ciwaru,0.765414069100834,Kuningan_Ciwaru
Kuningan,Darma,0.7383711135269958,Kuningan_Darma
Kuningan,Garawangi,0.7808042955541192,Kuningan_Garawangi
Kuningan,Hantara,0.7149784359517333,Kuningan_Hantara
Kuningan,Jalaksana,0.7291481464613814,Kuningan_Jalaksana
Kuningan,Japara,0.8011166085314978,Kuningan_Japara
Kuningan,Kadugede,0.8087463916932741,Kuningan_Kadugede
Kuningan,Kalimanggis,0.7928836920176489,Kuningan_Kalimanggis
Kuningan,Karang Kancana,0.8168847926669137,Kuningan_Karang Kancana
Kuningan,Kramatmulya,0.8025880697864229,Kuningan_Kramatmulya
Kuningan,Kuningan,0.7833656665446701,Kuningan_Kuningan
Kuningan,Lebakwangi,0.8034798149562854,Kuningan_Lebakwangi
Kuningan,Luragung,0.8220411839924784,Kuningan_Luragung
Kuningan,Maleber,0.7587457260060202,Kuningan_Maleber
Kuningan,Mandirancan,0.8356412972414807,Kuningan_Mandirancan
Kuningan,Nusaherang,0.7664723973738682,Kuningan_Nusaherang
Kuningan,Pancalang,0.8535988253233169,Kuningan_Pancalang
Kuningan,Pasawahan,0.814429038954532,Kuningan_Pasawahan
Kuningan,Selajambe,0.8003571293086001,Kuningan_Selajambe
Kuningan,Sindangagung,0.7751361432451501,Kuningan_Sindangagung
Kuningan,Subang,0.8050706945015768,Kuningan_Subang
Lamongan,Babat,0.8128394265864857,Lamongan_Babat
Lamongan,Bluluk,0.7686580887993205,Lamongan_Bluluk
Lamongan,Brondong,0.5044690930156874,Lamongan_Brondong
Lamongan,Deket,0.5262549114442376,Lamongan_Deket
Lamongan,Glagah,0.45070661891428143,Lamongan_Glagah
Lamongan,Kalitengah,0.5871771919772694,Lamongan_Kalitengah
Lamongan,Karangbinangun,0.6891530975276497,Lamongan_Karangbinangun
Lamongan,Karanggeneng,0.47742253207748586,Lamongan_Karanggeneng
Lamongan,Kedungpring,0.9022354751457687,Lamongan_Kedungpring
Lamongan,Kembangbahu,0.8122334613424398,Lamongan_Kembangbahu
Lamongan,Lamongan,0.7860856818601403,Lamongan_Lamongan
Lamongan,Laren,0.5261127170275168,Lamongan_Laren
Lamongan,Maduran,0.7100850988880403,Lamongan_Maduran
Lamongan,Mantup,0.7909125736044466,Lamongan_Mantup
Lamongan,Modo,0.7611630753160715,Lamongan_Modo
Lamongan,Ngimbang,0.8035636608076022,Lamongan_Ngimbang
Lamongan,Paciran,0.531153794073144,Lamongan_Paciran
Lamongan,Pucuk,0.6650569034747829,Lamongan_Pucuk
Lamongan,Sambeng,0.8042654893581369,Lamongan_Sambeng
Lamongan,Sarirejo,0.627339861433208,Lamongan_Sarirejo
Lamongan,Sekaran,0.6629087646014118,Lamongan_Sekaran
Lamongan,Solokuro,0.4751302592402437,Lamongan_Solokuro
Lamongan,Sugio,0.795266541181557,Lamongan_Sugio
Lamongan,Sukodadi,0.7997839791510852,Lamongan_Sukodadi
Lamongan,Sukorame,0.849895634920635,Lamongan_Sukorame
Lamongan,Tikung,0.6877498062395122,Lamongan_Tikung
Lamongan,Turi,0.5577789367924819,Lamongan_Turi
Lebak,Banjarsari,0.8086553677001133,Lebak_Banjarsari
Lebak,Bayah,0.5973481815570048,Lebak_Bayah
Lebak,Bojongmanik,0.6823316483875655,Lebak_Bojongmanik
Lebak,Cibadak,0.8366989362735094,Lebak_Cibadak
Lebak,Cibeber,0.7620111222149186,Lebak_Cibeber
Lebak,Cigemlong,0.48469175431130984,Lebak_Cigemlong
Lebak,Cihara,0.5489983055729961,Lebak_Cihara
Lebak,Cijaku,0.4529205602099633,Lebak_Cijaku
Lebak,Cikulur,0.7233216834687552,Lebak_Cikulur
Lebak,Cileles,0.6678528566942227,Lebak_Cileles
Lebak,Cilograng,0.6109734041758037,Lebak_Cilograng
Lebak,Cimarga,0.6463602208259194,Lebak_Cimarga
Lebak,Cipanas,0.8835122333315346,Lebak_Cipanas
Lebak,Cirinten,0.6022710476228273,Lebak_Cirinten
Lebak,Curug Bitung,0.8069341485442666,Lebak_Curug Bitung
Lebak,Gunungkencana,0.49361459751978304,Lebak_Gunungkencana
Lebak,Kalanganyar,0.7719470090367154,Lebak_Kalanganyar
Lebak,Lebakgedong,0.7622722456937627,Lebak_Lebakgedong
Lebak,Leuwidamar,0.7703616830116963,Lebak_Leuwidamar
Lebak,Maja,0.8349550744294714,Lebak_Maja
Lebak,Malingping,0.37688798069362284,Lebak_Malingping
Lebak,Muncang,0.7942467988762237,Lebak_Muncang
Lebak,Panggarangan,0.5681480387417772,Lebak_Panggarangan
Lebak,Rangkasbitung,0.7183468383096097,Lebak_Rangkasbitung
Lebak,Sajira,0.8407129430126112,Lebak_Sajira
Lebak,Sobang,0.7541604041184387,Lebak_Sobang
Lebak,Wanasalam,0.6284317109943197,Lebak_Wanasalam
Lebak,Warunggunung,0.6938673286732244,Lebak_Warunggunung
Lumajang,Candipuro,0.5158515080467165,Lumajang_Candipuro
Lumajang,Gucialit,0.20488982785360502,Lumajang_Gucialit
Lumajang,Jatiroto,0.5053514764561204,Lumajang_Jatiroto
Lumajang,Kedungjajang,0.5265956452795976,Lumajang_Kedungjajang
Lumajang,Klakah,0.3922733931338334,Lumajang_Klakah
Lumajang,Kunir,0.49832900952676495,Lumajang_Kunir
Lumajang,Lumajang,0.489574691519351,Lumajang_Lumajang
Lumajang,Padang,0.2899501311553941,Lumajang_Padang
Lumajang,Pasirian,0.4831161239301029,Lumajang_Pasirian
Lumajang,Pasrujambe,0.23301813186813186,Lumajang_Pasrujambe
Lumajang,Pronojiwo,0.7833947642964245,Lumajang_Pronojiwo
Lumajang,Randuagung,0.5263157930648644,Lumajang_Randuagung
Lumajang,Ranuyoso,0.41730223060355315,Lumajang_Ranuyoso
Lumajang,Rowokangkung,0.4802984439798318,Lumajang_Rowokangkung
Lumajang,Senduro,0.23611665834165835,Lumajang_Senduro
Lumajang,Sukodono,0.5453789488874714,Lumajang_Sukodono
Lumajang,Sumbersuko,0.42527365490638025,Lumajang_Sumbersuko
Lumajang,Tekung,0.4369024886362349,Lumajang_Tekung
Lumajang,Tempeh,0.5483962438385885,Lumajang_Tempeh
Lumajang,Tempursari,0.7016904796722331,Lumajang_Tempursari
Lumajang,Yosowilangun,0.4496273949992216,Lumajang_Yosowilangun
Madiun,Balerejo,0.5051850746161192,Madiun_Balerejo
Madiun,Dagangan,0.551114909316977,Madiun_Dagangan
Madiun,Dolopo,0.6098307133350888,Madiun_Dolopo
Madiun,Geger,0.5799545384700732,Madiun_Geger
Madiun,Gemarang,0.7991909005854829,Madiun_Gemarang
Madiun,Jiwan,0.4926734099243239,Madiun_Jiwan
Madiun,Kare,0.6130531266583061,Madiun_Kare
Madiun,Kebonsari,0.3955705896412855,Madiun_Kebonsari
Madiun,Madiun,0.6191240283927895,Madiun_Madiun
Madiun,Mejayan,0.7679156881226671,Madiun_Mejayan
Madiun,Pilangkenceng,0.9020346527858418,Madiun_Pilangkenceng
Madiun,Saradan,0.8277094802218055,Madiun_Saradan
Madiun,Sawahan,0.5236918745155664,Madiun_Sawahan
Madiun,Wonoasri,0.847305153019473,Madiun_Wonoasri
Madiun,Wungu,0.6417744901995526,Madiun_Wungu
Magelang,Bandongan,0.8174108645135625,Magelang_Bandongan
Magelang,Borobudur,0.7725911993537932,Magelang_Borobudur
Magelang,Candimulyo,0.8219468637073534,Magelang_Candimulyo
Magelang,Dukun,0.8223794900256489,Magelang_Dukun
Magelang,Grabag,0.7824655114424868,Magelang_Grabag
Magelang,Kajoran,0.5789853859762527,Magelang_Kajoran
Magelang,Kaliangkrik,0.7426722600928484,Magelang_Kaliangkrik
Magelang,Mertoyudan,0.7434821475909713,Magelang_Mertoyudan
Magelang,Mungkid,0.7793086643706654,Magelang_Mungkid
Magelang,Muntilan,0.7353326384699227,Magelang_Muntilan
Magelang,Ngablak,0.7551047804035519,Magelang_Ngablak
Magelang,Ngluwar,0.8230505469656122,Magelang_Ngluwar
Magelang,Pakis,0.6948253842438686,Magelang_Pakis
Magelang,Salam,0.8100250473018776,Magelang_Salam
Magelang,Salaman,0.5930133360299882,Magelang_Salaman
Magelang,Sawangan,0.8335690793942901,Magelang_Sawangan
Magelang,Secang,0.7695003157093345,Magelang_Secang
Magelang,Srumbung,0.7947701335324686,Magelang_Srumbung
Magelang,Tegalrejo,0.7738926700182523,Magelang_Tegalrejo
Magelang,Tempuran,0.6021592238483144,Magelang_Tempuran
Magelang,Windusari,0.7616976028873081,Magelang_Windusari
Magetan,Barat,0.6294362851630656,Magetan_Barat
Magetan,Bendo,0.49934191739724304,Magetan_Bendo
Magetan,Karangrejo,0.5697201197924887,Magetan_Karangrejo
Magetan,Karas,0.6682245594275011,Magetan_Karas
Magetan,Kartoharjo,0.5761418999443304,Magetan_Kartoharjo
Magetan,Kawedanan,0.5260809891230086,Magetan_Kawedanan
Magetan,Lembeyan,0.3956489022780045,Magetan_Lembeyan
Magetan,Magetan,0.5731683681381888,Magetan_Magetan
Magetan,Maospati,0.5283089900224813,Magetan_Maospati
Magetan,Ngariboyo,0.5497796794278994,Magetan_Ngariboyo
Magetan,Nguntoronadi,0.3908503563086381,Magetan_Nguntoronadi
Magetan,Panekan,0.768638233911148,Magetan_Panekan
Magetan,Parang,0.7382928088811781,Magetan_Parang
Magetan,Plaosan,0.7486563671622494,Magetan_Plaosan
Magetan,Poncol,0.7339261021459014,Magetan_Poncol
Magetan,Sidorejo,0.7601190532909358,Magetan_Sidorejo
Magetan,Sukomoro,0.566312611683122,Magetan_Sukomoro
Magetan,Takeran,0.46894946511177155,Magetan_Takeran
Majalengka,Argapura,0.761339100940339,Majalengka_Argapura
Majalengka,Banjaran,0.8337023424504626,Majalengka_Banjaran
Majalengka,Bantarujeg,0.8164902667294862,Majalengka_Bantarujeg
Majalengka,Cigasong,0.8397259622690585,Majalengka_Cigasong
Majalengka,Cikijing,0.8871625531331414,Majalengka_Cikijing
Majalengka,Cingambul,0.8717472679412085,Majalengka_Cingambul
Majalengka,Dawuan,0.8075584840540715,Majalengka_Dawuan
Majalengka,Jatitujuh,0.6782768300064399,Majalengka_Jatitujuh
Majalengka,Jatiwangi,0.6943978924670101,Majalengka_Jatiwangi
Majalengka,Kadipaten,0.8511662006739286,Majalengka_Kadipaten
Majalengka,Kasokandel,0.7676684108841666,Majalengka_Kasokandel
Majalengka,Kertajati,0.784252588752676,Majalengka_Kertajati
Majalengka,Lemahsugih,0.7963424332334329,Majalengka_Lemahsugih
Majalengka,Leuwimunding,0.8182128028527955,Majalengka_Leuwimunding
Majalengka,Ligung,0.7803623225307281,Majalengka_Ligung
Majalengka,Maja,0.8256034905971218,Majalengka_Maja
Majalengka,Majalengka,0.8544960911846475,Majalengka_Majalengka
Majalengka,Malausma,0.7381155679140489,Majalengka_Malausma
Majalengka,Palasah,0.7549954020454019,Majalengka_Palasah
Majalengka,Panyingkiran,0.8970449263155141,Majalengka_Panyingkiran
Majalengka,Rajagaluh,0.827470921212281,Majalengka_Rajagaluh
Majalengka,Sindang,0.8308088401646735,Majalengka_Sindang
Majalengka,Sindangwangi,0.8531283946212251,Majalengka_Sindangwangi
Majalengka,Sukahaji,0.826300995195507,Majalengka_Sukahaji
Majalengka,Sumberjaya,0.8533140892254333,Majalengka_Sumberjaya
Majalengka,Talaga,0.9060281437647316,Majalengka_Talaga
Malang,Ampelgading,0.3517564247055627,Malang_Ampelgading
Malang,Bantur,0.3802316481571039,Malang_Bantur
Malang,Bululawang,0.34001819753265655,Malang_Bululawang
Malang,Dampit,0.7330562553079931,Malang_Dampit
Malang,Dau,0.6017729898439225,Malang_Dau
Malang,Donomulyo,0.44117848765403606,Malang_Donomulyo
Malang,Gedangan,0.18302562032872324,Malang_Gedangan
Malang,Gondanglegi,0.3679586913086912,Malang_Gondanglegi
Malang,Jabung,0.46993505231818306,Malang_Jabung
Malang,Kalipare,0.6250800256255498,Malang_Kalipare
Malang,Karangploso,0.663730663330108,Malang_Karangploso
Malang,Kasembon,0.7043516097261664,Malang_Kasembon
Malang,Kepanjen,0.5822893237295789,Malang_Kepanjen
Malang,Kromengan,0.5894204562365631,Malang_Kromengan
Malang,Lawang,0.7850994309146367,Malang_Lawang
Malang,Ngajum,0.36528690847330597,Malang_Ngajum
Malang,Ngantang,0.7279391933106193,Malang_Ngantang
Malang,Pagak,0.5837965863324841,Malang_Pagak
Malang,Pagelaran,0.35809002273096696,Malang_Pagelaran
Malang,Pakis,0.7275502714731391,Malang_Pakis
Malang,Pakisaji,0.42139490701077364,Malang_Pakisaji
Malang,Poncokusumo,0.34512017414397045,Malang_Poncokusumo
Malang,Pujon,0.7514413344911022,Malang_Pujon
Malang,Singosari,0.7263864073070089,Malang_Singosari
Malang,Sumbermanjing Wetan,0.2516606740950462,Malang_Sumbermanjing Wetan
Malang,Sumberpucung,0.6455515202064204,Malang_Sumberpucung
Malang,Tajinan,0.44033926611738183,Malang_Tajinan
Malang,Tirtoyudo,0.36897260574674345,Malang_Tirtoyudo
Malang,Tumpang,0.4801641588089902,Malang_Tumpang
Malang,Turen,0.3640028904102435,Malang_Turen
Malang,Wagir,0.4978086910939598,Malang_Wagir
Malang,Wajak,0.38039726379565814,Malang_Wajak
Malang,Wonosari,0.48540492177127414,Malang_Wonosari
Mojokerto,Bangsal,0.8205049762863112,Mojokerto_Bangsal
Mojokerto,Dawarblandong,0.8743603106142394,Mojokerto_Dawarblandong
Mojokerto,Dlanggu,0.7443402633588868,Mojokerto_Dlanggu
Mojokerto,Gedeg,0.7747884227322932,Mojokerto_Gedeg
Mojokerto,Gondang,0.8259183103150457,Mojokerto_Gondang
Mojokerto,Jatirejo,0.72068247912697,Mojokerto_Jatirejo
Mojokerto,Jetis,0.7829805141520311,Mojokerto_Jetis
Mojokerto,Kemlagi,0.7894364122711002,Mojokerto_Kemlagi
Mojokerto,Kutorejo,0.7076669812488396,Mojokerto_Kutorejo
Mojokerto,Mojoanyar,0.836505561919271,Mojokerto_Mojoanyar
Mojokerto,Mojosari,0.805214429672449,Mojokerto_Mojosari
Mojokerto,Ngoro,0.8009530622689884,Mojokerto_Ngoro
Mojokerto,Pacet,0.6796769505611724,Mojokerto_Pacet
Mojokerto,Pungging,0.853855425975068,Mojokerto_Pungging
Mojokerto,Puri,0.7591579092924275,Mojokerto_Puri
Mojokerto,Sooko,0.7248122385285396,Mojokerto_Sooko
Mojokerto,Trawas,0.6547879928942486,Mojokerto_Trawas
Mojokerto,Trowulan,0.7243927829742897,Mojokerto_Trowulan
Nan,Nan,0.5628266523337346,Nan_Nan
Nganjuk,Bagor,0.891127216737511,Nganjuk_Bagor
Nganjuk,Baron,0.9123036637527723,Nganjuk_Baron
Nganjuk,Berbek,0.884563173251929,Nganjuk_Berbek
Nganjuk,Gondang,0.9072900545186577,Nganjuk_Gondang
Nganjuk,Jatikalen,0.8594182615697328,Nganjuk_Jatikalen
Nganjuk,Kertosono,0.7675330806722924,Nganjuk_Kertosono
Nganjuk,Lengkong,0.8456578605093417,Nganjuk_Lengkong
Nganjuk,Loceret,0.852468443353427,Nganjuk_Loceret
Nganjuk,Nganjuk,0.8773718274009074,Nganjuk_Nganjuk
Nganjuk,Ngetos,0.8291170785097258,Nganjuk_Ngetos
Nganjuk,Ngluyu,0.842460538850554,Nganjuk_Ngluyu
Nganjuk,Ngronggot,0.7708699886888255,Nganjuk_Ngronggot
Nganjuk,Pace,0.7734504652472356,Nganjuk_Pace
Nganjuk,Patianrowo,0.8576090970646473,Nganjuk_Patianrowo
Nganjuk,Prambon,0.6881390173447458,Nganjuk_Prambon
Nganjuk,Rejoso,0.8550030319353851,Nganjuk_Rejoso
Nganjuk,Sawahan,0.8398728785919967,Nganjuk_Sawahan
Nganjuk,Sukomoro,0.8623131725643112,Nganjuk_Sukomoro
Nganjuk,Tanjunganom,0.5926459733750834,Nganjuk_Tanjunganom
Nganjuk,Wilangan,0.7324252402526963,Nganjuk_Wilangan
Ngawi,Bringin,0.6829111494103605,Ngawi_Bringin
Ngawi,Geneng,0.696543948939205,Ngawi_Geneng
Ngawi,Gerih,0.6674389866669281,Ngawi_Gerih
Ngawi,Jogorogo,0.47254838985069236,Ngawi_Jogorogo
Ngawi,Karanganyar,0.6626644509687079,Ngawi_Karanganyar
Ngawi,Karangjati,0.8080186553298782,Ngawi_Karangjati
Ngawi,Kasreman,0.6388272853465653,Ngawi_Kasreman
Ngawi,Kedunggalar,0.6841767815559385,Ngawi_Kedunggalar
Ngawi,Kendal,0.5166720378830868,Ngawi_Kendal
Ngawi,Kwadungan,0.5570010126933777,Ngawi_Kwadungan
Ngawi,Mantingan,0.7927183424606805,Ngawi_Mantingan
Ngawi,Ngawi,0.7143979218067228,Ngawi_Ngawi
Ngawi,Ngrambe,0.510349879323073,Ngawi_Ngrambe
Ngawi,Padas,0.7515104728762696,Ngawi_Padas
Ngawi,Pangkur,0.8047856848431925,Ngawi_Pangkur
Ngawi,Paron,0.6842456393579235,Ngawi_Paron
Ngawi,Pitu,0.6643156266849767,Ngawi_Pitu
Ngawi,Sine,0.6395880007220955,Ngawi_Sine
Ngawi,Widodaren,0.7034003903004873,Ngawi_Widodaren
Pacitan,Arjosari,0.6614655132449256,Pacitan_Arjosari
Pacitan,Bandar,0.5522291496085613,Pacitan_Bandar
Pacitan,Donorojo,0.5559622520219303,Pacitan_Donorojo
Pacitan,Kebonagung,0.5285612248862251,Pacitan_Kebonagung
Pacitan,Nawangan,0.613948878086101,Pacitan_Nawangan
Pacitan,Ngadirojo,0.6504381595185,Pacitan_Ngadirojo
Pacitan,Pacitan,0.627208773691049,Pacitan_Pacitan
Pacitan,Pringkuku,0.6811380839834412,Pacitan_Pringkuku
Pacitan,Punung,0.7023048798695867,Pacitan_Punung
Pacitan,Sudimoro,0.617991256421597,Pacitan_Sudimoro
Pacitan,Tegalombo,0.6007937422089064,Pacitan_Tegalombo
Pacitan,Tulakan,0.6263285815367723,Pacitan_Tulakan
Pamekasan,Batumarmar,0.6480252749314674,Pamekasan_Batumarmar
Pamekasan,Galis,0.698241769822885,Pamekasan_Galis
Pamekasan,Kadur,0.6988379452132552,Pamekasan_Kadur
Pamekasan,Larangan,0.7013652779162448,Pamekasan_Larangan
Pamekasan,Pademawu,0.6269341769255855,Pamekasan_Pademawu
Pamekasan,Pakong,0.6479009834936308,Pamekasan_Pakong
Pamekasan,Palengaan,0.6497816370043532,Pamekasan_Palengaan
Pamekasan,Pamekasan,0.5870816344141796,Pamekasan_Pamekasan
Pamekasan,Pasean,0.6234693925785258,Pamekasan_Pasean
Pamekasan,Pegantenan,0.667898526190013,Pamekasan_Pegantenan
Pamekasan,Proppo,0.49661848929364405,Pamekasan_Proppo
Pamekasan,Tlanakan,0.5123263702843424,Pamekasan_Tlanakan
Pamekasan,Waru,0.6368114865956196,Pamekasan_Waru
Pandeglang,Angsana,0.8055839435251614,Pandeglang_Angsana
Pandeglang,Banjar,0.7186382382454148,Pandeglang_Banjar
Pandeglang,Bojong,0.7611333790716492,Pandeglang_Bojong
Pandeglang,Cadasari,0.7069488439795498,Pandeglang_Cadasari
Pandeglang,Carita,0.6662616910914763,Pandeglang_Carita
Pandeglang,Cibaliung,0.7551807019777611,Pandeglang_Cibaliung
Pandeglang,Cibitung,0.7762254064562892,Pandeglang_Cibitung
Pandeglang,Cigeulis,0.7094701979393153,Pandeglang_Cigeulis
Pandeglang,Cikedal,0.635611317072484,Pandeglang_Cikedal
Pandeglang,Cikeusik,0.8283624607128082,Pandeglang_Cikeusik
Pandeglang,Cimanggu,0.6500266333339865,Pandeglang_Cimanggu
Pandeglang,Cimanuk,0.6856173754350222,Pandeglang_Cimanuk
Pandeglang,Cipeucang,0.5856568686952943,Pandeglang_Cipeucang
Pandeglang,Cisata,0.7332475544681426,Pandeglang_Cisata
Pandeglang,Jiput,0.612591087881477,Pandeglang_Jiput
Pandeglang,Kaduhejo,0.5625377469194035,Pandeglang_Kaduhejo
Pandeglang,Karang Tanjung,0.7123253617600147,Pandeglang_Karang Tanjung
Pandeglang,Koroncong,0.6635698650430716,Pandeglang_Koroncong
Pandeglang,Labuan,0.7190035777861625,Pandeglang_Labuan
Pandeglang,Majasari,0.5922138322719598,Pandeglang_Majasari
Pandeglang,Mandalawangi,0.6813719628582637,Pandeglang_Mandalawangi
Pandeglang,Mekarjaya,0.5188073585649012,Pandeglang_Mekarjaya
Pandeglang,Menes,0.616841659157836,Pandeglang_Menes
Pandeglang,Munjul,0.6261646140425553,Pandeglang_Munjul
Pandeglang,Pagelaran,0.6053728376406069,Pandeglang_Pagelaran
Pandeglang,Pandeglang,0.7464363555180191,Pandeglang_Pandeglang
Pandeglang,Panimbang,0.572629720231425,Pandeglang_Panimbang
Pandeglang,Patia,0.6695706432542343,Pandeglang_Patia
Pandeglang,Picung,0.8706999931028174,Pandeglang_Picung
Pandeglang,Pulosari,0.550733628806694,Pandeglang_Pulosari
Pandeglang,Saketi,0.73212347845455,Pandeglang_Saketi
Pandeglang,Sindangresmi,0.8461667735575392,Pandeglang_Sindangresmi
Pandeglang,Sobang,0.7533526500228787,Pandeglang_Sobang
Pandeglang,Sukaresmi,0.6044789454984663,Pandeglang_Sukaresmi
Pandeglang,Sumur,0.4674048481016746,Pandeglang_Sumur
Pangandaran,Cigugur,0.6910615993225898,Pangandaran_Cigugur
Pangandaran,Cijulang,0.6854546319693371,Pangandaran_Cijulang
Pangandaran,Cimerak,0.693712765674298,Pangandaran_Cimerak
Pangandaran,Kalipucang,0.7775186385973293,Pangandaran_Kalipucang
Pangandaran,Langkaplancar,0.7438782620209222,Pangandaran_Langkaplancar
Pangandaran,Mangunjaya,0.7430576555253027,Pangandaran_Mangunjaya
Pangandaran,Padaherang,0.7547977873983184,Pangandaran_Padaherang
Pangandaran,Pangandaran,0.7029803685627656,Pangandaran_Pangandaran
Pangandaran,Parigi,0.7045017903109516,Pangandaran_Parigi
Pangandaran,Sidamulih,0.8410519594359448,Pangandaran_Sidamulih
Pasuruan,Bangil,0.637098054929247,Pasuruan_Bangil
Pasuruan,Beji,0.6275438588960424,Pasuruan_Beji
Pasuruan,Gempol,0.8089427267359283,Pasuruan_Gempol
Pasuruan,Gondangwetan,0.5773451420542753,Pasuruan_Gondangwetan
Pasuruan,Grati,0.8683655054804631,Pasuruan_Grati
Pasuruan,Kejayan,0.675205308693621,Pasuruan_Kejayan
Pasuruan,Kraton,0.5682144032781803,Pasuruan_Kraton
Pasuruan,Lekok,0.7071047320042753,Pasuruan_Lekok
Pasuruan,Lumbang,0.6169077651265029,Pasuruan_Lumbang
Pasuruan,Nguling,0.7569208225733686,Pasuruan_Nguling
Pasuruan,Pandaan,0.7264310784518991,Pasuruan_Pandaan
Pasuruan,Pasrepan,0.5808806209533083,Pasuruan_Pasrepan
Pasuruan,Pohjentrek,0.569250279330233,Pasuruan_Pohjentrek
Pasuruan,Prigen,0.7412621081532842,Pasuruan_Prigen
Pasuruan,Purwodadi,0.7297532683740462,Pasuruan_Purwodadi
Pasuruan,Purwosari,0.7180996637967231,Pasuruan_Purwosari
Pasuruan,Puspo,0.541289015018349,Pasuruan_Puspo
Pasuruan,Rejoso,0.5713387819025592,Pasuruan_Rejoso
Pasuruan,Rembang,0.7104471757999228,Pasuruan_Rembang
Pasuruan,Sukorejo,0.7341124032961663,Pasuruan_Sukorejo
Pasuruan,Tosari,0.5792115917879846,Pasuruan_Tosari
Pasuruan,Tutur,0.5260089257992402,Pasuruan_Tutur
Pasuruan,Winongan,0.7483841356226721,Pasuruan_Winongan
Pasuruan,Wonorejo,0.7564883445604035,Pasuruan_Wonorejo
Pati,Batangan,0.5457589225975376,Pati_Batangan
Pati,Cluwak,0.5928709909229425,Pati_Cluwak
Pati,Dukuhseti,0.7343184487081552,Pati_Dukuhseti
Pati,Gabus,0.4714117469561744,Pati_Gabus
Pati,Gembong,0.5770037483876432,Pati_Gembong
Pati,Gunungwungkal,0.6024142369756151,Pati_Gunungwungkal
Pati,Jaken,0.5170825747008408,Pati_Jaken
Pati,Jakenan,0.6316419726661006,Pati_Jakenan
Pati,Juwana,0.6632809199400534,Pati_Juwana
Pati,Kayen,0.6007772897525843,Pati_Kayen
Pati,Margorejo,0.47535551841453727,Pati_Margorejo
Pati,Margoyoso,0.7571410211408364,Pati_Margoyoso
Pati,Pati,0.6582533600816106,Pati_Pati
Pati,Pucakwangi,0.44104681266445983,Pati_Pucakwangi
Pati,Sukolilo,0.7121812848085755,Pati_Sukolilo
Pati,Tambakromo,0.5689275548668736,Pati_Tambakromo
Pati,Tayu,0.5003276725656154,Pati_Tayu
Pati,Tlogowungu,0.6501353204998631,Pati_Tlogowungu
Pati,Trangkil,0.7739178093562071,Pati_Trangkil
Pati,Wedarijaksa,0.8835993313921516,Pati_Wedarijaksa
Pati,Winong,0.5310168713639302,Pati_Winong
Pekalongan,Bojong,0.8116578157910201,Pekalongan_Bojong
Pekalongan,Buaran,0.7440649084575557,Pekalongan_Buaran
Pekalongan,Doro,0.7992011111369104,Pekalongan_Doro
Pekalongan,Kajen,0.7884555691111212,Pekalongan_Kajen
Pekalongan,Kandangserang,0.7759409817392787,Pekalongan_Kandangserang
Pekalongan,Karanganyar,0.8218579588754936,Pekalongan_Karanganyar
Pekalongan,Karangdadap,0.8805714710126479,Pekalongan_Karangdadap
Pekalongan,Kedungwuni,0.856096194981489,Pekalongan_Kedungwuni
Pekalongan,Kesesi,0.8333577255857797,Pekalongan_Kesesi
Pekalongan,Lebakbarang,0.742638450773513,Pekalongan_Lebakbarang
Pekalongan,Paninggaran,0.7744792857555244,Pekalongan_Paninggaran
Pekalongan,Petungkriyono,0.729732770669303,Pekalongan_Petungkriyono
Pekalongan,Siwalan,0.789728374240138,Pekalongan_Siwalan
Pekalongan,Sragi,0.7023046723915917,Pekalongan_Sragi
Pekalongan,Talun,0.7488333542206242,Pekalongan_Talun
Pekalongan,Tirto,0.8617686832775069,Pekalongan_Tirto
Pekalongan,Wiradesa,0.7949876729479673,Pekalongan_Wiradesa
Pekalongan,Wonokerto,0.7213968524939112,Pekalongan_Wonokerto
Pekalongan,Wonopringgo,0.8904812044164989,Pekalongan_Wonopringgo
Pemalang,Ampelgading,0.7275945352033585,Pemalang_Ampelgading
Pemalang,Bantarbolang,0.7725760811518626,Pemalang_Bantarbolang
Pemalang,Belik,0.8211414480179319,Pemalang_Belik
Pemalang,Bodeh,0.7942462614562298,Pemalang_Bodeh
Pemalang,Comal,0.7902806104026686,Pemalang_Comal
Pemalang,Moga,0.8328103847263849,Pemalang_Moga
Pemalang,Pemalang,0.8731025512069629,Pemalang_Pemalang
Pemalang,Petarukan,0.7840219457013573,Pemalang_Petarukan
Pemalang,Pulosari,0.8028520719562511,Pemalang_Pulosari
Pemalang,Randudongkal,0.8266081122201638,Pemalang_Randudongkal
Pemalang,Taman,0.7222908141050551,Pemalang_Taman
Pemalang,Ulujami,0.7301425407925405,Pemalang_Ulujami
Pemalang,Warungpring,0.8697725842870584,Pemalang_Warungpring
Pemalang,Watukumpul,0.8229362218471546,Pemalang_Watukumpul
Ponorogo,Babadan,0.5101162203036044,Ponorogo_Babadan
Ponorogo,Badegan,0.7455831477707277,Ponorogo_Badegan
Ponorogo,Balong,0.6244506521277976,Ponorogo_Balong
Ponorogo,Bungkal,0.6592520756861303,Ponorogo_Bungkal
Ponorogo,Jambon,0.6728562307177847,Ponorogo_Jambon
Ponorogo,Jenangan,0.6282245425174158,Ponorogo_Jenangan
Ponorogo,Jetis,0.5959648884791954,Ponorogo_Jetis
Ponorogo,Kauman,0.6089435923367534,Ponorogo_Kauman
Ponorogo,Mlarak,0.6005510623783712,Ponorogo_Mlarak
Ponorogo,Ngebel,0.6557494035983769,Ponorogo_Ngebel
Ponorogo,Ngrayun,0.6446749059639788,Ponorogo_Ngrayun
Ponorogo,Ponorogo,0.5948036068506661,Ponorogo_Ponorogo
Ponorogo,Pudak,0.7622112323950561,Ponorogo_Pudak
Ponorogo,Pulung,0.6056067114416257,Ponorogo_Pulung
Ponorogo,Sambit,0.6208327556060346,Ponorogo_Sambit
Ponorogo,Sampung,0.710158139139155,Ponorogo_Sampung
Ponorogo,Sawoo,0.5144301100459934,Ponorogo_Sawoo
Ponorogo,Siman,0.7043084777553585,Ponorogo_Siman
Ponorogo,Slahung,0.5883490733311637,Ponorogo_Slahung
Ponorogo,Sooko,0.6557832115596821,Ponorogo_Sooko
Ponorogo,Sukorejo,0.5414608452634971,Ponorogo_Sukorejo
Probolinggo,Bantaran,0.7399841202490902,Probolinggo_Bantaran
Probolinggo,Banyuanyar,0.5486698449283663,Probolinggo_Banyuanyar
Probolinggo,Besuk,0.5425531799036512,Probolinggo_Besuk
Probolinggo,Dringu,0.6286972199798826,Probolinggo_Dringu
Probolinggo,Gading,0.4145862062258348,Probolinggo_Gading
Probolinggo,Gending,0.5115924260010343,Probolinggo_Gending
Probolinggo,Kotaanyar,0.5184127916997529,Probolinggo_Kotaanyar
Probolinggo,Kraksaan,0.5483443709884889,Probolinggo_Kraksaan
Probolinggo,Krejengan,0.608339781046449,Probolinggo_Krejengan
Probolinggo,Krucil,0.5866593293998902,Probolinggo_Krucil
Probolinggo,Kuripan,0.5693922710801745,Probolinggo_Kuripan
Probolinggo,Leces,0.7679818950372279,Probolinggo_Leces
Probolinggo,Lumbang,0.6078402510015927,Probolinggo_Lumbang
Probolinggo,Maron,0.604893735770593,Probolinggo_Maron
Probolinggo,Paiton,0.5656602918237592,Probolinggo_Paiton
Probolinggo,Pakuniran,0.4751315525104199,Probolinggo_Pakuniran
Probolinggo,Pejarakan,0.4737776545178251,Probolinggo_Pejarakan
Probolinggo,Sukapura,0.5036112951977498,Probolinggo_Sukapura
Probolinggo,Sumber,0.4205460280701233,Probolinggo_Sumber
Probolinggo,Sumberasih,0.6591415750825329,Probolinggo_Sumberasih
Probolinggo,Tegalsiwalan,0.7297316680368383,Probolinggo_Tegalsiwalan
Probolinggo,Tiris,0.5127689534064147,Probolinggo_Tiris
Probolinggo,Tongas,0.7889406409745061,Probolinggo_Tongas
Probolinggo,Wonomerto,0.78458425177838,Probolinggo_Wonomerto
Purbalingga,Bobotsari,0.8085095579926059,Purbalingga_Bobotsari
Purbalingga,Bojongsari,0.7340750719095152,Purbalingga_Bojongsari
Purbalingga,Bukateja,0.6538666542610114,Purbalingga_Bukateja
Purbalingga,Kaligondang,0.8946732444320024,Purbalingga_Kaligondang
Purbalingga,Kalimanah,0.6956869649745975,Purbalingga_Kalimanah
Purbalingga,Karanganyar,0.8142025067178744,Purbalingga_Karanganyar
Purbalingga,Karangjambu,0.7815223539532364,Purbalingga_Karangjambu
Purbalingga,Karangmoncol,0.7660862803862805,Purbalingga_Karangmoncol
Purbalingga,Karangreja,0.7360951615378079,Purbalingga_Karangreja
Purbalingga,Kejobong,0.5796757583921746,Purbalingga_Kejobong
Purbalingga,Kemangkon,0.7047378246671387,Purbalingga_Kemangkon
Purbalingga,Kertanegara,0.7560767442146834,Purbalingga_Kertanegara
Purbalingga,Kutasari,0.7627016685451871,Purbalingga_Kutasari
Purbalingga,Mrebet,0.7235013455462724,Purbalingga_Mrebet
Purbalingga,Padamara,0.7437253939301158,Purbalingga_Padamara
Purbalingga,Pengadegan,0.7358516930807817,Purbalingga_Pengadegan
Purbalingga,Purbalingga,0.79791258290376,Purbalingga_Purbalingga
Purbalingga,Rembang,0.8082517676767678,Purbalingga_Rembang
Purwakarta,Babakancikao,0.8686617965367961,Purwakarta_Babakancikao
Purwakarta,Bojong,0.7767864356118851,Purwakarta_Bojong
Purwakarta,Bungursari,0.8756672148113327,Purwakarta_Bungursari
Purwakarta,Campaka,0.8657307083573467,Purwakarta_Campaka
Purwakarta,Cibatu,0.8844859664975551,Purwakarta_Cibatu
Purwakarta,Darangdan,0.7881814252308196,Purwakarta_Darangdan
Purwakarta,Jatiluhur,0.8251535671844494,Purwakarta_Jatiluhur
Purwakarta,Kiarapedes,0.786398942517454,Purwakarta_Kiarapedes
Purwakarta,Maniis,0.7835321759145791,Purwakarta_Maniis
Purwakarta,Pasawahan,0.8391401046796345,Purwakarta_Pasawahan
Purwakarta,Plered,0.8392729814433934,Purwakarta_Plered
Purwakarta,Pondoksalam,0.7907641730385676,Purwakarta_Pondoksalam
Purwakarta,Purwakarta,0.7841808635808639,Purwakarta_Purwakarta
Purwakarta,Sukasari,0.846812232212232,Purwakarta_Sukasari
Purwakarta,Sukatani,0.8068847051641168,Purwakarta_Sukatani
Purwakarta,Tegalwaru,0.815945843875079,Purwakarta_Tegalwaru
Purwakarta,Wanayasa,0.8041415543174191,Purwakarta_Wanayasa
Purworejo,Bagelen,0.5670350079457628,Purworejo_Bagelen
Purworejo,Banyuurip,0.42208420872175445,Purworejo_Banyuurip
Purworejo,Bayan,0.379861166193873,Purworejo_Bayan
Purworejo,Bener,0.3415925082384729,Purworejo_Bener
Purworejo,Bruno,0.43637665904638523,Purworejo_Bruno
Purworejo,Butuh,0.36250212715561037,Purworejo_Butuh
Purworejo,Gebang,0.3103628473920188,Purworejo_Gebang
Purworejo,Grabag,0.45032102956383147,Purworejo_Grabag
Purworejo,Kaligesing,0.35252656977525404,Purworejo_Kaligesing
Purworejo,Kemiri,0.2937749080957135,Purworejo_Kemiri
Purworejo,Kutoarjo,0.3648851911933955,Purworejo_Kutoarjo
Purworejo,Loano,0.3589395514502948,Purworejo_Loano
Purworejo,Ngombol,0.6181815003537912,Purworejo_Ngombol
Purworejo,Pituruh,0.25115804620216375,Purworejo_Pituruh
Purworejo,Purwodadi,0.599161463734064,Purworejo_Purwodadi
Purworejo,Purworejo,0.3668540073672346,Purworejo_Purworejo
Rembang,Bulu,0.376483791655541,Rembang_Bulu
Rembang,Gunem,0.6236774066576698,Rembang_Gunem
Rembang,Kaliori,0.5107183016215523,Rembang_Kaliori
Rembang,Kragan,0.6980840063960809,Rembang_Kragan
Rembang,Lasem,0.7516863592290063,Rembang_Lasem
Rembang,Pamotan,0.6894563253111088,Rembang_Pamotan
Rembang,Pancur,0.6003781275714563,Rembang_Pancur
Rembang,Rembang,0.44374598681294397,Rembang_Rembang
Rembang,Sale,0.7743149321884399,Rembang_Sale
Rembang,Sarang,0.7664827966065579,Rembang_Sarang
Rembang,Sedan,0.7252176428576586,Rembang_Sedan
Rembang,Sluke,0.7699945776875349,Rembang_Sluke
Rembang,Sulang,0.5127364467033046,Rembang_Sulang
Rembang,Sumber,0.507783316236567,Rembang_Sumber
Sampang,Banyuates,0.4682952570918108,Sampang_Banyuates
Sampang,Camplong,0.5591918853570986,Sampang_Camplong
Sampang,Jrengik,0.4854634382991103,Sampang_Jrengik
Sampang,Karangpenang,0.6351754326169189,Sampang_Karangpenang
Sampang,Kedungdung,0.6149476361105257,Sampang_Kedungdung
Sampang,Ketapang,0.6743948332598492,Sampang_Ketapang
Sampang,Omben,0.6106754955451926,Sampang_Omben
Sampang,Pangarengan,0.4346288412567824,Sampang_Pangarengan
Sampang,Robatal,0.5286176413333168,Sampang_Robatal
Sampang,Sampang,0.55985431473149,Sampang_Sampang
Sampang,Sokobanah,0.646844363153187,Sampang_Sokobanah
Sampang,Sreseh,0.3986851734522786,Sampang_Sreseh
Sampang,Tambelangan,0.43947191061160135,Sampang_Tambelangan
Sampang,Torjun,0.49349851417072765,Sampang_Torjun
Semarang,Ambarawa,0.8412837927583457,Semarang_Ambarawa
Semarang,Bancak,0.7832251491940769,Semarang_Bancak
Semarang,Bandungan,0.7850636018796021,Semarang_Bandungan
Semarang,Banyubiru,0.7379127057468384,Semarang_Banyubiru
Semarang,Bawen,0.8478707797104855,Semarang_Bawen
Semarang,Bergas,0.8003078764802449,Semarang_Bergas
Semarang,Bringin,0.8777265458700235,Semarang_Bringin
Semarang,Getasan,0.747877385654847,Semarang_Getasan
Semarang,Jambu,0.7362148524808526,Semarang_Jambu
Semarang,Kaliwungu,0.8366901235311518,Semarang_Kaliwungu
Semarang,Pabelan,0.8363841342225031,Semarang_Pabelan
Semarang,Pringapus,0.7609885093795097,Semarang_Pringapus
Semarang,Sumowono,0.7747906221161271,Semarang_Sumowono
Semarang,Suruh,0.8308210833689427,Semarang_Suruh
Semarang,Susukan,0.8187831040304732,Semarang_Susukan
Semarang,Tengaran,0.8029245010509717,Semarang_Tengaran
Semarang,Tuntang,0.8203666588313645,Semarang_Tuntang
Semarang,Ungaran Barat,0.7727681377748499,Semarang_Ungaran Barat
Semarang,Ungaran Timur,0.7635117777647188,Semarang_Ungaran Timur
Serang,Anyar,0.790276118906098,Serang_Anyar
Serang,Bandung,0.8221419188714711,Serang_Bandung
Serang,Baros,0.7044172031018078,Serang_Baros
Serang,Binuang,0.7483579424403211,Serang_Binuang
Serang,Bojonegara,0.7719274731534495,Serang_Bojonegara
Serang,Carenang,0.7889210767284297,Serang_Carenang
Serang,Cikande,0.7873410317004226,Serang_Cikande
Serang,Cikeusal,0.8046073340789541,Serang_Cikeusal
Serang,Cinangka,0.7686828083612545,Serang_Cinangka
Serang,Ciomas,0.6659125619451323,Serang_Ciomas
Serang,Ciruas,0.8376912554078189,Serang_Ciruas
Serang,Gunungsari,0.6716457511614634,Serang_Gunungsari
Serang,Jawilan,0.7249288996221139,Serang_Jawilan
Serang,Kibin,0.7987258694092293,Serang_Kibin
Serang,Kopo,0.8315381233935788,Serang_Kopo
Serang,Kragilan,0.7712877206324054,Serang_Kragilan
Serang,Kramatwatu,0.7342452281761104,Serang_Kramatwatu
Serang,Lebak Wangi,0.7825727171521293,Serang_Lebak Wangi
Serang,Mancak,0.725885429946731,Serang_Mancak
Serang,Pabuaran,0.8326926332399536,Serang_Pabuaran
Serang,Padarincang,0.7085933401281872,Serang_Padarincang
Serang,Pamarayan,0.7610886015215217,Serang_Pamarayan
Serang,Petir,0.8448563503818944,Serang_Petir
Serang,Pontang,0.789746847940501,Serang_Pontang
Serang,Pulo Ampel,0.7666319187348598,Serang_Pulo Ampel
Serang,Tanara,0.6730665533812596,Serang_Tanara
Serang,Tirtayasa,0.6626586088919685,Serang_Tirtayasa
Serang,Tunjung Teja,0.8349108563005627,Serang_Tunjung Teja
Serang,Waringinkurung,0.7681308091992862,Serang_Waringinkurung
Sidoarjo,Balongbendo,0.7295816249888286,Sidoarjo_Balongbendo
Sidoarjo,Buduran,0.5155175049738596,Sidoarjo_Buduran
Sidoarjo,Candi,0.5184702228301,Sidoarjo_Candi
Sidoarjo,Gedangan,0.6739864242396751,Sidoarjo_Gedangan
Sidoarjo,Jabon,0.48830914994018715,Sidoarjo_Jabon
Sidoarjo,Krembung,0.6444320554746248,Sidoarjo_Krembung
Sidoarjo,Krian,0.8733106768578182,Sidoarjo_Krian
Sidoarjo,Porong,0.6530044768183314,Sidoarjo_Porong
Sidoarjo,Prambon,0.7041589399767187,Sidoarjo_Prambon
Sidoarjo,Sedati,0.4795448911082039,Sidoarjo_Sedati
Sidoarjo,Sidoarjo,0.5143993796625923,Sidoarjo_Sidoarjo
Sidoarjo,Sukodono,0.5186269691007307,Sidoarjo_Sukodono
Sidoarjo,Taman,0.6280237923682889,Sidoarjo_Taman
Sidoarjo,Tanggulangin,0.5895765725073002,Sidoarjo_Tanggulangin
Sidoarjo,Tarik,0.7201561191221467,Sidoarjo_Tarik
Sidoarjo,Tulangan,0.5424380756444933,Sidoarjo_Tulangan
Sidoarjo,Waru,0.49144568262834515,Sidoarjo_Waru
Sidoarjo,Wonoayu,0.5174629500361473,Sidoarjo_Wonoayu
Situbondo,Arjasa,0.38624349037022804,Situbondo_Arjasa
Situbondo,Asembagus,0.3260129238134877,Situbondo_Asembagus
Situbondo,Banyuglugur,0.5906669414544918,Situbondo_Banyuglugur
Situbondo,Banyuputih,0.46708832600104555,Situbondo_Banyuputih
Situbondo,Besuki,0.5895498932081424,Situbondo_Besuki
Situbondo,Bungatan,0.791820488451241,Situbondo_Bungatan
Situbondo,Jangkar,0.4525522273048589,Situbondo_Jangkar
Situbondo,Jatibanteng,0.48660167386766273,Situbondo_Jatibanteng
Situbondo,Kapongan,0.4803495447078206,Situbondo_Kapongan
Situbondo,Kendit,0.5378025206303843,Situbondo_Kendit
Situbondo,Mangaran,0.40958923649449974,Situbondo_Mangaran
Situbondo,Mlandingan,0.5426452353886051,Situbondo_Mlandingan
Situbondo,Panarukan,0.6818896675607454,Situbondo_Panarukan
Situbondo,Panji,0.4886362769075282,Situbondo_Panji
Situbondo,Situbondo,0.572784295053498,Situbondo_Situbondo
Situbondo,Suboh,0.5255369877210028,Situbondo_Suboh
Situbondo,Sumbermalang,0.4942777555777558,Situbondo_Sumbermalang
Sleman,Berbah,0.6947961214298258,Sleman_Berbah
Sleman,Cangkringan,0.7153301749361716,Sleman_Cangkringan
Sleman,Depok,0.6982502750644943,Sleman_Depok
Sleman,Gamping,0.7093083961903474,Sleman_Gamping
Sleman,Godean,0.6814644015344258,Sleman_Godean
Sleman,Kalasan,0.7072550531725229,Sleman_Kalasan
Sleman,Minggir,0.6234562846513088,Sleman_Minggir
Sleman,Mlati,0.6838937731157617,Sleman_Mlati
Sleman,Moyudan,0.6784567565826805,Sleman_Moyudan
Sleman,Ngaglik,0.6655830651876393,Sleman_Ngaglik
Sleman,Ngemplak,0.6866502256515411,Sleman_Ngemplak
Sleman,Pakem,0.7214176160897892,Sleman_Pakem
Sleman,Prambanan,0.6744214245490476,Sleman_Prambanan
Sleman,Seyegan,0.6137693017511677,Sleman_Seyegan
Sleman,Sleman,0.8308736754710941,Sleman_Sleman
Sleman,Tempel,0.8033976129285457,Sleman_Tempel
Sleman,Turi,0.8056351713539524,Sleman_Turi
Sragen,Gemolong,0.610953515900127,Sragen_Gemolong
Sragen,Gesi,0.747737507636024,Sragen_Gesi
Sragen,Gondang,0.8271374716567936,Sragen_Gondang
Sragen,Jenar,0.7322492398124756,Sragen_Jenar
Sragen,Kalijambe,0.8099146294348757,Sragen_Kalijambe
Sragen,Karangmalang,0.7952135628144723,Sragen_Karangmalang
Sragen,Kedawung,0.785018085260451,Sragen_Kedawung
Sragen,Masaran,0.7742460233007447,Sragen_Masaran
Sragen,Miri,0.5183229749009158,Sragen_Miri
Sragen,Mondokan,0.7611763838767068,Sragen_Mondokan
Sragen,Ngrampal,0.8016962226164561,Sragen_Ngrampal
Sragen,Plupuh,0.8569417905402865,Sragen_Plupuh
Sragen,Sambirejo,0.5465783385578673,Sragen_Sambirejo
Sragen,Sambungmacan,0.7785996740376001,Sragen_Sambungmacan
Sragen,Sidoharjo,0.881553161338591,Sragen_Sidoharjo
Sragen,Sragen,0.7613807399793274,Sragen_Sragen
Sragen,Sukodono,0.7818522249296528,Sragen_Sukodono
Sragen,Sumberlawang,0.48031463014110043,Sragen_Sumberlawang
Sragen,Tangen,0.7178404798246133,Sragen_Tangen
Sragen,Tanon,0.7990165191292601,Sragen_Tanon
Subang,Binong,0.7133483013890133,Subang_Binong
Subang,Blanakan,0.6723203724380196,Subang_Blanakan
Subang,Ciasem,0.7504857340372041,Subang_Ciasem
Subang,Ciater,0.8093944255091311,Subang_Ciater
Subang,Cibogo,0.8033058323829848,Subang_Cibogo
Subang,Cijambe,0.7471742109866705,Subang_Cijambe
Subang,Cikaum,0.7681583334965693,Subang_Cikaum
Subang,Cipeundeuy,0.8684067713292797,Subang_Cipeundeuy
Subang,Cipunagara,0.8155810495060498,Subang_Cipunagara
Subang,Cisalak,0.8029102677851899,Subang_Cisalak
Subang,Compreng,0.6832717044393515,Subang_Compreng
Subang,Dawuan,0.7723796156072444,Subang_Dawuan
Subang,Jalancagak,0.717756602051225,Subang_Jalancagak
Subang,Kalijati,0.7694415429082293,Subang_Kalijati
Subang,Kasomalang,0.7575039466656748,Subang_Kasomalang
Subang,Legonkulon,0.661193857776211,Subang_Legonkulon
Subang,Pabuaran,0.8626382974568017,Subang_Pabuaran
Subang,Pagaden,0.8667928840767077,Subang_Pagaden
Subang,Pagaden Barat,0.7701937319216733,Subang_Pagaden Barat
Subang,Pamanukan,0.7199420158444925,Subang_Pamanukan
Subang,Patokbeusi,0.730507340045575,Subang_Patokbeusi
Subang,Purwadadi,0.7581021645021649,Subang_Purwadadi
Subang,Pusakajaya,0.6659853512500573,Subang_Pusakajaya
Subang,Pusakanagara,0.6831961672314611,Subang_Pusakanagara
Subang,Sagalaherang,0.7364496353251406,Subang_Sagalaherang
Subang,Serangpanjang,0.7586917172685229,Subang_Serangpanjang
Subang,Subang,0.8157940902865679,Subang_Subang
Subang,Sukasari,0.6903293841349561,Subang_Sukasari
Subang,Tambakdahan,0.6910644533571005,Subang_Tambakdahan
Subang,Tanjungsiang,0.8010327676682019,Subang_Tanjungsiang
Sukabumi,Bantargadung,0.6141489244611648,Sukabumi_Bantargadung
Sukabumi,Bojonggenteng,0.6203644950205437,Sukabumi_Bojonggenteng
Sukabumi,Caringin,0.7499084145060556,Sukabumi_Caringin
Sukabumi,Ciambar,0.7765945172790993,Sukabumi_Ciambar
Sukabumi,Cibadak,0.6483452599883824,Sukabumi_Cibadak
Sukabumi,Cibitung,0.6287234660676116,Sukabumi_Cibitung
Sukabumi,Cicantayan,0.7448873947947473,Sukabumi_Cicantayan
Sukabumi,Cicurug,0.8334269001807056,Sukabumi_Cicurug
Sukabumi,Cidadap,0.5849353172771754,Sukabumi_Cidadap
Sukabumi,Cidahu,0.8317143973803973,Sukabumi_Cidahu
Sukabumi,Cidolog,0.5792413685357151,Sukabumi_Cidolog
Sukabumi,Ciemas,0.6692211856808641,Sukabumi_Ciemas
Sukabumi,Cikakak,0.7664298449180842,Sukabumi_Cikakak
Sukabumi,Cikembar,0.7267921309083072,Sukabumi_Cikembar
Sukabumi,Cikidang,0.860108836751484,Sukabumi_Cikidang
Sukabumi,Cimanggu,0.5885461061023958,Sukabumi_Cimanggu
Sukabumi,Ciracap,0.6620558570732186,Sukabumi_Ciracap
Sukabumi,Cireunghas,0.8835825335962679,Sukabumi_Cireunghas
Sukabumi,Cisaat,0.70914362578426,Sukabumi_Cisaat
Sukabumi,Cisolok,0.6422101043645195,Sukabumi_Cisolok
Sukabumi,Curugkembar,0.6070142850613441,Sukabumi_Curugkembar
Sukabumi,Gegerbitung,0.8280389825860415,Sukabumi_Gegerbitung
Sukabumi,Gunungguruh,0.7573005276817188,Sukabumi_Gunungguruh
Sukabumi,Jampangkulon,0.6068076720032887,Sukabumi_Jampangkulon
Sukabumi,Jampangtengah,0.7420140210897022,Sukabumi_Jampangtengah
Sukabumi,Kabandungan,0.7841008295625945,Sukabumi_Kabandungan
Sukabumi,Kadudampit,0.7413688179467589,Sukabumi_Kadudampit
Sukabumi,Kalapanunggal,0.7870174389336154,Sukabumi_Kalapanunggal
Sukabumi,Kalibunder,0.6311768081591613,Sukabumi_Kalibunder
Sukabumi,Kebonpedes,0.7843437102731227,Sukabumi_Kebonpedes
Sukabumi,Lengkong,0.6453849915793382,Sukabumi_Lengkong
Sukabumi,Nagrak,0.8583655323565325,Sukabumi_Nagrak
Sukabumi,Nyalindung,0.7743029865731103,Sukabumi_Nyalindung
Sukabumi,Pabuaran,0.7536673525820583,Sukabumi_Pabuaran
Sukabumi,Palabuhanratu,0.602596342383107,Sukabumi_Palabuhanratu
Sukabumi,Parakansalak,0.8189856246625999,Sukabumi_Parakansalak
Sukabumi,Parungkuda,0.6151306306859909,Sukabumi_Parungkuda
Sukabumi,Purabaya,0.6175163144223652,Sukabumi_Purabaya
Sukabumi,Sagaranten,0.600479130346777,Sukabumi_Sagaranten
Sukabumi,Simpenan,0.754863251291193,Sukabumi_Simpenan
Sukabumi,Sukabumi,0.7540400217429629,Sukabumi_Sukabumi
Sukabumi,Sukalarang,0.8134122529517266,Sukabumi_Sukalarang
Sukabumi,Sukaraja,0.8146118520368522,Sukabumi_Sukaraja
Sukabumi,Surade,0.5973018609429676,Sukabumi_Surade
Sukabumi,Tegalbuleud,0.6207513240223882,Sukabumi_Tegalbuleud
Sukabumi,Waluran,0.6346383143588324,Sukabumi_Waluran
Sukabumi,Warungkiara,0.7501278424190183,Sukabumi_Warungkiara
Sukoharjo,Baki,0.7545508203418145,Sukoharjo_Baki
Sukoharjo,Bendosari,0.7734692351765884,Sukoharjo_Bendosari
Sukoharjo,Bulu,0.7378857319581011,Sukoharjo_Bulu
Sukoharjo,Gatak,0.6841211741388986,Sukoharjo_Gatak
Sukoharjo,Grogol,0.7189768481518483,Sukoharjo_Grogol
Sukoharjo,Kartasura,0.699652151606563,Sukoharjo_Kartasura
Sukoharjo,Mojolaban,0.6763226131915745,Sukoharjo_Mojolaban
Sukoharjo,Nguter,0.8517705123308064,Sukoharjo_Nguter
Sukoharjo,Polokarto,0.7818028810301729,Sukoharjo_Polokarto
Sukoharjo,Sukoharjo,0.8114652399162203,Sukoharjo_Sukoharjo
Sukoharjo,Tawangsari,0.7354949020965279,Sukoharjo_Tawangsari
Sukoharjo,Weru,0.8472428986299304,Sukoharjo_Weru
Sumedang,Buahdua,0.7254607538017537,Sumedang_Buahdua
Sumedang,Cibugel,0.7848283485692155,Sumedang_Cibugel
Sumedang,Cimalaka,0.7923985499924905,Sumedang_Cimalaka
Sumedang,Cimanggung,0.8221069490966548,Sumedang_Cimanggung
Sumedang,Cisarua,0.7643535446346102,Sumedang_Cisarua
Sumedang,Cisitu,0.8126898967046027,Sumedang_Cisitu
Sumedang,Conggeang,0.7994702786336471,Sumedang_Conggeang
Sumedang,Darmaraja,0.8065176308751669,Sumedang_Darmaraja
Sumedang,Ganeas,0.7647156138065582,Sumedang_Ganeas
Sumedang,Jatigede,0.7892022546211952,Sumedang_Jatigede
Sumedang,Jatinangor,0.8581444877484795,Sumedang_Jatinangor
Sumedang,Jatinunggal,0.86045638039738,Sumedang_Jatinunggal
Sumedang,Pamulihan,0.7919182042175482,Sumedang_Pamulihan
Sumedang,Paseh,0.7825044499748618,Sumedang_Paseh
Sumedang,Rancakalong,0.7679075337861566,Sumedang_Rancakalong
Sumedang,Situraja,0.8189797532532829,Sumedang_Situraja
Sumedang,Sukasari,0.7736346855930443,Sumedang_Sukasari
Sumedang,Sumedang Selatan,0.8338780053280055,Sumedang_Sumedang Selatan
Sumedang,Sumedang Utara,0.8248438506069096,Sumedang_Sumedang Utara
Sumedang,Surian,0.7425416094378924,Sumedang_Surian
Sumedang,Tanjungkerta,0.776149485331662,Sumedang_Tanjungkerta
Sumedang,Tanjungmedar,0.7880956447685752,Sumedang_Tanjungmedar
Sumedang,Tanjungsari,0.7404849385908209,Sumedang_Tanjungsari
Sumedang,Tomo,0.7537922908921147,Sumedang_Tomo
Sumedang,Ujungjaya,0.7436738984871334,Sumedang_Ujungjaya
Sumedang,Wado,0.8036185490979604,Sumedang_Wado
Sumenep,Ambunten,0.5442342848757706,Sumenep_Ambunten
Sumenep,Arjasa,0.7566207335989071,Sumenep_Arjasa
Sumenep,Batang Batang,0.7340190631417418,Sumenep_Batang Batang
Sumenep,Batuan,0.6382743808202782,Sumenep_Batuan
Sumenep,Batuputih,0.558757545117994,Sumenep_Batuputih
Sumenep,Bluto,0.600501518647045,Sumenep_Bluto
Sumenep,Dasuk,0.5687146889917789,Sumenep_Dasuk
Sumenep,Dungkek,0.7837892624642633,Sumenep_Dungkek
Sumenep,Ganding,0.6064012008755078,Sumenep_Ganding
Sumenep,Gapura,0.40996415818443704,Sumenep_Gapura
Sumenep,Gayam,0.4428607326035711,Sumenep_Gayam
Sumenep,Giliginting,0.7528264833064368,Sumenep_Giliginting
Sumenep,Guluk-Guluk,0.5957790252698955,Sumenep_Guluk-Guluk
Sumenep,Kalianget,0.6133025423063349,Sumenep_Kalianget
Sumenep,Kangayan,0.6970236311026602,Sumenep_Kangayan
Sumenep,Kota Sumenep,0.6272853207747167,Sumenep_Kota Sumenep
Sumenep,Lenteng,0.6027516098722098,Sumenep_Lenteng
Sumenep,Manding,0.5485383054080425,Sumenep_Manding
Sumenep,Masalembu,0.39707431591456355,Sumenep_Masalembu
Sumenep,Nonggunong,0.425084666255059,Sumenep_Nonggunong
Sumenep,Pasongsongan,0.6214871202794611,Sumenep_Pasongsongan
Sumenep,Pragaan,0.6703159200744381,Sumenep_Pragaan
Sumenep,Ra'As,0.364856937876365,Sumenep_Ra'As
Sumenep,Rubaru,0.5212608906229649,Sumenep_Rubaru
Sumenep,Sapeken,0.5190271016307391,Sumenep_Sapeken
Sumenep,Saronggi,0.6450565717889248,Sumenep_Saronggi
Sumenep,Talango,0.36450529287533917,Sumenep_Talango
Tangerang,Balaraja,0.744572132515811,Tangerang_Balaraja
Tangerang,Cikupa,0.7736344450398883,Tangerang_Cikupa
Tangerang,Cisauk,0.7700879240593921,Tangerang_Cisauk
Tangerang,Cisoka,0.777053121298271,Tangerang_Cisoka
Tangerang,Curug,0.7856231008285445,Tangerang_Curug
Tangerang,Gunung Kaler,0.659522139006505,Tangerang_Gunung Kaler
Tangerang,Jambe,0.7914881428484378,Tangerang_Jambe
Tangerang,Jayanti,0.8157793407461222,Tangerang_Jayanti
Tangerang,Kelapa Dua,0.8266501146839381,Tangerang_Kelapa Dua
Tangerang,Kemiri,0.7075823135308433,Tangerang_Kemiri
Tangerang,Kosambi,0.6597244413376769,Tangerang_Kosambi
Tangerang,Kresek,0.6942042430523334,Tangerang_Kresek
Tangerang,Kronjo,0.6713031684002279,Tangerang_Kronjo
Tangerang,Legok,0.7849939280405483,Tangerang_Legok
Tangerang,Mauk,0.6974235764235766,Tangerang_Mauk
Tangerang,Mekar Baru,0.6702739228092175,Tangerang_Mekar Baru
Tangerang,Pagedangan,0.8500592419018889,Tangerang_Pagedangan
Tangerang,Pakuhaji,0.6469692433383613,Tangerang_Pakuhaji
Tangerang,Panongan,0.8215605989513366,Tangerang_Panongan
Tangerang,Pasar Kemis,0.6695378176114504,Tangerang_Pasar Kemis
Tangerang,Rajeg,0.6958254117724707,Tangerang_Rajeg
Tangerang,Sepatan,0.73020761380862,Tangerang_Sepatan
Tangerang,Sepatan Timur,0.6915923456360247,Tangerang_Sepatan Timur
Tangerang,Sindang Jaya,0.7212817413004201,Tangerang_Sindang Jaya
Tangerang,Solear,0.7950332934494702,Tangerang_Solear
Tangerang,Sukadiri,0.667063277082395,Tangerang_Sukadiri
Tangerang,Sukamulya,0.7519672446859235,Tangerang_Sukamulya
Tangerang,Teluknaga,0.7718161260480142,Tangerang_Teluknaga
Tangerang,Tigaraksa,0.7782238931562714,Tangerang_Tigaraksa
Tasikmalaya,Bantarkalong,0.4520639195590901,Tasikmalaya_Bantarkalong
Tasikmalaya,Bojongasih,0.5703390411909703,Tasikmalaya_Bojongasih
Tasikmalaya,Bojonggambir,0.5158464728082371,Tasikmalaya_Bojonggambir
Tasikmalaya,Ciawi,0.8234204080965472,Tasikmalaya_Ciawi
Tasikmalaya,Cibalong,0.5630971412732327,Tasikmalaya_Cibalong
Tasikmalaya,Cigalontang,0.6488355524210647,Tasikmalaya_Cigalontang
Tasikmalaya,Cikalong,0.8020521084759976,Tasikmalaya_Cikalong
Tasikmalaya,Cikatomas,0.7362774463078854,Tasikmalaya_Cikatomas
Tasikmalaya,Cineam,0.59976159771601,Tasikmalaya_Cineam
Tasikmalaya,Cipatujah,0.7594210089798458,Tasikmalaya_Cipatujah
Tasikmalaya,Cisayong,0.8766728818247678,Tasikmalaya_Cisayong
Tasikmalaya,Culamega,0.4166393568505796,Tasikmalaya_Culamega
Tasikmalaya,Gunungtanjung,0.5838616150275594,Tasikmalaya_Gunungtanjung
Tasikmalaya,Jamanis,0.8146332915818498,Tasikmalaya_Jamanis
Tasikmalaya,Jatiwaras,0.638012305341717,Tasikmalaya_Jatiwaras
Tasikmalaya,Kadipaten,0.7981193242000523,Tasikmalaya_Kadipaten
Tasikmalaya,Karangjaya,0.5872170497802852,Tasikmalaya_Karangjaya
Tasikmalaya,Karangnunggal,0.7001667999275386,Tasikmalaya_Karangnunggal
Tasikmalaya,Leuwisari,0.6294911064903189,Tasikmalaya_Leuwisari
Tasikmalaya,Mangunreja,0.6620982426520546,Tasikmalaya_Mangunreja
Tasikmalaya,Manonjaya,0.7660051449066929,Tasikmalaya_Manonjaya
Tasikmalaya,Padakembang,0.7343346665380064,Tasikmalaya_Padakembang
Tasikmalaya,Pagerageung,0.7976451332551184,Tasikmalaya_Pagerageung
Tasikmalaya,Pancatengah,0.692974938937541,Tasikmalaya_Pancatengah
Tasikmalaya,Parungponteng,0.6214002845351992,Tasikmalaya_Parungponteng
Tasikmalaya,Puspahiang,0.5506864826226144,Tasikmalaya_Puspahiang
Tasikmalaya,Rajapolah,0.7936114376696829,Tasikmalaya_Rajapolah
Tasikmalaya,Salawu,0.8359005060299182,Tasikmalaya_Salawu
Tasikmalaya,Salopa,0.6468431530921407,Tasikmalaya_Salopa
Tasikmalaya,Sariwangi,0.6686264980468186,Tasikmalaya_Sariwangi
Tasikmalaya,Singaparna,0.7580604902722555,Tasikmalaya_Singaparna
Tasikmalaya,Sodonghilir,0.5809684229045545,Tasikmalaya_Sodonghilir
Tasikmalaya,Sukahening,0.7675250383576082,Tasikmalaya_Sukahening
Tasikmalaya,Sukaraja,0.6325121271091796,Tasikmalaya_Sukaraja
Tasikmalaya,Sukarame,0.7264386183533241,Tasikmalaya_Sukarame
Tasikmalaya,Sukaratu,0.8449064170761306,Tasikmalaya_Sukaratu
Tasikmalaya,Sukaresik,0.8125941467267045,Tasikmalaya_Sukaresik
Tasikmalaya,Tanjungjaya,0.6301632566813617,Tasikmalaya_Tanjungjaya
Tasikmalaya,Taraju,0.585993530329283,Tasikmalaya_Taraju
Tegal,Adiwerna,0.7928437272222104,Tegal_Adiwerna
Tegal,Balapulang,0.8543657615820716,Tegal_Balapulang
Tegal,Bojong,0.8047404066521716,Tegal_Bojong
Tegal,Bumijawa,0.767395866388513,Tegal_Bumijawa
Tegal,Dukuhturi,0.823103118613413,Tegal_Dukuhturi
Tegal,Dukuhwaru,0.8741163800252035,Tegal_Dukuhwaru
Tegal,Jatinegara,0.8757895162457088,Tegal_Jatinegara
Tegal,Kedungbanteng,0.7738775606746198,Tegal_Kedungbanteng
Tegal,Kramat,0.862544854818384,Tegal_Kramat
Tegal,Lebaksiu,0.814899262828675,Tegal_Lebaksiu
Tegal,Margasari,0.9140198469059957,Tegal_Margasari
Tegal,Pagerbarang,0.9015622953113918,Tegal_Pagerbarang
Tegal,Pangkah,0.8565001410354353,Tegal_Pangkah
Tegal,Slawi,0.8608985130882194,Tegal_Slawi
Tegal,Suradadi,0.8183061380140325,Tegal_Suradadi
Tegal,Talang,0.8519994963097913,Tegal_Talang
Tegal,Tarub,0.8742785811138757,Tegal_Tarub
Tegal,Warureja,0.7825156733789088,Tegal_Warureja
Temanggung,Bansari,0.7534840923454484,Temanggung_Bansari
Temanggung,Bejen,0.7394680348649171,Temanggung_Bejen
Temanggung,Bulu,0.807090601948021,Temanggung_Bulu
Temanggung,Candiroto,0.7909640251904955,Temanggung_Candiroto
Temanggung,Gemawang,0.7147940676074922,Temanggung_Gemawang
Temanggung,Jumo,0.7472708325223163,Temanggung_Jumo
Temanggung,Kaloran,0.7755311731421625,Temanggung_Kaloran
Temanggung,Kandangan,0.7923009429347793,Temanggung_Kandangan
Temanggung,Kedu,0.785448439229335,Temanggung_Kedu
Temanggung,Kledung,0.7853551617215808,Temanggung_Kledung
Temanggung,Kranggan,0.7602752377429255,Temanggung_Kranggan
Temanggung,Ngadirejo,0.7951916331964105,Temanggung_Ngadirejo
Temanggung,Parakan,0.7484336554099499,Temanggung_Parakan
Temanggung,Pringsurat,0.7572252832066708,Temanggung_Pringsurat
Temanggung,Selopampang,0.7958009038278792,Temanggung_Selopampang
Temanggung,Temanggung,0.8471722463941288,Temanggung_Temanggung
Temanggung,Tembarak,0.7979216936589636,Temanggung_Tembarak
Temanggung,Tlogomulyo,0.7593732964203553,Temanggung_Tlogomulyo
Temanggung,Tretep,0.7770966319628081,Temanggung_Tretep
Temanggung,Wonoboyo,0.8081850985615688,Temanggung_Wonoboyo
Trenggalek,Bendungan,0.7763733702571937,Trenggalek_Bendungan
Trenggalek,Dongko,0.7495694502903518,Trenggalek_Dongko
Trenggalek,Durenan,0.61895061313392,Trenggalek_Durenan
Trenggalek,Gandusari,0.5626988159704274,Trenggalek_Gandusari
Trenggalek,Kampak,0.6867727181379397,Trenggalek_Kampak
Trenggalek,Karangan,0.5879361142125851,Trenggalek_Karangan
Trenggalek,Munjungan,0.6459282596698267,Trenggalek_Munjungan
Trenggalek,Panggul,0.7096340820342368,Trenggalek_Panggul
Trenggalek,Pogalan,0.6353848763079666,Trenggalek_Pogalan
Trenggalek,Pule,0.7124448947986743,Trenggalek_Pule
Trenggalek,Suruh,0.6717804452599351,Trenggalek_Suruh
Trenggalek,Trenggalek,0.6541160882696099,Trenggalek_Trenggalek
Trenggalek,Tugu,0.5420825181354595,Trenggalek_Tugu
Trenggalek,Watulimo,0.6930464328275034,Trenggalek_Watulimo
Tuban,Bancar,0.7486097910780954,Tuban_Bancar
Tuban,Bangilan,0.8511474455283277,Tuban_Bangilan
Tuban,Grabagan,0.6359881877324601,Tuban_Grabagan
Tuban,Jatirogo,0.822174234628967,Tuban_Jatirogo
Tuban,Jenu,0.6977526609011913,Tuban_Jenu
Tuban,Kenduruan,0.7201352344049716,Tuban_Kenduruan
Tuban,Kerek,0.6848280908547933,Tuban_Kerek
Tuban,Merakurak,0.8036388417138416,Tuban_Merakurak
Tuban,Montong,0.8132547484091526,Tuban_Montong
Tuban,Palang,0.7739227170060758,Tuban_Palang
Tuban,Parengan,0.7766110319762796,Tuban_Parengan
Tuban,Plumpang,0.6049732980671223,Tuban_Plumpang
Tuban,Rengel,0.7208023104346633,Tuban_Rengel
Tuban,Semanding,0.6536805225819935,Tuban_Semanding
Tuban,Senori,0.5876350360423892,Tuban_Senori
Tuban,Singgahan,0.7857548278657793,Tuban_Singgahan
Tuban,Soko,0.678721964784349,Tuban_Soko
Tuban,Tambakboyo,0.7782502677200427,Tuban_Tambakboyo
Tuban,Tuban,0.8019058448140879,Tuban_Tuban
Tuban,Widang,0.7218154432694818,Tuban_Widang
Tulungagung,Bandung,0.5467734275743819,Tulungagung_Bandung
Tulungagung,Besuki,0.6361185642114212,Tulungagung_Besuki
Tulungagung,Boyolangu,0.7451377344276718,Tulungagung_Boyolangu
Tulungagung,Campurdarat,0.6361062910318276,Tulungagung_Campurdarat
Tulungagung,Gondang,0.604933792136656,Tulungagung_Gondang
Tulungagung,Kalidawir,0.8804281398512044,Tulungagung_Kalidawir
Tulungagung,Karangrejo,0.6424242460256867,Tulungagung_Karangrejo
Tulungagung,Kauman,0.6845123632851864,Tulungagung_Kauman
Tulungagung,Kedungwaru,0.6506275643603049,Tulungagung_Kedungwaru
Tulungagung,Nan,0.8195466669897011,Tulungagung_Nan
Tulungagung,Ngantru,0.6269887371023973,Tulungagung_Ngantru
Tulungagung,Ngunut,0.7520262005967892,Tulungagung_Ngunut
Tulungagung,Pagerwojo,0.8548946046213848,Tulungagung_Pagerwojo
Tulungagung,Pakel,0.6331673846466117,Tulungagung_Pakel
Tulungagung,Pucanglaban,0.8478742117461715,Tulungagung_Pucanglaban
Tulungagung,Rejotangan,0.828992457246357,Tulungagung_Rejotangan
Tulungagung,Sendang,0.5971349474089355,Tulungagung_Sendang
Tulungagung,Sumbergempol,0.7453121215385926,Tulungagung_Sumbergempol
Tulungagung,Tanggunggunung,0.6501954488191882,Tulungagung_Tanggunggunung
Tulungagung,Tulungagung,0.6179560694207755,Tulungagung_Tulungagung
Wonogiri,Baturetno,0.7639879311606866,Wonogiri_Baturetno
Wonogiri,Batuwarno,0.8072688877214983,Wonogiri_Batuwarno
Wonogiri,Bulukerto,0.7594037031396788,Wonogiri_Bulukerto
Wonogiri,Eromoko,0.8128620777501366,Wonogiri_Eromoko
Wonogiri,Girimarto,0.8479742531916187,Wonogiri_Girimarto
Wonogiri,Giritontro,0.555002455108031,Wonogiri_Giritontro
Wonogiri,Giriwoyo,0.8251152211008799,Wonogiri_Giriwoyo
Wonogiri,Jatipurno,0.7878909636861502,Wonogiri_Jatipurno
Wonogiri,Jatiroto,0.6843557605830852,Wonogiri_Jatiroto
Wonogiri,Jatisrono,0.6530709543907895,Wonogiri_Jatisrono
Wonogiri,Karangtengah,0.7392546636246196,Wonogiri_Karangtengah
Wonogiri,Kismantoro,0.5743426359814797,Wonogiri_Kismantoro
Wonogiri,Manyaran,0.6753742102352642,Wonogiri_Manyaran
Wonogiri,Ngadirojo,0.709182685132426,Wonogiri_Ngadirojo
Wonogiri,Nguntoronadi,0.8220229080052824,Wonogiri_Nguntoronadi
Wonogiri,Paranggupito,0.4708026882298623,Wonogiri_Paranggupito
Wonogiri,Pracimantoro,0.6390676391600654,Wonogiri_Pracimantoro
Wonogiri,Puhpelem,0.7569999080915897,Wonogiri_Puhpelem
Wonogiri,Purwantoro,0.3563978303074117,Wonogiri_Purwantoro
Wonogiri,Selogiri,0.7577730938385997,Wonogiri_Selogiri
Wonogiri,Sidoharjo,0.6798804898630014,Wonogiri_Sidoharjo
Wonogiri,Slogohimo,0.6696210944198459,Wonogiri_Slogohimo
Wonogiri,Tirtomoyo,0.8177849893016821,Wonogiri_Tirtomoyo
Wonogiri,Wonogiri,0.806996322436121,Wonogiri_Wonogiri
Wonogiri,Wuryantoro,0.6811843303009564,Wonogiri_Wuryantoro
Wonosobo,Garung,0.8288453372879838,Wonosobo_Garung
Wonosobo,Kalibawang,0.43899057095147337,Wonosobo_Kalibawang
Wonosobo,Kalikajar,0.7737194174493339,Wonosobo_Kalikajar
Wonosobo,Kaliwiro,0.7256058127163254,Wonosobo_Kaliwiro
Wonosobo,Kejajar,0.7657634057205263,Wonosobo_Kejajar
Wonosobo,Kepil,0.48789290965164495,Wonosobo_Kepil
Wonosobo,Kertek,0.8097362591112586,Wonosobo_Kertek
Wonosobo,Leksono,0.6583045383027444,Wonosobo_Leksono
Wonosobo,Mojotengah,0.7903980966287466,Wonosobo_Mojotengah
Wonosobo,Sapuran,0.7583139541762237,Wonosobo_Sapuran
Wonosobo,Selomerto,0.7274859025092559,Wonosobo_Selomerto
Wonosobo,Sukoharjo,0.7869793690743375,Wonosobo_Sukoharjo
Wonosobo,Wadaslintang,0.6088315379065379,Wonosobo_Wadaslintang
Wonosobo,Watumalang,0.8008718299760098,Wonosobo_Watumalang
Wonosobo,Wonosobo,0.7793046413461778,Wonosobo_Wonosobo
