WADMKK,WADMKC,probability,JOIN_ID,selisih
Adm. Kep. Seribu,Kepulauan Seribu Selatan,0.590224182,Adm. Kep. Seribu_Kepulauan Seribu Selatan,0.092385
Adm. Kep. Seribu,Kepulauan Seribu Utara,0.772024983,Adm. Kep. Seribu_Kepulauan Seribu Utara,-0.019902
Bandung,Arjasari,0.675520824,Bandung_Arjasari,-0.003447
Bandung,Baleendah,0.711942294,Bandung_Baleendah,-0.036829
Bandung,Banjaran,0.673475691,Bandung_Banjaran,-0.019300
Bandung,Bojongsoang,0.717781668,Bandung_Bojongsoang,-0.014792
Bandung,Cangkuang,0.700143914,Bandung_Cangkuang,-0.035415
Bandung,Cicalengka,0.69446417,Bandung_Cicalengka,-0.069177
Bandung,Cikancung,0.65916233,Bandung_Cikancung,-0.050395
Bandung,Cilengkrang,0.691597624,Bandung_Cilengkrang,-0.068792
Bandung,Cileunyi,0.722335691,Bandung_Cileunyi,-0.059299
Bandung,Cimaung,0.664853673,Bandung_Cimaung,-0.031523
Bandung,Cimenyan,0.686438483,Bandung_Cimenyan,-0.024518
Bandung,Ciparay,0.702373729,Bandung_Ciparay,-0.063971
Bandung,Ciwidey,0.676002406,Bandung_Ciwidey,-0.058974
Bandung,Dayeuhkolot,0.71367619,Bandung_Dayeuhkolot,-0.027472
Bandung,Ibun,0.662475719,Bandung_Ibun,-0.055283
Bandung,Katapang,0.72086633,Bandung_Katapang,-0.000909
Bandung,Kertasari,0.617274566,Bandung_Kertasari,0.021606
Bandung,Kutawaringin,0.694351131,Bandung_Kutawaringin,-0.038890
Bandung,Majalaya,0.700009573,Bandung_Majalaya,-0.028671
Bandung,Margaasih,0.737545157,Bandung_Margaasih,-0.008309
Bandung,Margahayu,0.725364754,Bandung_Margahayu,-0.022557
Bandung,Nagreg,0.671202042,Bandung_Nagreg,-0.079488
Bandung,Pacet,0.664428758,Bandung_Pacet,-0.023675
Bandung,Pameungpeuk,0.707710597,Bandung_Pameungpeuk,0.012240
Bandung,Pangalengan,0.671836328,Bandung_Pangalengan,-0.033231
Bandung,Paseh,0.653575589,Bandung_Paseh,-0.053265
Bandung,Pasirjambu,0.658189112,Bandung_Pasirjambu,-0.056006
Bandung,Rancabali,0.635536804,Bandung_Rancabali,-0.044232
Bandung,Rancaekek,0.713917011,Bandung_Rancaekek,-0.062609
Bandung,Solokanjeruk,0.692411677,Bandung_Solokanjeruk,-0.032882
Bandung,Soreang,0.686795959,Bandung_Soreang,-0.012068
Bandung Barat,Batujajar,0.698483604,Bandung Barat_Batujajar,-0.015539
Bandung Barat,Cihampelas,0.689104882,Bandung Barat_Cihampelas,-0.021890
Bandung Barat,Cikalongwetan,0.691301384,Bandung Barat_Cikalongwetan,-0.075705
Bandung Barat,Cililin,0.687386967,Bandung Barat_Cililin,-0.058094
Bandung Barat,Cipatat,0.65412452,Bandung Barat_Cipatat,-0.032995
Bandung Barat,Cipeundeuy,0.666874749,Bandung Barat_Cipeundeuy,-0.093011
Bandung Barat,Cipongkor,0.641488912,Bandung Barat_Cipongkor,-0.035340
Bandung Barat,Cisarua,0.676189182,Bandung Barat_Cisarua,-0.035967
Bandung Barat,Gununghalu,0.642693236,Bandung Barat_Gununghalu,-0.026549
Bandung Barat,Lembang,0.699797915,Bandung Barat_Lembang,-0.050501
Bandung Barat,Ngamprah,0.710957146,Bandung Barat_Ngamprah,-0.058113
Bandung Barat,Padalarang,0.707721787,Bandung Barat_Padalarang,-0.059638
Bandung Barat,Parongpong,0.677736952,Bandung Barat_Parongpong,-0.033622
Bandung Barat,Rongga,0.660832051,Bandung Barat_Rongga,-0.049838
Bandung Barat,Saguling,0.678804037,Bandung Barat_Saguling,-0.071675
Bandung Barat,Sindangkerta,0.670949552,Bandung Barat_Sindangkerta,-0.072701
Bangkalan,Arosbaya,0.64779136,Bangkalan_Arosbaya,0.032610
Bangkalan,Bangkalan,0.619829086,Bangkalan_Bangkalan,0.091108
Bangkalan,Blega,0.645175809,Bangkalan_Blega,0.012919
Bangkalan,Burneh,0.674466299,Bangkalan_Burneh,0.014051
Bangkalan,Galis,0.58992697,Bangkalan_Galis,0.049179
Bangkalan,Geger,0.575084887,Bangkalan_Geger,0.047579
Bangkalan,Kamal,0.679624274,Bangkalan_Kamal,-0.015392
Bangkalan,Klampis,0.58016745,Bangkalan_Klampis,0.094252
Bangkalan,Kokop,0.54520127,Bangkalan_Kokop,0.076226
Bangkalan,Konang,0.585919872,Bangkalan_Konang,0.038371
Bangkalan,Kwanyar,0.710827041,Bangkalan_Kwanyar,-0.055744
Bangkalan,Labang,0.676517333,Bangkalan_Labang,-0.026742
Bangkalan,Modung,0.667956878,Bangkalan_Modung,-0.056452
Bangkalan,Sepulu,0.55727524,Bangkalan_Sepulu,0.094002
Bangkalan,Socah,0.63929194,Bangkalan_Socah,0.071519
Bangkalan,Tanah Merah,0.641006772,Bangkalan_Tanah Merah,0.027121
Bangkalan,Tanjung Bumi,0.561198336,Bangkalan_Tanjung Bumi,0.129687
Bangkalan,Tragah,0.732641892,Bangkalan_Tragah,-0.068287
Banjarnegara,Banjarmangu,0.623691716,Banjarnegara_Banjarmangu,0.040357
Banjarnegara,Banjarnegara,0.596316011,Banjarnegara_Banjarnegara,0.083166
Banjarnegara,Batur,0.642321497,Banjarnegara_Batur,0.039228
Banjarnegara,Bawang,0.58685409,Banjarnegara_Bawang,0.021361
Banjarnegara,Kalibening,0.670411169,Banjarnegara_Kalibening,-0.023913
Banjarnegara,Karangkobar,0.634271618,Banjarnegara_Karangkobar,0.029992
Banjarnegara,Madukara,0.616370726,Banjarnegara_Madukara,0.060733
Banjarnegara,Mandiraja,0.626942959,Banjarnegara_Mandiraja,-0.070668
Banjarnegara,Pagedongan,0.599152933,Banjarnegara_Pagedongan,-0.002195
Banjarnegara,Pagentan,0.632093472,Banjarnegara_Pagentan,0.065975
Banjarnegara,Pandanarum,0.683141272,Banjarnegara_Pandanarum,-0.050018
Banjarnegara,Pejawaran,0.640320451,Banjarnegara_Pejawaran,0.017361
Banjarnegara,Punggelan,0.616953765,Banjarnegara_Punggelan,-0.040587
Banjarnegara,Purwanegara,0.590497418,Banjarnegara_Purwanegara,-0.000284
Banjarnegara,Purworeja Klampok,0.62122167,Banjarnegara_Purworeja Klampok,-0.041344
Banjarnegara,Rakit,0.570775083,Banjarnegara_Rakit,-0.001645
Banjarnegara,Sigaluh,0.595321614,Banjarnegara_Sigaluh,0.051354
Banjarnegara,Susukan,0.689234591,Banjarnegara_Susukan,-0.102156
Banjarnegara,Wanadadi,0.599442104,Banjarnegara_Wanadadi,0.021976
Banjarnegara,Wanayasa,0.653887952,Banjarnegara_Wanayasa,-0.013116
Bantul,Bambanglipuro,0.648886349,Bantul_Bambanglipuro,0.055312
Bantul,Banguntapan,0.60173803,Bantul_Banguntapan,0.115269
Bantul,Bantul,0.646150421,Bantul_Bantul,0.087999
Bantul,Dlingo,0.598393763,Bantul_Dlingo,-0.020612
Bantul,Imogiri,0.608490979,Bantul_Imogiri,0.037233
Bantul,Jetis,0.643845172,Bantul_Jetis,0.083392
Bantul,Kasihan,0.612645222,Bantul_Kasihan,0.135074
Bantul,Kretek,0.641775204,Bantul_Kretek,0.059256
Bantul,Pajangan,0.594028903,Bantul_Pajangan,0.093818
Bantul,Pandak,0.662324012,Bantul_Pandak,0.058132
Bantul,Piyungan,0.583096706,Bantul_Piyungan,0.069326
Bantul,Pleret,0.554213159,Bantul_Pleret,0.113007
Bantul,Pundong,0.634208976,Bantul_Pundong,0.047421
Bantul,Sanden,0.642794228,Bantul_Sanden,0.093348
Bantul,Sedayu,0.609528173,Bantul_Sedayu,0.083583
Bantul,Sewon,0.622802666,Bantul_Sewon,0.129182
Bantul,Srandakan,0.673652053,Bantul_Srandakan,0.054350
Banyumas,Ajibarang,0.630497411,Banyumas_Ajibarang,-0.042038
Banyumas,Banyumas,0.720992911,Banyumas_Banyumas,-0.123685
Banyumas,Baturraden,0.684289089,Banyumas_Baturraden,-0.115596
Banyumas,Cilongok,0.679832298,Banyumas_Cilongok,-0.053764
Banyumas,Gumelar,0.590206216,Banyumas_Gumelar,-0.014358
Banyumas,Jatilawang,0.66079874,Banyumas_Jatilawang,-0.024882
Banyumas,Kalibagor,0.704571282,Banyumas_Kalibagor,-0.096721
Banyumas,Karanglewas,0.672889388,Banyumas_Karanglewas,-0.093162
Banyumas,Kebasen,0.712497265,Banyumas_Kebasen,-0.083950
Banyumas,Kedungbanteng,0.624599735,Banyumas_Kedungbanteng,-0.024192
Banyumas,Kembaran,0.621635766,Banyumas_Kembaran,-0.000840
Banyumas,Kemranjen,0.688749718,Banyumas_Kemranjen,-0.036260
Banyumas,Lumbir,0.580566058,Banyumas_Lumbir,-0.043067
Banyumas,Patikraja,0.677054206,Banyumas_Patikraja,-0.099723
Banyumas,Pekuncen,0.615496677,Banyumas_Pekuncen,-0.002505
Banyumas,Purwojati,0.660727607,Banyumas_Purwojati,-0.098860
Banyumas,Purwokerto Barat,0.608898829,Banyumas_Purwokerto Barat,0.000504
Banyumas,Purwokerto Selatan,0.627852524,Banyumas_Purwokerto Selatan,0.006184
Banyumas,Purwokerto Timur,0.593898824,Banyumas_Purwokerto Timur,0.047697
Banyumas,Purwokerto Utara,0.614995044,Banyumas_Purwokerto Utara,0.031920
Banyumas,Rawalo,0.681678457,Banyumas_Rawalo,-0.082261
Banyumas,Sokaraja,0.654949617,Banyumas_Sokaraja,0.002645
Banyumas,Somagede,0.684085404,Banyumas_Somagede,-0.087860
Banyumas,Sumbang,0.678481302,Banyumas_Sumbang,-0.071372
Banyumas,Sumpiuh,0.675973868,Banyumas_Sumpiuh,-0.031860
Banyumas,Tambak,0.657198064,Banyumas_Tambak,-0.009437
Banyumas,Wangon,0.590552272,Banyumas_Wangon,-0.010787
Banyuwangi,Bangorejo,0.401674057,Banyuwangi_Bangorejo,0.104488
Banyuwangi,Banyuwangi,0.444942475,Banyuwangi_Banyuwangi,0.127663
Banyuwangi,Blimbingsari,0.461653674,Banyuwangi_Blimbingsari,0.041463
Banyuwangi,Cluring,0.459833171,Banyuwangi_Cluring,0.040472
Banyuwangi,Gambiran,0.43915075,Banyuwangi_Gambiran,0.039184
Banyuwangi,Genteng,0.45851865,Banyuwangi_Genteng,0.019654
Banyuwangi,Giri,0.444302383,Banyuwangi_Giri,0.033591
Banyuwangi,Glagah,0.428905534,Banyuwangi_Glagah,0.036025
Banyuwangi,Glenmore,0.425599662,Banyuwangi_Glenmore,0.013571
Banyuwangi,Kabat,0.446240745,Banyuwangi_Kabat,0.018780
Banyuwangi,Kalibaru,0.471304589,Banyuwangi_Kalibaru,0.005362
Banyuwangi,Kalipuro,0.399525572,Banyuwangi_Kalipuro,0.019565
Banyuwangi,Licin,0.436642687,Banyuwangi_Licin,0.014991
Banyuwangi,Muncar,0.463452238,Banyuwangi_Muncar,0.073027
Banyuwangi,Pesanggaran,0.477294442,Banyuwangi_Pesanggaran,-0.020682
Banyuwangi,Purwoharjo,0.459486523,Banyuwangi_Purwoharjo,0.084988
Banyuwangi,Rogojampi,0.445643851,Banyuwangi_Rogojampi,0.039847
Banyuwangi,Sempu,0.433571476,Banyuwangi_Sempu,0.020870
Banyuwangi,Siliragung,0.45081801,Banyuwangi_Siliragung,-0.004080
Banyuwangi,Singojuruh,0.445957864,Banyuwangi_Singojuruh,0.030315
Banyuwangi,Songgon,0.463074186,Banyuwangi_Songgon,-0.016820
Banyuwangi,Srono,0.461583501,Banyuwangi_Srono,0.034217
Banyuwangi,Tegaldlimo,0.377445221,Banyuwangi_Tegaldlimo,0.098566
Banyuwangi,Tegalsari,0.451166699,Banyuwangi_Tegalsari,0.018132
Banyuwangi,Wongsorejo,0.421874279,Banyuwangi_Wongsorejo,0.099105
Batang,Bandar,0.676865276,Batang_Bandar,-0.017218
Batang,Banyuputih,0.650012582,Batang_Banyuputih,0.059849
Batang,Batang,0.828375503,Batang_Batang,-0.050307
Batang,Bawang,0.612681997,Batang_Bawang,0.041878
Batang,Blado,0.656002937,Batang_Blado,0.005961
Batang,Gringsing,0.752574237,Batang_Gringsing,-0.009250
Batang,Kandeman,0.775626249,Batang_Kandeman,-0.006878
Batang,Limpung,0.669995454,Batang_Limpung,-0.014607
Batang,Pecalungan,0.665884228,Batang_Pecalungan,-0.031535
Batang,Reban,0.65304924,Batang_Reban,0.019476
Batang,Subah,0.68942144,Batang_Subah,-0.007155
Batang,Tersono,0.65958199,Batang_Tersono,-0.011189
Batang,Tulis,0.744432195,Batang_Tulis,-0.047449
Batang,Warungasem,0.802012918,Batang_Warungasem,-0.035581
Batang,Wonotunggal,0.719711908,Batang_Wonotunggal,-0.087816
Bekasi,Babelan,0.720453668,Bekasi_Babelan,0.002862
Bekasi,Bojongmangu,0.656687694,Bekasi_Bojongmangu,0.041246
Bekasi,Cabangbungin,0.688538043,Bekasi_Cabangbungin,0.028847
Bekasi,Cibarusah,0.707278439,Bekasi_Cibarusah,0.017379
Bekasi,Cibitung,0.74766154,Bekasi_Cibitung,-0.017793
Bekasi,Cikarang Barat,0.759785922,Bekasi_Cikarang Barat,-0.022129
Bekasi,Cikarang Pusat,0.687708584,Bekasi_Cikarang Pusat,0.062944
Bekasi,Cikarang Selatan,0.720756426,Bekasi_Cikarang Selatan,0.027886
Bekasi,Cikarang Timur,0.722826061,Bekasi_Cikarang Timur,0.013684
Bekasi,Cikarang Utara,0.731736585,Bekasi_Cikarang Utara,0.020106
Bekasi,Karang Bahagia,0.684992975,Bekasi_Karang Bahagia,0.042720
Bekasi,Kedung Waringin,0.678190392,Bekasi_Kedung Waringin,0.058488
Bekasi,Muaragembong,0.650792242,Bekasi_Muaragembong,0.045741
Bekasi,Pebayuran,0.644640315,Bekasi_Pebayuran,0.082197
Bekasi,Serang Baru,0.71883828,Bekasi_Serang Baru,0.005621
Bekasi,Setu,0.738931513,Bekasi_Setu,-0.031502
Bekasi,Sukakarya,0.665481233,Bekasi_Sukakarya,0.079119
Bekasi,Sukatani,0.711035677,Bekasi_Sukatani,0.040014
Bekasi,Sukawangi,0.688799925,Bekasi_Sukawangi,0.026958
Bekasi,Tambelang,0.69810879,Bekasi_Tambelang,0.041747
Bekasi,Tambun Selatan,0.757035165,Bekasi_Tambun Selatan,-0.052212
Bekasi,Tambun Utara,0.756410283,Bekasi_Tambun Utara,-0.024414
Bekasi,Tarumajaya,0.688491299,Bekasi_Tarumajaya,0.001427
Blitar,Bakung,0.530788904,Blitar_Bakung,0.044888
Blitar,Binangun,0.506177735,Blitar_Binangun,0.023044
Blitar,Doko,0.503985291,Blitar_Doko,-0.041011
Blitar,Gandusari,0.507050327,Blitar_Gandusari,-0.032960
Blitar,Garum,0.562583441,Blitar_Garum,-0.053225
Blitar,Kademangan,0.488962269,Blitar_Kademangan,0.080411
Blitar,Kanigoro,0.537575021,Blitar_Kanigoro,0.043230
Blitar,Kesamben,0.478957443,Blitar_Kesamben,0.023826
Blitar,Nan,0.558520184,Blitar_Nan,0.053871
Blitar,Nglegok,0.498056891,Blitar_Nglegok,-0.018727
Blitar,Panggungrejo,0.507831637,Blitar_Panggungrejo,0.058355
Blitar,Ponggok,0.565935362,Blitar_Ponggok,0.049356
Blitar,Sanankulon,0.57122269,Blitar_Sanankulon,0.058071
Blitar,Selopuro,0.529972757,Blitar_Selopuro,-0.009665
Blitar,Selorejo,0.488084341,Blitar_Selorejo,-0.012698
Blitar,Srengat,0.5789402,Blitar_Srengat,0.070334
Blitar,Sutojayan,0.530649036,Blitar_Sutojayan,0.036252
Blitar,Talun,0.547477178,Blitar_Talun,-0.007094
Blitar,Udanawu,0.582175515,Blitar_Udanawu,0.043182
Blitar,Wates,0.513136516,Blitar_Wates,-0.010232
Blitar,Wlingi,0.527859067,Blitar_Wlingi,-0.085837
Blitar,Wonodadi,0.583649577,Blitar_Wonodadi,0.055469
Blitar,Wonotirto,0.523901837,Blitar_Wonotirto,0.022971
Blora,Banjarejo,0.6329805,Blora_Banjarejo,0.069396
Blora,Blora,0.642112557,Blora_Blora,0.023218
Blora,Bogorejo,0.599333339,Blora_Bogorejo,0.010337
Blora,Cepu,0.615832859,Blora_Cepu,0.100335
Blora,Japah,0.612018777,Blora_Japah,0.054376
Blora,Jati,0.596466255,Blora_Jati,0.051655
Blora,Jepon,0.577388203,Blora_Jepon,0.082936
Blora,Jiken,0.603092391,Blora_Jiken,0.023741
Blora,Kedungtuban,0.599855408,Blora_Kedungtuban,0.083484
Blora,Kradenan,0.63913638,Blora_Kradenan,0.020276
Blora,Kunduran,0.671185407,Blora_Kunduran,0.034750
Blora,Ngawen,0.637922123,Blora_Ngawen,0.046711
Blora,Randublatung,0.602128303,Blora_Randublatung,0.064935
Blora,Sambong,0.589003899,Blora_Sambong,0.038585
Blora,Todanan,0.626587616,Blora_Todanan,0.045911
Blora,Tunjungan,0.60396381,Blora_Tunjungan,0.087590
Bogor,Babakan Madang,0.640973105,Bogor_Babakan Madang,-0.017730
Bogor,Bojong Gede,0.70759617,Bogor_Bojong Gede,-0.027682
Bogor,Caringin,0.666644798,Bogor_Caringin,-0.072908
Bogor,Cariu,0.631800452,Bogor_Cariu,-0.009054
Bogor,Ciampea,0.624757007,Bogor_Ciampea,0.037387
Bogor,Ciawi,0.655023504,Bogor_Ciawi,-0.041410
Bogor,Cibinong,0.723106116,Bogor_Cibinong,-0.012158
Bogor,Cibungbulang,0.617031128,Bogor_Cibungbulang,0.039243
Bogor,Cigombong,0.64748609,Bogor_Cigombong,-0.048995
Bogor,Cigudeg,0.651601071,Bogor_Cigudeg,-0.094356
Bogor,Cijeruk,0.634143074,Bogor_Cijeruk,-0.031884
Bogor,Cileungsi,0.717266653,Bogor_Cileungsi,0.009155
Bogor,Ciomas,0.576111651,Bogor_Ciomas,0.100495
Bogor,Cisarua,0.670062441,Bogor_Cisarua,-0.012443
Bogor,Ciseeng,0.701242261,Bogor_Ciseeng,-0.039499
Bogor,Citeureup,0.654834681,Bogor_Citeureup,0.006505
Bogor,Dramaga,0.633795244,Bogor_Dramaga,0.022999
Bogor,Gunung Putri,0.709492122,Bogor_Gunung Putri,-0.008298
Bogor,Gunung Sindur,0.708976355,Bogor_Gunung Sindur,-0.022363
Bogor,Jasinga,0.580342207,Bogor_Jasinga,-0.055509
Bogor,Jonggol,0.644126128,Bogor_Jonggol,-0.014478
Bogor,Kemang,0.661399381,Bogor_Kemang,0.036577
Bogor,Klapanunggal,0.681319096,Bogor_Klapanunggal,-0.012789
Bogor,Leuwiliang,0.655620188,Bogor_Leuwiliang,-0.048654
Bogor,Leuwisadeng,0.642670757,Bogor_Leuwisadeng,-0.065696
Bogor,Megamendung,0.644970689,Bogor_Megamendung,-0.039724
Bogor,Nanggung,0.627436784,Bogor_Nanggung,0.001864
Bogor,Pamijahan,0.633943138,Bogor_Pamijahan,-0.047271
Bogor,Parung,0.689393738,Bogor_Parung,-0.011477
Bogor,Parung Panjang,0.654831594,Bogor_Parung Panjang,0.007106
Bogor,Ranca Bungur,0.638279592,Bogor_Ranca Bungur,0.011752
Bogor,Rumpin,0.637341933,Bogor_Rumpin,-0.073660
Bogor,Sukajaya,0.620857263,Bogor_Sukajaya,0.036609
Bogor,Sukamakmur,0.678237017,Bogor_Sukamakmur,-0.001292
Bogor,Sukaraja,0.634111792,Bogor_Sukaraja,0.012026
Bogor,Tajurhalang,0.68424579,Bogor_Tajurhalang,-0.003057
Bogor,Tamansari,0.614983022,Bogor_Tamansari,0.003810
Bogor,Tanjungsari,0.668923734,Bogor_Tanjungsari,-0.041239
Bogor,Tenjo,0.629640256,Bogor_Tenjo,-0.026043
Bogor,Tenjolaya,0.624344236,Bogor_Tenjolaya,-0.006600
Bojonegoro,Balen,0.606729947,Bojonegoro_Balen,0.010488
Bojonegoro,Baureno,0.650551706,Bojonegoro_Baureno,-0.014068
Bojonegoro,Bojonegoro,0.625648447,Bojonegoro_Bojonegoro,0.058374
Bojonegoro,Bubulan,0.609089811,Bojonegoro_Bubulan,0.035269
Bojonegoro,Dander,0.676761963,Bojonegoro_Dander,0.000149
Bojonegoro,Gayam,0.646323777,Bojonegoro_Gayam,0.011525
Bojonegoro,Gondang,0.608332563,Bojonegoro_Gondang,0.020801
Bojonegoro,Kalitidu,0.659438586,Bojonegoro_Kalitidu,-0.004569
Bojonegoro,Kanor,0.614859185,Bojonegoro_Kanor,0.009879
Bojonegoro,Kapas,0.641258348,Bojonegoro_Kapas,0.005617
Bojonegoro,Kasiman,0.622748992,Bojonegoro_Kasiman,0.072050
Bojonegoro,Kedewan,0.577758456,Bojonegoro_Kedewan,0.015554
Bojonegoro,Kedungadem,0.595390136,Bojonegoro_Kedungadem,0.030132
Bojonegoro,Kepohbaru,0.625411444,Bojonegoro_Kepohbaru,0.022725
Bojonegoro,Malo,0.606066063,Bojonegoro_Malo,0.043296
Bojonegoro,Margomulyo,0.612718204,Bojonegoro_Margomulyo,0.009172
Bojonegoro,Ngambon,0.622078947,Bojonegoro_Ngambon,0.027355
Bojonegoro,Ngasem,0.648266751,Bojonegoro_Ngasem,0.025900
Bojonegoro,Ngraho,0.612799454,Bojonegoro_Ngraho,0.079208
Bojonegoro,Padangan,0.613275774,Bojonegoro_Padangan,0.071213
Bojonegoro,Purwosari,0.658769667,Bojonegoro_Purwosari,0.005084
Bojonegoro,Sekar,0.592642927,Bojonegoro_Sekar,0.019690
Bojonegoro,Sugihwaras,0.598342933,Bojonegoro_Sugihwaras,-0.002786
Bojonegoro,Sukosewu,0.635412849,Bojonegoro_Sukosewu,0.033651
Bojonegoro,Sumberejo,0.618204797,Bojonegoro_Sumberejo,0.023236
Bojonegoro,Tambakrejo,0.594368515,Bojonegoro_Tambakrejo,0.035219
Bojonegoro,Temayang,0.609836048,Bojonegoro_Temayang,0.009651
Bojonegoro,Trucuk,0.64624123,Bojonegoro_Trucuk,0.041266
Bondowoso,Binakal,0.491289229,Bondowoso_Binakal,-0.053621
Bondowoso,Bondowoso,0.528263959,Bondowoso_Bondowoso,0.043639
Bondowoso,Botolinggo,0.496515983,Bondowoso_Botolinggo,-0.011065
Bondowoso,Cermee,0.446212363,Bondowoso_Cermee,0.075420
Bondowoso,Curahdami,0.468887473,Bondowoso_Curahdami,-0.003158
Bondowoso,Grujugan,0.484032338,Bondowoso_Grujugan,-0.046529
Bondowoso,Jambesari Darus Sholah,0.489825851,Bondowoso_Jambesari Darus Sholah,-0.008043
Bondowoso,Klabang,0.519328552,Bondowoso_Klabang,-0.045213
Bondowoso,Maesan,0.504364539,Bondowoso_Maesan,-0.081290
Bondowoso,Pakem,0.497612767,Bondowoso_Pakem,-0.041376
Bondowoso,Prajekan,0.525542632,Bondowoso_Prajekan,0.021018
Bondowoso,Pujer,0.487087033,Bondowoso_Pujer,-0.012017
Bondowoso,Sempol,0.517725465,Bondowoso_Sempol,-0.012333
Bondowoso,Sukosari,0.519086266,Bondowoso_Sukosari,-0.000502
Bondowoso,Sumberwringin,0.510768959,Bondowoso_Sumberwringin,-0.060324
Bondowoso,Taman Krocok,0.491640522,Bondowoso_Taman Krocok,-0.000995
Bondowoso,Tamanan,0.515164192,Bondowoso_Tamanan,-0.027187
Bondowoso,Tapen,0.524482936,Bondowoso_Tapen,0.009133
Bondowoso,Tegalampel,0.472812856,Bondowoso_Tegalampel,0.049616
Bondowoso,Tenggarang,0.504126772,Bondowoso_Tenggarang,0.038081
Bondowoso,Tlogosari,0.512303684,Bondowoso_Tlogosari,-0.077597
Bondowoso,Wonosari,0.516622193,Bondowoso_Wonosari,0.027239
Bondowoso,Wringin,0.508169509,Bondowoso_Wringin,-0.027889
Boyolali,Ampel,0.547878068,Boyolali_Ampel,0.086130
Boyolali,Andong,0.561271459,Boyolali_Andong,0.125719
Boyolali,Banyudono,0.581001645,Boyolali_Banyudono,0.104064
Boyolali,Boyolali,0.590483114,Boyolali_Boyolali,0.090465
Boyolali,Cepogo,0.539817191,Boyolali_Cepogo,0.060129
Boyolali,Gladagsari,0.564101135,Boyolali_Gladagsari,0.084533
Boyolali,Juwangi,0.628368638,Boyolali_Juwangi,0.063422
Boyolali,Karanggede,0.542683281,Boyolali_Karanggede,0.106838
Boyolali,Kemusu,0.59401752,Boyolali_Kemusu,0.106262
Boyolali,Klego,0.545718742,Boyolali_Klego,0.098195
Boyolali,Mojosongo,0.543392345,Boyolali_Mojosongo,0.105259
Boyolali,Musuk,0.54470429,Boyolali_Musuk,0.074048
Boyolali,Ngemplak,0.617634207,Boyolali_Ngemplak,0.085071
Boyolali,Nogosari,0.59140404,Boyolali_Nogosari,0.104700
Boyolali,Sambi,0.556342361,Boyolali_Sambi,0.129248
Boyolali,Sawit,0.581748764,Boyolali_Sawit,0.098095
Boyolali,Selo,0.519324814,Boyolali_Selo,0.115557
Boyolali,Simo,0.558484894,Boyolali_Simo,0.100979
Boyolali,Tamansari,0.536855342,Boyolali_Tamansari,0.038748
Boyolali,Teras,0.564730091,Boyolali_Teras,0.107700
Boyolali,Wonosamodro,0.600348593,Boyolali_Wonosamodro,0.000368
Boyolali,Wonosegoro,0.619573887,Boyolali_Wonosegoro,0.020603
Brebes,Banjarharjo,0.675231166,Brebes_Banjarharjo,-0.058408
Brebes,Bantarkawung,0.621573739,Brebes_Bantarkawung,0.011935
Brebes,Brebes,0.75642382,Brebes_Brebes,-0.054603
Brebes,Bulakamba,0.755510198,Brebes_Bulakamba,-0.050646
Brebes,Bumiayu,0.592601051,Brebes_Bumiayu,0.036114
Brebes,Jatibarang,0.784854945,Brebes_Jatibarang,-0.084264
Brebes,Kersana,0.781423339,Brebes_Kersana,-0.061086
Brebes,Ketanggungan,0.669717594,Brebes_Ketanggungan,-0.053730
Brebes,Larangan,0.729629098,Brebes_Larangan,-0.062958
Brebes,Losari,0.807857441,Brebes_Losari,-0.098280
Brebes,Paguyangan,0.624899829,Brebes_Paguyangan,0.049601
Brebes,Salem,0.637474481,Brebes_Salem,-0.016197
Brebes,Sirampog,0.61223726,Brebes_Sirampog,0.070996
Brebes,Songgom,0.77694642,Brebes_Songgom,-0.052203
Brebes,Tanjung,0.799961529,Brebes_Tanjung,-0.082353
Brebes,Tonjong,0.639692131,Brebes_Tonjong,-0.031613
Brebes,Wanasari,0.775050404,Brebes_Wanasari,-0.062046
Ciamis,Banjaranyar,0.604895378,Ciamis_Banjaranyar,-0.093594
Ciamis,Banjarsari,0.607677194,Ciamis_Banjarsari,-0.074126
Ciamis,Baregbeg,0.555598561,Ciamis_Baregbeg,-0.000475
Ciamis,Ciamis,0.564866999,Ciamis_Ciamis,0.022840
Ciamis,Cidolog,0.557335381,Ciamis_Cidolog,-0.070941
Ciamis,Cihaurbeuti,0.600378365,Ciamis_Cihaurbeuti,-0.005695
Ciamis,Cijeungjing,0.550249734,Ciamis_Cijeungjing,-0.029046
Ciamis,Cikoneng,0.58309187,Ciamis_Cikoneng,0.009715
Ciamis,Cimaragas,0.536758084,Ciamis_Cimaragas,-0.040093
Ciamis,Cipaku,0.590148568,Ciamis_Cipaku,-0.020562
Ciamis,Cisaga,0.551124567,Ciamis_Cisaga,-0.050975
Ciamis,Jatinagara,0.57025177,Ciamis_Jatinagara,0.039321
Ciamis,Kawali,0.587209199,Ciamis_Kawali,0.040798
Ciamis,Lakbok,0.620939969,Ciamis_Lakbok,-0.077415
Ciamis,Lumbung,0.614226523,Ciamis_Lumbung,-0.038064
Ciamis,Pamarican,0.592426862,Ciamis_Pamarican,-0.056461
Ciamis,Panawangan,0.594769574,Ciamis_Panawangan,0.019673
Ciamis,Panjalu,0.603525168,Ciamis_Panjalu,-0.011835
Ciamis,Panumbangan,0.616784991,Ciamis_Panumbangan,-0.005260
Ciamis,Purwadadi,0.620833526,Ciamis_Purwadadi,-0.085622
Ciamis,Rajadesa,0.565054268,Ciamis_Rajadesa,0.045971
Ciamis,Rancah,0.534956559,Ciamis_Rancah,0.035670
Ciamis,Sadananya,0.607053023,Ciamis_Sadananya,-0.026584
Ciamis,Sindangkasih,0.583574102,Ciamis_Sindangkasih,0.014149
Ciamis,Sukadana,0.546508998,Ciamis_Sukadana,-0.038045
Ciamis,Sukamantri,0.625279863,Ciamis_Sukamantri,0.048055
Ciamis,Tambaksari,0.580284509,Ciamis_Tambaksari,-0.027187
Cianjur,Agrabinta,0.564154624,Cianjur_Agrabinta,0.047130
Cianjur,Bojongpicung,0.64781463,Cianjur_Bojongpicung,-0.049402
Cianjur,Campaka,0.611562225,Cianjur_Campaka,-0.002368
Cianjur,Campakamulya,0.627672486,Cianjur_Campakamulya,-0.007488
Cianjur,Cianjur,0.590253569,Cianjur_Cianjur,0.069584
Cianjur,Cibeber,0.651923775,Cianjur_Cibeber,-0.054276
Cianjur,Cibinong,0.580076706,Cianjur_Cibinong,-0.001899
Cianjur,Cidaun,0.58854418,Cianjur_Cidaun,0.023932
Cianjur,Cijati,0.542375025,Cianjur_Cijati,0.038282
Cianjur,Cikadu,0.593853567,Cianjur_Cikadu,-0.013818
Cianjur,Cikalongkulon,0.674339062,Cianjur_Cikalongkulon,-0.088953
Cianjur,Cilaku,0.60763372,Cianjur_Cilaku,0.024810
Cianjur,Cipanas,0.625761638,Cianjur_Cipanas,0.044798
Cianjur,Ciranjang,0.667121954,Cianjur_Ciranjang,-0.045216
Cianjur,Cugenang,0.645558125,Cianjur_Cugenang,-0.040470
Cianjur,Gekbrong,0.626635517,Cianjur_Gekbrong,-0.015828
Cianjur,Haurwangi,0.657686943,Cianjur_Haurwangi,-0.055734
Cianjur,Kadupandak,0.574251681,Cianjur_Kadupandak,0.042947
Cianjur,Karangtengah,0.649004787,Cianjur_Karangtengah,0.013981
Cianjur,Leles,0.562486942,Cianjur_Leles,0.005282
Cianjur,Mande,0.660456402,Cianjur_Mande,-0.082814
Cianjur,Naringgul,0.586469597,Cianjur_Naringgul,-0.022975
Cianjur,Pacet,0.664339679,Cianjur_Pacet,-0.032411
Cianjur,Pagelaran,0.609775273,Cianjur_Pagelaran,0.018065
Cianjur,Pasirkuda,0.610296807,Cianjur_Pasirkuda,0.000781
Cianjur,Sindangbarang,0.560072446,Cianjur_Sindangbarang,0.011781
Cianjur,Sukaluyu,0.635088773,Cianjur_Sukaluyu,0.000534
Cianjur,Sukanagara,0.604500393,Cianjur_Sukanagara,0.029922
Cianjur,Sukaresmi,0.669131456,Cianjur_Sukaresmi,-0.064918
Cianjur,Takokak,0.645633875,Cianjur_Takokak,-0.066896
Cianjur,Tanggeung,0.578844916,Cianjur_Tanggeung,0.037907
Cianjur,Warungkondang,0.610364111,Cianjur_Warungkondang,-0.010005
Cilacap,Adipala,0.675092583,Cilacap_Adipala,0.033062
Cilacap,Bantarsari,0.573057307,Cilacap_Bantarsari,0.003220
Cilacap,Binangun,0.693713097,Cilacap_Binangun,0.030532
Cilacap,Cilacap Selatan,0.5689568,Cilacap_Cilacap Selatan,0.047014
Cilacap,Cilacap Tengah,0.619544593,Cilacap_Cilacap Tengah,0.075064
Cilacap,Cilacap Utara,0.643207739,Cilacap_Cilacap Utara,0.052216
Cilacap,Cimanggu,0.60426045,Cilacap_Cimanggu,-0.002743
Cilacap,Cipari,0.609914616,Cilacap_Cipari,-0.076815
Cilacap,Dayeuhluhur,0.580608196,Cilacap_Dayeuhluhur,0.023118
Cilacap,Gandrungmangu,0.60019315,Cilacap_Gandrungmangu,0.004394
Cilacap,Jeruklegi,0.595175673,Cilacap_Jeruklegi,0.007819
Cilacap,Kampung Laut,0.594753315,Cilacap_Kampung Laut,0.048917
Cilacap,Karangpucung,0.592090811,Cilacap_Karangpucung,-0.029284
Cilacap,Kawunganten,0.582937056,Cilacap_Kawunganten,0.088513
Cilacap,Kedungreja,0.616603462,Cilacap_Kedungreja,-0.017931
Cilacap,Kesugihan,0.635172473,Cilacap_Kesugihan,0.051034
Cilacap,Kroya,0.702518551,Cilacap_Kroya,-0.000452
Cilacap,Majenang,0.614247365,Cilacap_Majenang,-0.011655
Cilacap,Maos,0.668909442,Cilacap_Maos,0.020714
Cilacap,Nusawungu,0.709622333,Cilacap_Nusawungu,-0.015424
Cilacap,Patimuan,0.610754987,Cilacap_Patimuan,0.005521
Cilacap,Sampang,0.723409065,Cilacap_Sampang,-0.034983
Cilacap,Sidareja,0.610625457,Cilacap_Sidareja,-0.058744
Cilacap,Wanareja,0.599437972,Cilacap_Wanareja,-0.025127
Cirebon,Arjawinangun,0.771952752,Cirebon_Arjawinangun,-0.065942
Cirebon,Astanajapura,0.81085301,Cirebon_Astanajapura,-0.097745
Cirebon,Babakan,0.796910184,Cirebon_Babakan,-0.111553
Cirebon,Beber,0.703528769,Cirebon_Beber,-0.060920
Cirebon,Ciledug,0.807575013,Cirebon_Ciledug,-0.117237
Cirebon,Ciwaringin,0.76335466,Cirebon_Ciwaringin,-0.054492
Cirebon,Depok,0.69453553,Cirebon_Depok,-0.053166
Cirebon,Dukupuntang,0.669489735,Cirebon_Dukupuntang,-0.071490
Cirebon,Gebang,0.805907937,Cirebon_Gebang,-0.076206
Cirebon,Gegesik,0.693807853,Cirebon_Gegesik,0.000804
Cirebon,Gempol,0.71643328,Cirebon_Gempol,-0.092447
Cirebon,Greged,0.709574927,Cirebon_Greged,-0.086515
Cirebon,Gunung Jati,0.737692432,Cirebon_Gunung Jati,-0.013392
Cirebon,Jamblang,0.787412591,Cirebon_Jamblang,-0.082980
Cirebon,Kaliwedi,0.740645307,Cirebon_Kaliwedi,-0.062178
Cirebon,Kapetakan,0.729803135,Cirebon_Kapetakan,-0.042294
Cirebon,Karangsembung,0.805266702,Cirebon_Karangsembung,-0.122090
Cirebon,Karangwareng,0.773769303,Cirebon_Karangwareng,-0.144469
Cirebon,Kedawung,0.758716201,Cirebon_Kedawung,-0.052256
Cirebon,Klangenan,0.776308098,Cirebon_Klangenan,-0.079807
Cirebon,Lemahabang,0.794039726,Cirebon_Lemahabang,-0.123389
Cirebon,Losari,0.767734659,Cirebon_Losari,-0.103219
Cirebon,Mundu,0.711393763,Cirebon_Mundu,-0.004920
Cirebon,Pabedilan,0.795027435,Cirebon_Pabedilan,-0.070243
Cirebon,Pabuaran,0.767188193,Cirebon_Pabuaran,-0.089753
Cirebon,Palimanan,0.714170019,Cirebon_Palimanan,-0.055662
Cirebon,Pangenan,0.766631513,Cirebon_Pangenan,-0.022837
Cirebon,Panguragan,0.740127972,Cirebon_Panguragan,-0.060384
Cirebon,Pasaleman,0.730384461,Cirebon_Pasaleman,-0.153863
Cirebon,Plered,0.787340858,Cirebon_Plered,-0.052280
Cirebon,Plumbon,0.74272343,Cirebon_Plumbon,-0.078443
Cirebon,Sedong,0.691524411,Cirebon_Sedong,-0.067693
Cirebon,Sumber,0.676471862,Cirebon_Sumber,-0.042462
Cirebon,Suranenggala,0.766616724,Cirebon_Suranenggala,-0.078658
Cirebon,Susukan,0.747881325,Cirebon_Susukan,-0.067360
Cirebon,Susukan Lebak,0.780751824,Cirebon_Susukan Lebak,-0.095951
Cirebon,Talun,0.708876286,Cirebon_Talun,-0.051594
Cirebon,Tengah Tani,0.745663936,Cirebon_Tengah Tani,-0.038168
Cirebon,Waled,0.732792201,Cirebon_Waled,-0.065236
Cirebon,Weru,0.734495757,Cirebon_Weru,-0.066611
Demak,Bonang,0.665934028,Demak_Bonang,0.074146
Demak,Demak,0.673475352,Demak_Demak,0.054676
Demak,Dempet,0.70137974,Demak_Dempet,0.052029
Demak,Gajah,0.719617382,Demak_Gajah,0.020158
Demak,Guntur,0.713772403,Demak_Guntur,0.052087
Demak,Karanganyar,0.71802378,Demak_Karanganyar,0.025451
Demak,Karangawen,0.703079754,Demak_Karangawen,0.053327
Demak,Karangtengah,0.723935079,Demak_Karangtengah,0.031358
Demak,Kebonagung,0.62587705,Demak_Kebonagung,0.123819
Demak,Mijen,0.729068121,Demak_Mijen,0.021668
Demak,Mranggen,0.710141281,Demak_Mranggen,0.076588
Demak,Sayung,0.74341116,Demak_Sayung,-0.008493
Demak,Wedung,0.733014628,Demak_Wedung,0.033580
Demak,Wonosalam,0.654031089,Demak_Wonosalam,0.077511
Garut,Banjarwangi,0.648830584,Garut_Banjarwangi,-0.054333
Garut,Banyuresmi,0.64107398,Garut_Banyuresmi,-0.034706
Garut,Bayongbong,0.633735018,Garut_Bayongbong,0.022383
Garut,Bl. Limbangan,0.652614836,Garut_Bl. Limbangan,-0.037562
Garut,Bungbulang,0.615087233,Garut_Bungbulang,-0.013391
Garut,Caringin,0.573024259,Garut_Caringin,0.045993
Garut,Cibalong,0.591335353,Garut_Cibalong,-0.053945
Garut,Cibatu,0.638390955,Garut_Cibatu,-0.025210
Garut,Cibiuk,0.669503951,Garut_Cibiuk,-0.075956
Garut,Cigedug,0.648641882,Garut_Cigedug,-0.009860
Garut,Cihurip,0.620968025,Garut_Cihurip,-0.029442
Garut,Cikajang,0.638045623,Garut_Cikajang,-0.002356
Garut,Cikelet,0.582354762,Garut_Cikelet,0.010221
Garut,Cilawu,0.623375314,Garut_Cilawu,0.040775
Garut,Cisewu,0.604917697,Garut_Cisewu,-0.025846
Garut,Cisompet,0.600490237,Garut_Cisompet,-0.024250
Garut,Cisurupan,0.634531229,Garut_Cisurupan,0.034171
Garut,Garut Kota,0.62326314,Garut_Garut Kota,0.019522
Garut,Kadungora,0.678744156,Garut_Kadungora,-0.089458
Garut,Karangpawitan,0.637840436,Garut_Karangpawitan,-0.000848
Garut,Karangtengah,0.616557445,Garut_Karangtengah,-0.006769
Garut,Kersamanah,0.629381673,Garut_Kersamanah,-0.002150
Garut,Leles,0.677750231,Garut_Leles,-0.063615
Garut,Leuwigoong,0.636123235,Garut_Leuwigoong,-0.039003
Garut,Malangbong,0.616928407,Garut_Malangbong,0.001666
Garut,Mekarmukti,0.586925272,Garut_Mekarmukti,0.003884
Garut,Pakenjeng,0.616445338,Garut_Pakenjeng,-0.025090
Garut,Pameungpeuk,0.581618939,Garut_Pameungpeuk,-0.029520
Garut,Pamulihan,0.654627186,Garut_Pamulihan,-0.045558
Garut,Pangatikan,0.604510173,Garut_Pangatikan,0.014758
Garut,Pasirwangi,0.607535022,Garut_Pasirwangi,0.047813
Garut,Peundeuy,0.604112243,Garut_Peundeuy,-0.065095
Garut,Samarang,0.648922222,Garut_Samarang,-0.021384
Garut,Selaawi,0.66003231,Garut_Selaawi,-0.062866
Garut,Singajaya,0.624173808,Garut_Singajaya,-0.009690
Garut,Sucinaraja,0.618845122,Garut_Sucinaraja,0.012817
Garut,Sukaresmi,0.608953621,Garut_Sukaresmi,0.051179
Garut,Sukawening,0.624639849,Garut_Sukawening,-0.030814
Garut,Talegong,0.619152287,Garut_Talegong,-0.023697
Garut,Tarogong Kaler,0.644113051,Garut_Tarogong Kaler,-0.017991
Garut,Tarogong Kidul,0.600082399,Garut_Tarogong Kidul,0.045744
Garut,Wanaraja,0.60788923,Garut_Wanaraja,0.004863
Gresik,Balongpanggang,0.738261268,Gresik_Balongpanggang,-0.123465
Gresik,Benjeng,0.683732202,Gresik_Benjeng,-0.097480
Gresik,Bungah,0.536746644,Gresik_Bungah,0.121981
Gresik,Cerme,0.673408816,Gresik_Cerme,-0.036879
Gresik,Driyorejo,0.691923095,Gresik_Driyorejo,-0.070096
Gresik,Duduksampeyan,0.652630519,Gresik_Duduksampeyan,0.005470
Gresik,Dukun,0.529605818,Gresik_Dukun,0.112219
Gresik,Gresik,0.678815595,Gresik_Gresik,-0.020058
Gresik,Kebomas,0.655181399,Gresik_Kebomas,0.020753
Gresik,Kedamean,0.696969522,Gresik_Kedamean,-0.074175
Gresik,Manyar,0.635370723,Gresik_Manyar,-0.009584
Gresik,Menganti,0.680919515,Gresik_Menganti,-0.051013
Gresik,Panceng,0.519775791,Gresik_Panceng,0.067255
Gresik,Sangkapura,0.586311417,Gresik_Sangkapura,0.158984
Gresik,Sidayu,0.448626666,Gresik_Sidayu,0.142284
Gresik,Tambak,0.538227732,Gresik_Tambak,0.182083
Gresik,Ujungpangkah,0.485781895,Gresik_Ujungpangkah,0.115343
Gresik,Wringinanom,0.669126111,Gresik_Wringinanom,-0.053800
Grobogan,Brati,0.690895078,Grobogan_Brati,0.036053
Grobogan,Gabus,0.615122866,Grobogan_Gabus,0.063389
Grobogan,Geyer,0.657559265,Grobogan_Geyer,0.002901
Grobogan,Godong,0.679178266,Grobogan_Godong,0.079852
Grobogan,Grobogan,0.69436026,Grobogan_Grobogan,0.032886
Grobogan,Gubug,0.689856429,Grobogan_Gubug,0.053309
Grobogan,Karangrayung,0.633025579,Grobogan_Karangrayung,0.079163
Grobogan,Kedungjati,0.601047479,Grobogan_Kedungjati,0.084269
Grobogan,Klambu,0.625785912,Grobogan_Klambu,0.126153
Grobogan,Kradenan,0.638660268,Grobogan_Kradenan,0.044772
Grobogan,Ngaringan,0.65877486,Grobogan_Ngaringan,0.031048
Grobogan,Penawangan,0.678443716,Grobogan_Penawangan,0.076716
Grobogan,Pulokulon,0.666654205,Grobogan_Pulokulon,0.044368
Grobogan,Purwodadi,0.71811623,Grobogan_Purwodadi,0.039770
Grobogan,Tanggungharjo,0.614322203,Grobogan_Tanggungharjo,0.118394
Grobogan,Tawangharjo,0.665026325,Grobogan_Tawangharjo,0.042697
Grobogan,Tegowanu,0.718226132,Grobogan_Tegowanu,0.056915
Grobogan,Toroh,0.651045587,Grobogan_Toroh,0.059677
Grobogan,Wirosari,0.690272011,Grobogan_Wirosari,-0.013287
Gunungkidul,Gedangsari,0.568606019,Gunungkidul_Gedangsari,0.011624
Gunungkidul,Girisubo,0.598989722,Gunungkidul_Girisubo,-0.029747
Gunungkidul,Karangmojo,0.642078832,Gunungkidul_Karangmojo,-0.048699
Gunungkidul,Ngawen,0.561978062,Gunungkidul_Ngawen,0.025596
Gunungkidul,Nglipar,0.569284243,Gunungkidul_Nglipar,-0.003672
Gunungkidul,Paliyan,0.607817102,Gunungkidul_Paliyan,0.011970
Gunungkidul,Panggang,0.59404001,Gunungkidul_Panggang,0.008830
Gunungkidul,Patuk,0.558902298,Gunungkidul_Patuk,-0.012116
Gunungkidul,Playen,0.578215311,Gunungkidul_Playen,0.032654
Gunungkidul,Ponjong,0.605873713,Gunungkidul_Ponjong,-0.037172
Gunungkidul,Purwosari,0.653497803,Gunungkidul_Purwosari,-0.013404
Gunungkidul,Rongkop,0.593230858,Gunungkidul_Rongkop,-0.028341
Gunungkidul,Saptosari,0.581439195,Gunungkidul_Saptosari,-0.009372
Gunungkidul,Semanu,0.634117157,Gunungkidul_Semanu,-0.034995
Gunungkidul,Semin,0.594015131,Gunungkidul_Semin,-0.037664
Gunungkidul,Tanjungsari,0.625220327,Gunungkidul_Tanjungsari,-0.063682
Gunungkidul,Tepus,0.619277204,Gunungkidul_Tepus,-0.065857
Gunungkidul,Wonosari,0.599523508,Gunungkidul_Wonosari,0.048045
Indramayu,Anjatan,0.619784479,Indramayu_Anjatan,0.002466
Indramayu,Arahan,0.661508375,Indramayu_Arahan,-0.003857
Indramayu,Balongan,0.679139108,Indramayu_Balongan,0.000171
Indramayu,Bangodua,0.653397298,Indramayu_Bangodua,-0.066049
Indramayu,Bongas,0.638191179,Indramayu_Bongas,-0.040799
Indramayu,Cantigi,0.597162835,Indramayu_Cantigi,0.067043
Indramayu,Cikedung,0.699892544,Indramayu_Cikedung,-0.081375
Indramayu,Gabuswetan,0.654507783,Indramayu_Gabuswetan,-0.075587
Indramayu,Gantar,0.659706638,Indramayu_Gantar,-0.048658
Indramayu,Haurgeulis,0.682508452,Indramayu_Haurgeulis,-0.098571
Indramayu,Indramayu,0.673655225,Indramayu_Indramayu,0.002858
Indramayu,Jatibarang,0.658810592,Indramayu_Jatibarang,0.006960
Indramayu,Juntinyuat,0.653164858,Indramayu_Juntinyuat,0.017226
Indramayu,Kandanghaur,0.642603277,Indramayu_Kandanghaur,0.036102
Indramayu,Karangampel,0.663780861,Indramayu_Karangampel,0.015267
Indramayu,Kedokan Bunder,0.65670429,Indramayu_Kedokan Bunder,0.037023
Indramayu,Kertasemaya,0.686528341,Indramayu_Kertasemaya,-0.017400
Indramayu,Krangkeng,0.677384404,Indramayu_Krangkeng,-0.012449
Indramayu,Kroya,0.667974723,Indramayu_Kroya,-0.108964
Indramayu,Lelea,0.657867885,Indramayu_Lelea,-0.039985
Indramayu,Lohbener,0.629323049,Indramayu_Lohbener,0.018020
Indramayu,Losarang,0.626996892,Indramayu_Losarang,0.013055
Indramayu,Pasekan,0.498563118,Indramayu_Pasekan,0.100408
Indramayu,Patrol,0.657010926,Indramayu_Patrol,0.023009
Indramayu,Sindang,0.659990771,Indramayu_Sindang,-0.027605
Indramayu,Sliyeg,0.646873055,Indramayu_Sliyeg,0.004696
Indramayu,Sukagumiwang,0.736141861,Indramayu_Sukagumiwang,-0.052583
Indramayu,Sukra,0.630266139,Indramayu_Sukra,0.048971
Indramayu,Terisi,0.723585596,Indramayu_Terisi,-0.168917
Indramayu,Tukdana,0.699876794,Indramayu_Tukdana,-0.044227
Indramayu,Widasari,0.641701221,Indramayu_Widasari,-0.014091
Jember,Ajung,0.518563506,Jember_Ajung,0.024519
Jember,Ambulu,0.516179582,Jember_Ambulu,0.050082
Jember,Arjasa,0.479570362,Jember_Arjasa,-0.033913
Jember,Balung,0.521788326,Jember_Balung,-0.004156
Jember,Bangsalsari,0.483581022,Jember_Bangsalsari,-0.036970
Jember,Gumukmas,0.54833748,Jember_Gumukmas,-0.000418
Jember,Jelbuk,0.491683004,Jember_Jelbuk,-0.084032
Jember,Jenggawah,0.536735129,Jember_Jenggawah,0.007760
Jember,Jombang,0.524364973,Jember_Jombang,-0.015373
Jember,Kalisat,0.482970547,Jember_Kalisat,-0.023636
Jember,Kaliwates,0.517198521,Jember_Kaliwates,0.068774
Jember,Kencong,0.540314534,Jember_Kencong,-0.015564
Jember,Ledokombo,0.490725368,Jember_Ledokombo,-0.053480
Jember,Mayang,0.47507405,Jember_Mayang,-0.029902
Jember,Mumbulsari,0.453049947,Jember_Mumbulsari,0.022809
Jember,Pakusari,0.500254771,Jember_Pakusari,0.010583
Jember,Panti,0.503484969,Jember_Panti,-0.057890
Jember,Patrang,0.49915372,Jember_Patrang,0.037660
Jember,Puger,0.494704298,Jember_Puger,-0.004764
Jember,Rambipuji,0.532673368,Jember_Rambipuji,0.002964
Jember,Semboro,0.540956876,Jember_Semboro,-0.008815
Jember,Silo,0.454853277,Jember_Silo,-0.021865
Jember,Sukorambi,0.492463686,Jember_Sukorambi,-0.035006
Jember,Sukowono,0.504020168,Jember_Sukowono,-0.025668
Jember,Sumberbaru,0.480096465,Jember_Sumberbaru,-0.040505
Jember,Sumberjambe,0.49429966,Jember_Sumberjambe,-0.062127
Jember,Sumbersari,0.522866228,Jember_Sumbersari,0.054646
Jember,Tanggul,0.527244971,Jember_Tanggul,-0.076190
Jember,Tempurejo,0.493212053,Jember_Tempurejo,-0.003541
Jember,Umbulsari,0.496097479,Jember_Umbulsari,0.007961
Jember,Wuluhan,0.494461512,Jember_Wuluhan,0.049594
Jepara,Bangsri,0.68868589,Jepara_Bangsri,0.055380
Jepara,Batealit,0.607872807,Jepara_Batealit,0.147076
Jepara,Donorojo,0.560521187,Jepara_Donorojo,0.219020
Jepara,Jepara,0.673495021,Jepara_Jepara,0.148531
Jepara,Kalinyamatan,0.735123349,Jepara_Kalinyamatan,0.097075
Jepara,Karimunjawa,0.533375848,Jepara_Karimunjawa,0.074716
Jepara,Kedung,0.676592105,Jepara_Kedung,0.114053
Jepara,Keling,0.6041113,Jepara_Keling,0.112379
Jepara,Kembang,0.598362746,Jepara_Kembang,0.121065
Jepara,Mayong,0.658978088,Jepara_Mayong,0.127111
Jepara,Mlonggo,0.643143259,Jepara_Mlonggo,0.125890
Jepara,Nalumsari,0.646082687,Jepara_Nalumsari,0.101116
Jepara,Pakis Aji,0.685424061,Jepara_Pakis Aji,0.084880
Jepara,Pecangaan,0.718211699,Jepara_Pecangaan,0.130548
Jepara,Tahunan,0.622571655,Jepara_Tahunan,0.189253
Jepara,Welahan,0.751103218,Jepara_Welahan,0.068983
Jombang,Bandarkedungmulyo,0.603722728,Jombang_Bandarkedungmulyo,0.066862
Jombang,Bareng,0.547520856,Jombang_Bareng,-0.050709
Jombang,Diwek,0.609211513,Jombang_Diwek,-0.045230
Jombang,Gudo,0.586556454,Jombang_Gudo,-0.063040
Jombang,Jogoroto,0.623136311,Jombang_Jogoroto,-0.046706
Jombang,Jombang,0.617940421,Jombang_Jombang,-0.031107
Jombang,Kabuh,0.599675655,Jombang_Kabuh,-0.012151
Jombang,Kesamben,0.63476749,Jombang_Kesamben,-0.103127
Jombang,Kudu,0.656107662,Jombang_Kudu,-0.093527
Jombang,Megaluh,0.588597836,Jombang_Megaluh,0.021784
Jombang,Mojoagung,0.614494513,Jombang_Mojoagung,-0.021006
Jombang,Mojowarno,0.592348707,Jombang_Mojowarno,-0.021653
Jombang,Ngoro,0.583859369,Jombang_Ngoro,-0.046151
Jombang,Ngusikan,0.608657385,Jombang_Ngusikan,-0.061793
Jombang,Perak,0.611773188,Jombang_Perak,0.068199
Jombang,Peterongan,0.577103827,Jombang_Peterongan,-0.040591
Jombang,Plandaan,0.564089029,Jombang_Plandaan,-0.010294
Jombang,Ploso,0.622990599,Jombang_Ploso,-0.057322
Jombang,Sumobito,0.63029326,Jombang_Sumobito,-0.083815
Jombang,Tembelang,0.615168007,Jombang_Tembelang,-0.108089
Jombang,Wonosalam,0.498377575,Jombang_Wonosalam,-0.039466
Karanganyar,Colomadu,0.589587711,Karanganyar_Colomadu,0.089881
Karanganyar,Gondangrejo,0.574761261,Karanganyar_Gondangrejo,0.087836
Karanganyar,Jaten,0.605905096,Karanganyar_Jaten,0.121845
Karanganyar,Jatipuro,0.509284894,Karanganyar_Jatipuro,0.071519
Karanganyar,Jatiyoso,0.559762404,Karanganyar_Jatiyoso,0.017450
Karanganyar,Jenawi,0.487797853,Karanganyar_Jenawi,0.042753
Karanganyar,Jumantono,0.519198302,Karanganyar_Jumantono,0.067359
Karanganyar,Jumapolo,0.509359471,Karanganyar_Jumapolo,0.054685
Karanganyar,Karanganyar,0.544939444,Karanganyar_Karanganyar,0.100322
Karanganyar,Karangpandan,0.490778302,Karanganyar_Karangpandan,0.048396
Karanganyar,Kebakkramat,0.579833335,Karanganyar_Kebakkramat,0.110174
Karanganyar,Kerjo,0.512969597,Karanganyar_Kerjo,0.053838
Karanganyar,Matesih,0.48378105,Karanganyar_Matesih,0.062516
Karanganyar,Mojogedang,0.522264452,Karanganyar_Mojogedang,0.109466
Karanganyar,Ngargoyoso,0.535786581,Karanganyar_Ngargoyoso,0.012512
Karanganyar,Tasikmadu,0.592783381,Karanganyar_Tasikmadu,0.111159
Karanganyar,Tawangmangu,0.554900106,Karanganyar_Tawangmangu,0.037135
Karawang,Banyusari,0.613855719,Karawang_Banyusari,0.090502
Karawang,Batujaya,0.646976691,Karawang_Batujaya,0.029587
Karawang,Ciampel,0.681609434,Karawang_Ciampel,-0.019792
Karawang,Cibuaya,0.586699829,Karawang_Cibuaya,0.070128
Karawang,Cikampek,0.671462956,Karawang_Cikampek,0.027507
Karawang,Cilamaya Kulon,0.593703681,Karawang_Cilamaya Kulon,0.072714
Karawang,Cilamaya Wetan,0.59864666,Karawang_Cilamaya Wetan,0.064062
Karawang,Cilebar,0.576790755,Karawang_Cilebar,0.074996
Karawang,Jatisari,0.677636742,Karawang_Jatisari,-0.017498
Karawang,Jayakerta,0.572685172,Karawang_Jayakerta,0.089702
Karawang,Karawang Barat,0.712674586,Karawang_Karawang Barat,0.057577
Karawang,Karawang Timur,0.712258466,Karawang_Karawang Timur,0.067136
Karawang,Klari,0.689334057,Karawang_Klari,0.024638
Karawang,Kota Baru,0.690160347,Karawang_Kota Baru,0.002582
Karawang,Kutawaluya,0.5970713,Karawang_Kutawaluya,0.100018
Karawang,Lemahabang,0.662937601,Karawang_Lemahabang,0.103968
Karawang,Majalaya,0.69377328,Karawang_Majalaya,0.024320
Karawang,Pakisjaya,0.640917278,Karawang_Pakisjaya,0.038138
Karawang,Pangkalan,0.648181719,Karawang_Pangkalan,0.015134
Karawang,Pedes,0.609026941,Karawang_Pedes,0.048028
Karawang,Purwasari,0.676672177,Karawang_Purwasari,0.016375
Karawang,Rawamerta,0.650515956,Karawang_Rawamerta,0.082068
Karawang,Rengasdengklok,0.621376285,Karawang_Rengasdengklok,0.090834
Karawang,Tegalwaru,0.673541003,Karawang_Tegalwaru,-0.064383
Karawang,Telagasari,0.697593377,Karawang_Telagasari,0.057119
Karawang,Telukjambe Barat,0.694280359,Karawang_Telukjambe Barat,0.061263
Karawang,Telukjambe Timur,0.726186213,Karawang_Telukjambe Timur,0.038105
Karawang,Tempuran,0.619484114,Karawang_Tempuran,0.052923
Karawang,Tirtajaya,0.592875604,Karawang_Tirtajaya,0.050638
Karawang,Tirtamulya,0.669444245,Karawang_Tirtamulya,0.014917
Kebumen,Adimulyo,0.656675541,Kebumen_Adimulyo,-0.031667
Kebumen,Alian,0.618831794,Kebumen_Alian,-0.028808
Kebumen,Ambal,0.659709202,Kebumen_Ambal,0.049492
Kebumen,Ayah,0.623849225,Kebumen_Ayah,0.006625
Kebumen,Bonorowo,0.689322905,Kebumen_Bonorowo,-0.027299
Kebumen,Buayan,0.640199271,Kebumen_Buayan,0.003224
Kebumen,Buluspesantren,0.672275834,Kebumen_Buluspesantren,0.052185
Kebumen,Gombong,0.701230096,Kebumen_Gombong,-0.005330
Kebumen,Karanganyar,0.660800707,Kebumen_Karanganyar,-0.074093
Kebumen,Karanggayam,0.609367116,Kebumen_Karanggayam,-0.000907
Kebumen,Karangsambung,0.589270212,Kebumen_Karangsambung,0.017321
Kebumen,Kebumen,0.649084722,Kebumen_Kebumen,0.040680
Kebumen,Klirong,0.706787569,Kebumen_Klirong,0.015590
Kebumen,Kutowinangun,0.635549227,Kebumen_Kutowinangun,0.047271
Kebumen,Kuwarasan,0.673327303,Kebumen_Kuwarasan,-0.005047
Kebumen,Mirit,0.67565601,Kebumen_Mirit,0.034745
Kebumen,Padureso,0.609094203,Kebumen_Padureso,-0.020034
Kebumen,Pejagoan,0.624712284,Kebumen_Pejagoan,-0.029028
Kebumen,Petanahan,0.69813828,Kebumen_Petanahan,0.026727
Kebumen,Poncowarno,0.587586061,Kebumen_Poncowarno,0.004162
Kebumen,Prembun,0.658268729,Kebumen_Prembun,0.052512
Kebumen,Puring,0.674499519,Kebumen_Puring,0.049778
Kebumen,Rowokele,0.64184448,Kebumen_Rowokele,0.003197
Kebumen,Sadang,0.608033846,Kebumen_Sadang,0.017228
Kebumen,Sempor,0.640593012,Kebumen_Sempor,-0.027264
Kebumen,Sruweng,0.609025341,Kebumen_Sruweng,-0.026150
Kediri,Badas,0.565216889,Kediri_Badas,-0.014296
Kediri,Banyakan,0.541063414,Kediri_Banyakan,-0.023545
Kediri,Gampengrejo,0.620993925,Kediri_Gampengrejo,-0.053759
Kediri,Grogol,0.539900425,Kediri_Grogol,-0.000589
Kediri,Gurah,0.570961205,Kediri_Gurah,-0.044327
Kediri,Kandangan,0.532602502,Kediri_Kandangan,-0.054205
Kediri,Kandat,0.552929237,Kediri_Kandat,0.017246
Kediri,Kayen Kidul,0.585394597,Kediri_Kayen Kidul,-0.059013
Kediri,Kepung,0.501977191,Kediri_Kepung,-0.001112
Kediri,Kras,0.583319982,Kediri_Kras,-0.030763
Kediri,Kunjang,0.592194481,Kediri_Kunjang,-0.064903
Kediri,Mojo,0.539687151,Kediri_Mojo,-0.049010
Kediri,Ngadiluwih,0.556516968,Kediri_Ngadiluwih,-0.007413
Kediri,Ngancar,0.520997222,Kediri_Ngancar,-0.008941
Kediri,Ngasem,0.603106994,Kediri_Ngasem,-0.030372
Kediri,Pagu,0.590965481,Kediri_Pagu,-0.038674
Kediri,Papar,0.600950933,Kediri_Papar,-0.050612
Kediri,Pare,0.567800443,Kediri_Pare,0.000430
Kediri,Plemahan,0.562023316,Kediri_Plemahan,-0.027154
Kediri,Plosoklaten,0.533733849,Kediri_Plosoklaten,-0.018322
Kediri,Puncu,0.494404268,Kediri_Puncu,-0.020477
Kediri,Purwoasri,0.583925949,Kediri_Purwoasri,-0.065638
Kediri,Ringinrejo,0.559726885,Kediri_Ringinrejo,0.016202
Kediri,Semen,0.54827856,Kediri_Semen,-0.068419
Kediri,Tarokan,0.564383257,Kediri_Tarokan,0.003820
Kediri,Wates,0.541341122,Kediri_Wates,0.014997
Kendal,Boja,0.659894835,Kendal_Boja,-0.031084
Kendal,Brangsong,0.758198143,Kendal_Brangsong,0.033451
Kendal,Cepiring,0.790298843,Kendal_Cepiring,0.027454
Kendal,Gemuh,0.771768891,Kendal_Gemuh,0.031260
Kendal,Kaliwungu,0.774229192,Kendal_Kaliwungu,0.056182
Kendal,Kaliwungu Selatan,0.69334591,Kendal_Kaliwungu Selatan,0.013449
Kendal,Kangkung,0.809523858,Kendal_Kangkung,-0.008296
Kendal,Kendal,0.76520812,Kendal_Kendal,0.046664
Kendal,Limbangan,0.643816984,Kendal_Limbangan,-0.024329
Kendal,Ngampel,0.79023325,Kendal_Ngampel,0.028715
Kendal,Pageruyung,0.703616053,Kendal_Pageruyung,-0.076144
Kendal,Patean,0.679128393,Kendal_Patean,-0.028588
Kendal,Patebon,0.701808949,Kendal_Patebon,0.099117
Kendal,Pegandon,0.710109767,Kendal_Pegandon,0.054756
Kendal,Plantungan,0.600093923,Kendal_Plantungan,0.044277
Kendal,Ringinarum,0.741272431,Kendal_Ringinarum,0.060012
Kendal,Rowosari,0.796728992,Kendal_Rowosari,-0.001928
Kendal,Singorojo,0.660493936,Kendal_Singorojo,-0.040881
Kendal,Sukorejo,0.603452544,Kendal_Sukorejo,0.076575
Kendal,Weleri,0.763120399,Kendal_Weleri,0.030323
Klaten,Bayat,0.602194694,Klaten_Bayat,0.073403
Klaten,Cawas,0.621585576,Klaten_Cawas,0.069552
Klaten,Ceper,0.642245102,Klaten_Ceper,0.039604
Klaten,Delanggu,0.624066749,Klaten_Delanggu,0.052916
Klaten,Gantiwarno,0.594072514,Klaten_Gantiwarno,0.085157
Klaten,Jatinom,0.571077078,Klaten_Jatinom,0.017851
Klaten,Jogonalan,0.587520813,Klaten_Jogonalan,0.096912
Klaten,Juwiring,0.640721456,Klaten_Juwiring,0.063489
Klaten,Kalikotes,0.597497441,Klaten_Kalikotes,0.094593
Klaten,Karanganom,0.609616571,Klaten_Karanganom,0.038971
Klaten,Karangdowo,0.647129932,Klaten_Karangdowo,0.038798
Klaten,Karangnongko,0.573133641,Klaten_Karangnongko,0.000089
Klaten,Kebonarum,0.569758257,Klaten_Kebonarum,0.086026
Klaten,Kemalang,0.549212306,Klaten_Kemalang,0.015453
Klaten,Klaten Selatan,0.561840962,Klaten_Klaten Selatan,0.129561
Klaten,Klaten Tengah,0.583987607,Klaten_Klaten Tengah,0.087918
Klaten,Klaten Utara,0.620792325,Klaten_Klaten Utara,0.033244
Klaten,Manisrenggo,0.552711098,Klaten_Manisrenggo,0.096580
Klaten,Ngawen,0.603304614,Klaten_Ngawen,0.040889
Klaten,Pedan,0.645741519,Klaten_Pedan,0.041167
Klaten,Polanharjo,0.606425835,Klaten_Polanharjo,0.064837
Klaten,Prambanan,0.576559988,Klaten_Prambanan,0.112218
Klaten,Trucuk,0.626833372,Klaten_Trucuk,0.058411
Klaten,Tulung,0.566227224,Klaten_Tulung,0.057674
Klaten,Wedi,0.590129156,Klaten_Wedi,0.055653
Klaten,Wonosari,0.62964069,Klaten_Wonosari,0.063222
Kota Adm. Jakarta Barat,Cengkareng,0.720768044,Kota Adm. Jakarta Barat_Cengkareng,-0.072159
Kota Adm. Jakarta Barat,Grogol Petamburan,0.7218841,Kota Adm. Jakarta Barat_Grogol Petamburan,-0.093496
Kota Adm. Jakarta Barat,Kalideres,0.714140202,Kota Adm. Jakarta Barat_Kalideres,-0.040506
Kota Adm. Jakarta Barat,Kebon Jeruk,0.700293828,Kota Adm. Jakarta Barat_Kebon Jeruk,-0.049280
Kota Adm. Jakarta Barat,Kembangan,0.724264181,Kota Adm. Jakarta Barat_Kembangan,-0.044034
Kota Adm. Jakarta Barat,Pal Merah,0.711063544,Kota Adm. Jakarta Barat_Pal Merah,-0.086412
Kota Adm. Jakarta Barat,Taman Sari,0.684555415,Kota Adm. Jakarta Barat_Taman Sari,-0.055594
Kota Adm. Jakarta Barat,Tambora,0.724874299,Kota Adm. Jakarta Barat_Tambora,-0.087727
Kota Adm. Jakarta Pusat,Cempaka Putih,0.718610713,Kota Adm. Jakarta Pusat_Cempaka Putih,-0.070592
Kota Adm. Jakarta Pusat,Gambir,0.73262964,Kota Adm. Jakarta Pusat_Gambir,-0.072104
Kota Adm. Jakarta Pusat,Johar Baru,0.722399421,Kota Adm. Jakarta Pusat_Johar Baru,-0.085556
Kota Adm. Jakarta Pusat,Kemayoran,0.738433295,Kota Adm. Jakarta Pusat_Kemayoran,-0.102852
Kota Adm. Jakarta Pusat,Menteng,0.707684964,Kota Adm. Jakarta Pusat_Menteng,-0.022152
Kota Adm. Jakarta Pusat,Sawah Besar,0.701004041,Kota Adm. Jakarta Pusat_Sawah Besar,-0.058360
Kota Adm. Jakarta Pusat,Senen,0.732182099,Kota Adm. Jakarta Pusat_Senen,-0.101035
Kota Adm. Jakarta Pusat,Tanah Abang,0.689586128,Kota Adm. Jakarta Pusat_Tanah Abang,0.003550
Kota Adm. Jakarta Selatan,Cilandak,0.734122578,Kota Adm. Jakarta Selatan_Cilandak,-0.031911
Kota Adm. Jakarta Selatan,Jagakarsa,0.732674355,Kota Adm. Jakarta Selatan_Jagakarsa,-0.045157
Kota Adm. Jakarta Selatan,Kebayoran Baru,0.695798968,Kota Adm. Jakarta Selatan_Kebayoran Baru,-0.007447
Kota Adm. Jakarta Selatan,Kebayoran Lama,0.721419075,Kota Adm. Jakarta Selatan_Kebayoran Lama,-0.038370
Kota Adm. Jakarta Selatan,Mampang Prapatan,0.727305959,Kota Adm. Jakarta Selatan_Mampang Prapatan,-0.044910
Kota Adm. Jakarta Selatan,Pancoran,0.732371794,Kota Adm. Jakarta Selatan_Pancoran,-0.046643
Kota Adm. Jakarta Selatan,Pasar Minggu,0.722570486,Kota Adm. Jakarta Selatan_Pasar Minggu,-0.021771
Kota Adm. Jakarta Selatan,Pesanggrahan,0.713851402,Kota Adm. Jakarta Selatan_Pesanggrahan,-0.049851
Kota Adm. Jakarta Selatan,Setiabudi,0.698920388,Kota Adm. Jakarta Selatan_Setiabudi,-0.010951
Kota Adm. Jakarta Selatan,Tebet,0.716544921,Kota Adm. Jakarta Selatan_Tebet,-0.052373
Kota Adm. Jakarta Timur,Cakung,0.731134628,Kota Adm. Jakarta Timur_Cakung,-0.056109
Kota Adm. Jakarta Timur,Cipayung,0.742037831,Kota Adm. Jakarta Timur_Cipayung,-0.027013
Kota Adm. Jakarta Timur,Ciracas,0.712751861,Kota Adm. Jakarta Timur_Ciracas,-0.070357
Kota Adm. Jakarta Timur,Duren Sawit,0.721996469,Kota Adm. Jakarta Timur_Duren Sawit,-0.064367
Kota Adm. Jakarta Timur,Jatinegara,0.713047011,Kota Adm. Jakarta Timur_Jatinegara,-0.054738
Kota Adm. Jakarta Timur,Kramatjati,0.730660109,Kota Adm. Jakarta Timur_Kramatjati,-0.076575
Kota Adm. Jakarta Timur,Makasar,0.736614651,Kota Adm. Jakarta Timur_Makasar,-0.000966
Kota Adm. Jakarta Timur,Matraman,0.665768041,Kota Adm. Jakarta Timur_Matraman,-0.023657
Kota Adm. Jakarta Timur,Pasar Rebo,0.718761404,Kota Adm. Jakarta Timur_Pasar Rebo,-0.059705
Kota Adm. Jakarta Timur,Pulogadung,0.71586598,Kota Adm. Jakarta Timur_Pulogadung,-0.054746
Kota Adm. Jakarta Utara,Cilincing,0.713214137,Kota Adm. Jakarta Utara_Cilincing,-0.032300
Kota Adm. Jakarta Utara,Kelapa Gading,0.739223229,Kota Adm. Jakarta Utara_Kelapa Gading,-0.071659
Kota Adm. Jakarta Utara,Koja,0.674495873,Kota Adm. Jakarta Utara_Koja,-0.035048
Kota Adm. Jakarta Utara,Pademangan,0.727015397,Kota Adm. Jakarta Utara_Pademangan,-0.041408
Kota Adm. Jakarta Utara,Penjaringan,0.700273407,Kota Adm. Jakarta Utara_Penjaringan,-0.020030
Kota Adm. Jakarta Utara,Tanjung Priok,0.721682491,Kota Adm. Jakarta Utara_Tanjung Priok,-0.077991
Kota Bandung,Andir,0.720968571,Kota Bandung_Andir,-0.052069
Kota Bandung,Antapani,0.714258573,Kota Bandung_Antapani,-0.070764
Kota Bandung,Arcamanik,0.718341573,Kota Bandung_Arcamanik,-0.064970
Kota Bandung,Astana Anyar,0.702702052,Kota Bandung_Astana Anyar,-0.071930
Kota Bandung,Babakan Ciparay,0.66627462,Kota Bandung_Babakan Ciparay,-0.016860
Kota Bandung,Bandung Kidul,0.719976827,Kota Bandung_Bandung Kidul,-0.047799
Kota Bandung,Bandung Kulon,0.706750094,Kota Bandung_Bandung Kulon,-0.039224
Kota Bandung,Bandung Wetan,0.69112252,Kota Bandung_Bandung Wetan,-0.049084
Kota Bandung,Batununggal,0.726053421,Kota Bandung_Batununggal,-0.052386
Kota Bandung,Bojongloa Kaler,0.668143963,Kota Bandung_Bojongloa Kaler,-0.021963
Kota Bandung,Bojongloa Kidul,0.699696298,Kota Bandung_Bojongloa Kidul,-0.040622
Kota Bandung,Buahbatu,0.677315721,Kota Bandung_Buahbatu,-0.032365
Kota Bandung,Cibeunying Kaler,0.706198311,Kota Bandung_Cibeunying Kaler,-0.044370
Kota Bandung,Cibeunying Kidul,0.709157456,Kota Bandung_Cibeunying Kidul,-0.063137
Kota Bandung,Cibiru,0.666184008,Kota Bandung_Cibiru,-0.034902
Kota Bandung,Cicendo,0.721702745,Kota Bandung_Cicendo,-0.075454
Kota Bandung,Cidadap,0.694260315,Kota Bandung_Cidadap,-0.045868
Kota Bandung,Cinambo,0.72377404,Kota Bandung_Cinambo,-0.041051
Kota Bandung,Coblong,0.676884742,Kota Bandung_Coblong,-0.017878
Kota Bandung,Gedebage,0.711200404,Kota Bandung_Gedebage,-0.041038
Kota Bandung,Kiaracondong,0.716752703,Kota Bandung_Kiaracondong,-0.053559
Kota Bandung,Lengkong,0.72989686,Kota Bandung_Lengkong,-0.087165
Kota Bandung,Mandalajati,0.703506632,Kota Bandung_Mandalajati,-0.049129
Kota Bandung,Panyileukan,0.692171464,Kota Bandung_Panyileukan,-0.010186
Kota Bandung,Rancasari,0.725969607,Kota Bandung_Rancasari,-0.073104
Kota Bandung,Regol,0.674551618,Kota Bandung_Regol,-0.018694
Kota Bandung,Sukajadi,0.671378204,Kota Bandung_Sukajadi,-0.041221
Kota Bandung,Sukasari,0.68146623,Kota Bandung_Sukasari,-0.027745
Kota Bandung,Sumur Bandung,0.69920112,Kota Bandung_Sumur Bandung,-0.057467
Kota Bandung,Ujungberung,0.695813722,Kota Bandung_Ujungberung,-0.066008
Kota Banjar,Banjar,0.57396427,Kota Banjar_Banjar,-0.004408
Kota Banjar,Langensari,0.62869997,Kota Banjar_Langensari,-0.016242
Kota Banjar,Pataruman,0.558081237,Kota Banjar_Pataruman,-0.025643
Kota Banjar,Purwaharja,0.589454369,Kota Banjar_Purwaharja,-0.043462
Kota Batu,Batu,0.557560974,Kota Batu_Batu,-0.058083
Kota Batu,Bumiaji,0.612626479,Kota Batu_Bumiaji,-0.100573
Kota Batu,Junrejo,0.547299557,Kota Batu_Junrejo,-0.038825
Kota Bekasi,Bantargebang,0.746489057,Kota Bekasi_Bantargebang,-0.011408
Kota Bekasi,Bekasi Barat,0.717050185,Kota Bekasi_Bekasi Barat,-0.075524
Kota Bekasi,Bekasi Selatan,0.741122824,Kota Bekasi_Bekasi Selatan,-0.080179
Kota Bekasi,Bekasi Timur,0.751923512,Kota Bekasi_Bekasi Timur,-0.098439
Kota Bekasi,Bekasi Utara,0.711664998,Kota Bekasi_Bekasi Utara,-0.063046
Kota Bekasi,Jatiasih,0.738178389,Kota Bekasi_Jatiasih,-0.018221
Kota Bekasi,Jatisampurna,0.732626575,Kota Bekasi_Jatisampurna,-0.011437
Kota Bekasi,Medansatria,0.745003598,Kota Bekasi_Medansatria,-0.084144
Kota Bekasi,Mustikajaya,0.74656866,Kota Bekasi_Mustikajaya,-0.018880
Kota Bekasi,Pondokgede,0.738428937,Kota Bekasi_Pondokgede,-0.067654
Kota Bekasi,Pondokmelati,0.736388995,Kota Bekasi_Pondokmelati,-0.058300
Kota Bekasi,Rawalumbu,0.717341144,Kota Bekasi_Rawalumbu,-0.062128
Kota Blitar,Kepanjenkidul,0.594974071,Kota Blitar_Kepanjenkidul,0.058022
Kota Blitar,Sananwetan,0.5894777,Kota Blitar_Sananwetan,0.003780
Kota Blitar,Sukorejo,0.610156847,Kota Blitar_Sukorejo,0.034926
Kota Bogor,Bogor Barat,0.616903921,Kota Bogor_Bogor Barat,0.040126
Kota Bogor,Bogor Selatan,0.579136945,Kota Bogor_Bogor Selatan,0.058423
Kota Bogor,Bogor Tengah,0.613805182,Kota Bogor_Bogor Tengah,0.039438
Kota Bogor,Bogor Timur,0.586694469,Kota Bogor_Bogor Timur,0.075705
Kota Bogor,Bogor Utara,0.609652673,Kota Bogor_Bogor Utara,0.025543
Kota Bogor,Tanah Sareal,0.625059187,Kota Bogor_Tanah Sareal,0.063305
Kota Cilegon,Cibeber,0.634889094,Kota Cilegon_Cibeber,0.085688
Kota Cilegon,Cilegon,0.622944375,Kota Cilegon_Cilegon,0.094227
Kota Cilegon,Citangkil,0.627437022,Kota Cilegon_Citangkil,0.127937
Kota Cilegon,Ciwandan,0.604940409,Kota Cilegon_Ciwandan,0.091033
Kota Cilegon,Gerogol,0.58270728,Kota Cilegon_Gerogol,0.079986
Kota Cilegon,Jombang,0.650264252,Kota Cilegon_Jombang,0.093732
Kota Cilegon,Pulomerak,0.571832144,Kota Cilegon_Pulomerak,0.056706
Kota Cilegon,Purwakarta,0.587929025,Kota Cilegon_Purwakarta,0.088966
Kota Cimahi,Cimahi Selatan,0.704302778,Kota Cimahi_Cimahi Selatan,-0.023192
Kota Cimahi,Cimahi Tengah,0.711864145,Kota Cimahi_Cimahi Tengah,-0.059428
Kota Cimahi,Cimahi Utara,0.703551223,Kota Cimahi_Cimahi Utara,-0.045196
Kota Cirebon,Harjamukti,0.715994798,Kota Cirebon_Harjamukti,-0.021574
Kota Cirebon,Kejaksan,0.735004672,Kota Cirebon_Kejaksan,-0.035325
Kota Cirebon,Kesambi,0.749538539,Kota Cirebon_Kesambi,-0.076284
Kota Cirebon,Lemahwungkuk,0.736372432,Kota Cirebon_Lemahwungkuk,-0.026630
Kota Cirebon,Pekalipan,0.702790643,Kota Cirebon_Pekalipan,-0.048714
Kota Depok,Beji,0.721304814,Kota Depok_Beji,-0.033021
Kota Depok,Bojongsari,0.670083752,Kota Depok_Bojongsari,0.008418
Kota Depok,Cilodong,0.697646742,Kota Depok_Cilodong,-0.017501
Kota Depok,Cimanggis,0.730019738,Kota Depok_Cimanggis,-0.055427
Kota Depok,Cinere,0.700097796,Kota Depok_Cinere,-0.012876
Kota Depok,Cipayung,0.684846809,Kota Depok_Cipayung,-0.026535
Kota Depok,Limo,0.700352855,Kota Depok_Limo,-0.021215
Kota Depok,Pancoran Mas,0.703286663,Kota Depok_Pancoran Mas,-0.043273
Kota Depok,Sawangan,0.691091645,Kota Depok_Sawangan,-0.004133
Kota Depok,Sukmajaya,0.706998607,Kota Depok_Sukmajaya,-0.033269
Kota Depok,Tapos,0.689155173,Kota Depok_Tapos,0.008747
Kota Kediri,Kota,0.593794137,Kota Kediri_Kota,-0.000828
Kota Kediri,Mojoroto,0.579718615,Kota Kediri_Mojoroto,-0.021476
Kota Kediri,Pesantren,0.579806635,Kota Kediri_Pesantren,-0.005304
Kota Madiun,Kartoharjo,0.588613604,Kota Madiun_Kartoharjo,0.034756
Kota Madiun,Manguharjo,0.602505934,Kota Madiun_Manguharjo,0.035330
Kota Madiun,Taman,0.576874475,Kota Madiun_Taman,0.038749
Kota Magelang,Magelang Selatan,0.52028701,Kota Magelang_Magelang Selatan,0.104304
Kota Magelang,Magelang Tengah,0.517311485,Kota Magelang_Magelang Tengah,0.108764
Kota Magelang,Magelang Utara,0.559359541,Kota Magelang_Magelang Utara,0.061123
Kota Malang,Blimbing,0.547246686,Kota Malang_Blimbing,0.057252
Kota Malang,Kedungkandang,0.53600836,Kota Malang_Kedungkandang,0.016830
Kota Malang,Klojen,0.560755248,Kota Malang_Klojen,0.041649
Kota Malang,Lowokwaru,0.565065567,Kota Malang_Lowokwaru,0.055403
Kota Malang,Sukun,0.552056832,Kota Malang_Sukun,0.073057
Kota Mojokerto,Kranggan,0.653546935,Kota Mojokerto_Kranggan,-0.015573
Kota Mojokerto,Magersari,0.663024463,Kota Mojokerto_Magersari,-0.020764
Kota Mojokerto,Prajuritkulon,0.670462705,Kota Mojokerto_Prajuritkulon,-0.015770
Kota Pasuruan,Bugul Kidul,0.688648515,Kota Pasuruan_Bugul Kidul,-0.119896
Kota Pasuruan,Gadingrejo,0.646646433,Kota Pasuruan_Gadingrejo,-0.012634
Kota Pasuruan,Panggungrejo,0.69012214,Kota Pasuruan_Panggungrejo,-0.042216
Kota Pasuruan,Purworejo,0.659474731,Kota Pasuruan_Purworejo,-0.040864
Kota Pekalongan,Pekalongan Barat,0.841656195,Kota Pekalongan_Pekalongan Barat,-0.045381
Kota Pekalongan,Pekalongan Selatan,0.826035517,Kota Pekalongan_Pekalongan Selatan,-0.025279
Kota Pekalongan,Pekalongan Timur,0.849996751,Kota Pekalongan_Pekalongan Timur,-0.040718
Kota Pekalongan,Pekalongan Utara,0.843757792,Kota Pekalongan_Pekalongan Utara,-0.045750
Kota Probolinggo,Kademangan,0.615131378,Kota Probolinggo_Kademangan,-0.006299
Kota Probolinggo,Kanigaran,0.617055816,Kota Probolinggo_Kanigaran,0.052289
Kota Probolinggo,Kedopok,0.600164794,Kota Probolinggo_Kedopok,0.018926
Kota Probolinggo,Mayangan,0.601923465,Kota Probolinggo_Mayangan,0.075462
Kota Probolinggo,Wonoasih,0.599318564,Kota Probolinggo_Wonoasih,0.049015
Kota Salatiga,Argomulyo,0.6018361,Kota Salatiga_Argomulyo,0.043006
Kota Salatiga,Sidomukti,0.579282522,Kota Salatiga_Sidomukti,0.069353
Kota Salatiga,Sidorejo,0.576572804,Kota Salatiga_Sidorejo,0.086686
Kota Salatiga,Tingkir,0.590203851,Kota Salatiga_Tingkir,0.042542
Kota Semarang,Banyumanik,0.621437801,Kota Semarang_Banyumanik,0.096422
Kota Semarang,Candisari,0.67192024,Kota Semarang_Candisari,-0.008592
Kota Semarang,Gajahmungkur,0.67759956,Kota Semarang_Gajahmungkur,0.070097
Kota Semarang,Gayamsari,0.733320581,Kota Semarang_Gayamsari,0.006697
Kota Semarang,Genuk,0.749367847,Kota Semarang_Genuk,0.056760
Kota Semarang,Gunungpati,0.651659609,Kota Semarang_Gunungpati,0.047536
Kota Semarang,Mijen,0.674067415,Kota Semarang_Mijen,0.043255
Kota Semarang,Ngaliyan,0.678711514,Kota Semarang_Ngaliyan,0.053713
Kota Semarang,Pedurungan,0.720203317,Kota Semarang_Pedurungan,0.016084
Kota Semarang,Semarang Barat,0.715275449,Kota Semarang_Semarang Barat,0.078598
Kota Semarang,Semarang Selatan,0.715883251,Kota Semarang_Semarang Selatan,0.051394
Kota Semarang,Semarang Tengah,0.709815825,Kota Semarang_Semarang Tengah,0.026019
Kota Semarang,Semarang Timur,0.730545218,Kota Semarang_Semarang Timur,0.011596
Kota Semarang,Semarang Utara,0.710229211,Kota Semarang_Semarang Utara,0.044086
Kota Semarang,Tembalang,0.679902605,Kota Semarang_Tembalang,0.069754
Kota Semarang,Tugu,0.754606588,Kota Semarang_Tugu,0.060185
Kota Serang,Cipocok Jaya,0.643938798,Kota Serang_Cipocok Jaya,0.060821
Kota Serang,Curug,0.628160333,Kota Serang_Curug,0.009009
Kota Serang,Kasemen,0.685521609,Kota Serang_Kasemen,0.015971
Kota Serang,Serang,0.663004626,Kota Serang_Serang,0.068920
Kota Serang,Taktakan,0.644059129,Kota Serang_Taktakan,-0.031233
Kota Serang,Walantaka,0.666597375,Kota Serang_Walantaka,0.028803
Kota Sukabumi,Baros,0.631133402,Kota Sukabumi_Baros,0.023000
Kota Sukabumi,Cibeureum,0.618008296,Kota Sukabumi_Cibeureum,0.056329
Kota Sukabumi,Cikole,0.611407173,Kota Sukabumi_Cikole,0.016702
Kota Sukabumi,Citamiang,0.613012147,Kota Sukabumi_Citamiang,0.048032
Kota Sukabumi,Gunung Puyuh,0.606321858,Kota Sukabumi_Gunung Puyuh,0.034008
Kota Sukabumi,Lembursitu,0.615697897,Kota Sukabumi_Lembursitu,0.038338
Kota Sukabumi,Warudoyong,0.61624036,Kota Sukabumi_Warudoyong,0.057394
Kota Surabaya,Asem Rowo,0.682750333,Kota Surabaya_Asem Rowo,-0.071094
Kota Surabaya,Benowo,0.676380103,Kota Surabaya_Benowo,-0.030517
Kota Surabaya,Bubutan,0.6572093,Kota Surabaya_Bubutan,-0.060064
Kota Surabaya,Bulak,0.671142853,Kota Surabaya_Bulak,-0.054742
Kota Surabaya,Dukuh Pakis,0.666153329,Kota Surabaya_Dukuh Pakis,-0.009546
Kota Surabaya,Gayungan,0.691203524,Kota Surabaya_Gayungan,-0.081164
Kota Surabaya,Genteng,0.668589158,Kota Surabaya_Genteng,-0.065677
Kota Surabaya,Gubeng,0.670608741,Kota Surabaya_Gubeng,-0.064164
Kota Surabaya,Gunung Anyar,0.649507695,Kota Surabaya_Gunung Anyar,-0.057121
Kota Surabaya,Jambangan,0.706436497,Kota Surabaya_Jambangan,-0.111266
Kota Surabaya,Karang Pilang,0.683525194,Kota Surabaya_Karang Pilang,-0.074000
Kota Surabaya,Kenjeran,0.683788654,Kota Surabaya_Kenjeran,-0.061518
Kota Surabaya,Krembangan,0.662527449,Kota Surabaya_Krembangan,-0.033773
Kota Surabaya,Lakarsantri,0.694940973,Kota Surabaya_Lakarsantri,-0.075175
Kota Surabaya,Mulyorejo,0.692348575,Kota Surabaya_Mulyorejo,-0.055415
Kota Surabaya,Pabean Cantian,0.65990867,Kota Surabaya_Pabean Cantian,-0.033339
Kota Surabaya,Pakal,0.698825538,Kota Surabaya_Pakal,-0.064502
Kota Surabaya,Rungkut,0.685994844,Kota Surabaya_Rungkut,-0.122154
Kota Surabaya,Sambikerep,0.664349487,Kota Surabaya_Sambikerep,-0.005148
Kota Surabaya,Sawahan,0.659337727,Kota Surabaya_Sawahan,-0.060786
Kota Surabaya,Semampir,0.686687891,Kota Surabaya_Semampir,-0.034784
Kota Surabaya,Simokerto,0.653822692,Kota Surabaya_Simokerto,-0.058057
Kota Surabaya,Sukolilo,0.668356223,Kota Surabaya_Sukolilo,-0.071504
Kota Surabaya,Sukomanunggal,0.682199234,Kota Surabaya_Sukomanunggal,-0.054214
Kota Surabaya,Tambaksari,0.669627676,Kota Surabaya_Tambaksari,-0.072816
Kota Surabaya,Tandes,0.671596764,Kota Surabaya_Tandes,-0.059720
Kota Surabaya,Tegalsari,0.713155698,Kota Surabaya_Tegalsari,-0.096847
Kota Surabaya,Tenggilis Mejoyo,0.662925223,Kota Surabaya_Tenggilis Mejoyo,-0.064485
Kota Surabaya,Wiyung,0.688252206,Kota Surabaya_Wiyung,-0.082111
Kota Surabaya,Wonocolo,0.690069985,Kota Surabaya_Wonocolo,-0.095035
Kota Surabaya,Wonokromo,0.710337944,Kota Surabaya_Wonokromo,-0.084957
Kota Surakarta,Banjarsari,0.637255636,Kota Surakarta_Banjarsari,0.027445
Kota Surakarta,Jebres,0.594769664,Kota Surakarta_Jebres,0.076403
Kota Surakarta,Laweyan,0.614117234,Kota Surakarta_Laweyan,0.048898
Kota Surakarta,Pasar Kliwon,0.618222913,Kota Surakarta_Pasar Kliwon,0.038855
Kota Surakarta,Serengan,0.611089116,Kota Surakarta_Serengan,0.047714
Kota Tangerang,Batuceper,0.721696976,Kota Tangerang_Batuceper,-0.063450
Kota Tangerang,Benda,0.732498019,Kota Tangerang_Benda,0.000469
Kota Tangerang,Cibodas,0.754049793,Kota Tangerang_Cibodas,-0.073602
Kota Tangerang,Ciledug,0.716878937,Kota Tangerang_Ciledug,-0.063523
Kota Tangerang,Cipondoh,0.739050479,Kota Tangerang_Cipondoh,-0.070847
Kota Tangerang,Jatiuwung,0.737712655,Kota Tangerang_Jatiuwung,-0.049017
Kota Tangerang,Karang Tengah,0.708995881,Kota Tangerang_Karang Tengah,-0.045962
Kota Tangerang,Karawaci,0.730836216,Kota Tangerang_Karawaci,-0.043121
Kota Tangerang,Larangan,0.676387537,Kota Tangerang_Larangan,-0.036365
Kota Tangerang,Neglasari,0.734952107,Kota Tangerang_Neglasari,0.015821
Kota Tangerang,Periuk,0.746768711,Kota Tangerang_Periuk,-0.022169
Kota Tangerang,Pinang,0.756193367,Kota Tangerang_Pinang,-0.034057
Kota Tangerang,Tangerang,0.728965514,Kota Tangerang_Tangerang,-0.016854
Kota Tangerang Selatan,Ciputat,0.708668427,Kota Tangerang Selatan_Ciputat,-0.024237
Kota Tangerang Selatan,Ciputat Timur,0.677102276,Kota Tangerang Selatan_Ciputat Timur,-0.004164
Kota Tangerang Selatan,Pamulang,0.725148298,Kota Tangerang Selatan_Pamulang,-0.028643
Kota Tangerang Selatan,Pondok Aren,0.723764619,Kota Tangerang Selatan_Pondok Aren,-0.008245
Kota Tangerang Selatan,Serpong,0.724459319,Kota Tangerang Selatan_Serpong,-0.007062
Kota Tangerang Selatan,Serpong Utara,0.736128342,Kota Tangerang Selatan_Serpong Utara,-0.027969
Kota Tangerang Selatan,Setu,0.74989908,Kota Tangerang Selatan_Setu,-0.028437
Kota Tasikmalaya,Bungursari,0.560881363,Kota Tasikmalaya_Bungursari,0.037445
Kota Tasikmalaya,Cibeureum,0.592043982,Kota Tasikmalaya_Cibeureum,0.032604
Kota Tasikmalaya,Cihideung,0.593609278,Kota Tasikmalaya_Cihideung,0.045384
Kota Tasikmalaya,Cipedes,0.582355326,Kota Tasikmalaya_Cipedes,0.082764
Kota Tasikmalaya,Indihiang,0.589788551,Kota Tasikmalaya_Indihiang,0.078240
Kota Tasikmalaya,Kawalu,0.607233265,Kota Tasikmalaya_Kawalu,-0.080251
Kota Tasikmalaya,Mangkubumi,0.583865406,Kota Tasikmalaya_Mangkubumi,0.018507
Kota Tasikmalaya,Purbaratu,0.576643319,Kota Tasikmalaya_Purbaratu,0.003205
Kota Tasikmalaya,Tamansari,0.588783844,Kota Tasikmalaya_Tamansari,-0.028665
Kota Tasikmalaya,Tawang,0.592757623,Kota Tasikmalaya_Tawang,0.040785
Kota Tegal,Margadana,0.77185157,Kota Tegal_Margadana,-0.082359
Kota Tegal,Tegal Barat,0.74163702,Kota Tegal_Tegal Barat,-0.046127
Kota Tegal,Tegal Selatan,0.743732763,Kota Tegal_Tegal Selatan,-0.071946
Kota Tegal,Tegal Timur,0.796848372,Kota Tegal_Tegal Timur,-0.103815
Kota Yogyakarta,Danurejan,0.604212363,Kota Yogyakarta_Danurejan,0.069556
Kota Yogyakarta,Gedongtengen,0.560264805,Kota Yogyakarta_Gedongtengen,0.100528
Kota Yogyakarta,Gondokusuman,0.584509587,Kota Yogyakarta_Gondokusuman,0.084875
Kota Yogyakarta,Gondomanan,0.606071985,Kota Yogyakarta_Gondomanan,0.064933
Kota Yogyakarta,Jetis,0.583967431,Kota Yogyakarta_Jetis,0.081803
Kota Yogyakarta,Kotagede,0.617581576,Kota Yogyakarta_Kotagede,0.049530
Kota Yogyakarta,Kraton,0.592051891,Kota Yogyakarta_Kraton,0.062325
Kota Yogyakarta,Mantrijeron,0.641245436,Kota Yogyakarta_Mantrijeron,0.036294
Kota Yogyakarta,Mergangsan,0.610391339,Kota Yogyakarta_Mergangsan,0.050979
Kota Yogyakarta,Ngampilan,0.621464566,Kota Yogyakarta_Ngampilan,0.045341
Kota Yogyakarta,Pakualaman,0.590168113,Kota Yogyakarta_Pakualaman,0.091686
Kota Yogyakarta,Tegalrejo,0.597109661,Kota Yogyakarta_Tegalrejo,0.059784
Kota Yogyakarta,Umbulharjo,0.59729744,Kota Yogyakarta_Umbulharjo,0.058774
Kota Yogyakarta,Wirobrajan,0.611762336,Kota Yogyakarta_Wirobrajan,0.063962
Kudus,Bae,0.700582547,Kudus_Bae,0.048371
Kudus,Dawe,0.621607878,Kudus_Dawe,0.081930
Kudus,Gebog,0.61884017,Kudus_Gebog,0.103776
Kudus,Jati,0.715262496,Kudus_Jati,0.087505
Kudus,Jekulo,0.64411548,Kudus_Jekulo,0.066373
Kudus,Kaliwungu,0.721709628,Kudus_Kaliwungu,0.108443
Kudus,Kota Kudus,0.706429419,Kudus_Kota Kudus,0.006648
Kudus,Mejobo,0.69765865,Kudus_Mejobo,0.081276
Kudus,Undaan,0.701185749,Kudus_Undaan,0.050424
Kulon Progo,Galur,0.694238126,Kulon Progo_Galur,0.057766
Kulon Progo,Girimulyo,0.600367507,Kulon Progo_Girimulyo,-0.007295
Kulon Progo,Kalibawang,0.539716325,Kulon Progo_Kalibawang,0.032373
Kulon Progo,Kokap,0.59266127,Kulon Progo_Kokap,0.002221
Kulon Progo,Lendah,0.656114095,Kulon Progo_Lendah,0.095025
Kulon Progo,Nanggulan,0.597865419,Kulon Progo_Nanggulan,0.039371
Kulon Progo,Panjatan,0.645866568,Kulon Progo_Panjatan,0.089322
Kulon Progo,Pengasih,0.609532874,Kulon Progo_Pengasih,0.004989
Kulon Progo,Samigaluh,0.522294205,Kulon Progo_Samigaluh,0.058083
Kulon Progo,Sentolo,0.639022437,Kulon Progo_Sentolo,0.092624
Kulon Progo,Temon,0.651358778,Kulon Progo_Temon,0.063511
Kulon Progo,Wates,0.646157639,Kulon Progo_Wates,0.071149
Kuningan,Ciawigebang,0.611007229,Kuningan_Ciawigebang,0.010885
Kuningan,Cibeureum,0.656246441,Kuningan_Cibeureum,-0.049584
Kuningan,Cibingbin,0.640406536,Kuningan_Cibingbin,-0.070214
Kuningan,Cidahu,0.708342575,Kuningan_Cidahu,-0.113835
Kuningan,Cigandamekar,0.696328988,Kuningan_Cigandamekar,-0.091988
Kuningan,Cigugur,0.649744647,Kuningan_Cigugur,-0.036558
Kuningan,Cilebak,0.566085617,Kuningan_Cilebak,-0.003744
Kuningan,Cilimus,0.650748252,Kuningan_Cilimus,-0.037090
Kuningan,Cimahi,0.746607398,Kuningan_Cimahi,-0.165968
Kuningan,Ciniru,0.588085124,Kuningan_Ciniru,0.003418
Kuningan,Cipicung,0.622068744,Kuningan_Cipicung,-0.019451
Kuningan,Ciwaru,0.589172774,Kuningan_Ciwaru,-0.004704
Kuningan,Darma,0.615714688,Kuningan_Darma,0.022496
Kuningan,Garawangi,0.605630849,Kuningan_Garawangi,-0.016784
Kuningan,Hantara,0.59181951,Kuningan_Hantara,0.017621
Kuningan,Jalaksana,0.686461247,Kuningan_Jalaksana,-0.068619
Kuningan,Japara,0.64061016,Kuningan_Japara,-0.028176
Kuningan,Kadugede,0.618413092,Kuningan_Kadugede,0.026651
Kuningan,Kalimanggis,0.692550003,Kuningan_Kalimanggis,-0.072129
Kuningan,Karang Kancana,0.571694508,Kuningan_Karang Kancana,0.047091
Kuningan,Kramatmulya,0.648646866,Kuningan_Kramatmulya,-0.015787
Kuningan,Kuningan,0.615216652,Kuningan_Kuningan,0.007680
Kuningan,Lebakwangi,0.612207887,Kuningan_Lebakwangi,0.007907
Kuningan,Luragung,0.637297241,Kuningan_Luragung,-0.088538
Kuningan,Maleber,0.600369998,Kuningan_Maleber,-0.012475
Kuningan,Mandirancan,0.66379289,Kuningan_Mandirancan,-0.054446
Kuningan,Nusaherang,0.595308418,Kuningan_Nusaherang,0.051266
Kuningan,Pancalang,0.644328179,Kuningan_Pancalang,-0.031511
Kuningan,Pasawahan,0.649999916,Kuningan_Pasawahan,-0.011409
Kuningan,Selajambe,0.577804617,Kuningan_Selajambe,0.028170
Kuningan,Sindangagung,0.638515965,Kuningan_Sindangagung,0.013357
Kuningan,Subang,0.590951146,Kuningan_Subang,-0.014466
Lamongan,Babat,0.603009482,Lamongan_Babat,0.054262
Lamongan,Bluluk,0.625347307,Lamongan_Bluluk,-0.034689
Lamongan,Brondong,0.58102564,Lamongan_Brondong,0.046191
Lamongan,Deket,0.590026268,Lamongan_Deket,0.090731
Lamongan,Glagah,0.548760632,Lamongan_Glagah,0.105589
Lamongan,Kalitengah,0.59479378,Lamongan_Kalitengah,0.082842
Lamongan,Karangbinangun,0.606245696,Lamongan_Karangbinangun,0.060449
Lamongan,Karanggeneng,0.594532768,Lamongan_Karanggeneng,0.100724
Lamongan,Kedungpring,0.625087991,Lamongan_Kedungpring,0.028596
Lamongan,Kembangbahu,0.63680447,Lamongan_Kembangbahu,-0.071725
Lamongan,Lamongan,0.603323582,Lamongan_Lamongan,0.069303
Lamongan,Laren,0.536725605,Lamongan_Laren,0.111199
Lamongan,Maduran,0.592606462,Lamongan_Maduran,0.099050
Lamongan,Mantup,0.62041417,Lamongan_Mantup,-0.063328
Lamongan,Modo,0.630127784,Lamongan_Modo,-0.046725
Lamongan,Ngimbang,0.615139224,Lamongan_Ngimbang,-0.039629
Lamongan,Paciran,0.379733758,Lamongan_Paciran,0.255467
Lamongan,Pucuk,0.572651559,Lamongan_Pucuk,0.109039
Lamongan,Sambeng,0.628543547,Lamongan_Sambeng,-0.067192
Lamongan,Sarirejo,0.634600857,Lamongan_Sarirejo,-0.036766
Lamongan,Sekaran,0.594451827,Lamongan_Sekaran,0.056447
Lamongan,Solokuro,0.515776095,Lamongan_Solokuro,0.059875
Lamongan,Sugio,0.626297166,Lamongan_Sugio,0.003505
Lamongan,Sukodadi,0.590188164,Lamongan_Sukodadi,0.053032
Lamongan,Sukorame,0.610708757,Lamongan_Sukorame,0.005573
Lamongan,Tikung,0.659670307,Lamongan_Tikung,-0.039855
Lamongan,Turi,0.5680742,Lamongan_Turi,0.114345
Lebak,Banjarsari,0.562542077,Lebak_Banjarsari,0.089544
Lebak,Bayah,0.596475072,Lebak_Bayah,0.087411
Lebak,Bojongmanik,0.578157218,Lebak_Bojongmanik,0.024186
Lebak,Cibadak,0.628505396,Lebak_Cibadak,0.016460
Lebak,Cibeber,0.618584736,Lebak_Cibeber,0.040193
Lebak,Cigemlong,0.601331807,Lebak_Cigemlong,0.068613
Lebak,Cihara,0.581025153,Lebak_Cihara,0.071895
Lebak,Cijaku,0.575584499,Lebak_Cijaku,0.090325
Lebak,Cikulur,0.60134433,Lebak_Cikulur,-0.012241
Lebak,Cileles,0.552139638,Lebak_Cileles,0.029477
Lebak,Cilograng,0.606555591,Lebak_Cilograng,0.069041
Lebak,Cimarga,0.59092263,Lebak_Cimarga,-0.036860
Lebak,Cipanas,0.582336094,Lebak_Cipanas,-0.004509
Lebak,Cirinten,0.590054224,Lebak_Cirinten,0.029282
Lebak,Curug Bitung,0.606305353,Lebak_Curug Bitung,-0.065151
Lebak,Gunungkencana,0.560471354,Lebak_Gunungkencana,0.104929
Lebak,Kalanganyar,0.62115231,Lebak_Kalanganyar,-0.024940
Lebak,Lebakgedong,0.603982205,Lebak_Lebakgedong,0.026735
Lebak,Leuwidamar,0.58941599,Lebak_Leuwidamar,-0.006066
Lebak,Maja,0.629244512,Lebak_Maja,-0.053735
Lebak,Malingping,0.55418208,Lebak_Malingping,0.107717
Lebak,Muncang,0.583936796,Lebak_Muncang,-0.000251
Lebak,Panggarangan,0.597298465,Lebak_Panggarangan,0.083972
Lebak,Rangkasbitung,0.620446262,Lebak_Rangkasbitung,0.001310
Lebak,Sajira,0.556549195,Lebak_Sajira,-0.035173
Lebak,Sobang,0.611198413,Lebak_Sobang,-0.008008
Lebak,Wanasalam,0.571638046,Lebak_Wanasalam,0.149338
Lebak,Warunggunung,0.615559887,Lebak_Warunggunung,-0.031207
Lumajang,Candipuro,0.505492269,Lumajang_Candipuro,-0.034944
Lumajang,Gucialit,0.503634448,Lumajang_Gucialit,-0.069093
Lumajang,Jatiroto,0.527607445,Lumajang_Jatiroto,-0.023894
Lumajang,Kedungjajang,0.491767446,Lumajang_Kedungjajang,-0.021762
Lumajang,Klakah,0.481209649,Lumajang_Klakah,-0.057321
Lumajang,Kunir,0.533727261,Lumajang_Kunir,-0.029518
Lumajang,Lumajang,0.548111591,Lumajang_Lumajang,0.026205
Lumajang,Padang,0.483081078,Lumajang_Padang,-0.028191
Lumajang,Pasirian,0.487131111,Lumajang_Pasirian,-0.031154
Lumajang,Pasrujambe,0.559901976,Lumajang_Pasrujambe,-0.094141
Lumajang,Pronojiwo,0.542108227,Lumajang_Pronojiwo,-0.078600
Lumajang,Randuagung,0.505889936,Lumajang_Randuagung,-0.035778
Lumajang,Ranuyoso,0.486130029,Lumajang_Ranuyoso,-0.055207
Lumajang,Rowokangkung,0.534350089,Lumajang_Rowokangkung,-0.046448
Lumajang,Senduro,0.548683839,Lumajang_Senduro,-0.084309
Lumajang,Sukodono,0.552402436,Lumajang_Sukodono,-0.008775
Lumajang,Sumbersuko,0.536444131,Lumajang_Sumbersuko,-0.035817
Lumajang,Tekung,0.540185347,Lumajang_Tekung,-0.036938
Lumajang,Tempeh,0.528473622,Lumajang_Tempeh,-0.033663
Lumajang,Tempursari,0.515025092,Lumajang_Tempursari,-0.077007
Lumajang,Yosowilangun,0.555950098,Lumajang_Yosowilangun,-0.023709
Madiun,Balerejo,0.57774221,Madiun_Balerejo,-0.004569
Madiun,Dagangan,0.527514457,Madiun_Dagangan,0.023465
Madiun,Dolopo,0.545624589,Madiun_Dolopo,0.056941
Madiun,Geger,0.581664442,Madiun_Geger,0.050221
Madiun,Gemarang,0.57435131,Madiun_Gemarang,-0.045006
Madiun,Jiwan,0.563658714,Madiun_Jiwan,0.058781
Madiun,Kare,0.522610854,Madiun_Kare,0.033089
Madiun,Kebonsari,0.546921452,Madiun_Kebonsari,-0.016061
Madiun,Madiun,0.569148788,Madiun_Madiun,0.033881
Madiun,Mejayan,0.576859276,Madiun_Mejayan,0.013151
Madiun,Pilangkenceng,0.603741087,Madiun_Pilangkenceng,0.060607
Madiun,Saradan,0.57710281,Madiun_Saradan,0.028634
Madiun,Sawahan,0.585140789,Madiun_Sawahan,0.003928
Madiun,Wonoasri,0.582116227,Madiun_Wonoasri,0.031151
Madiun,Wungu,0.56137713,Madiun_Wungu,-0.005013
Magelang,Bandongan,0.557030179,Magelang_Bandongan,0.024543
Magelang,Borobudur,0.559892116,Magelang_Borobudur,0.040359
Magelang,Candimulyo,0.517853936,Magelang_Candimulyo,0.061037
Magelang,Dukun,0.508024903,Magelang_Dukun,0.075023
Magelang,Grabag,0.595018449,Magelang_Grabag,-0.013871
Magelang,Kajoran,0.609530888,Magelang_Kajoran,0.028123
Magelang,Kaliangkrik,0.59274028,Magelang_Kaliangkrik,0.024474
Magelang,Mertoyudan,0.528262311,Magelang_Mertoyudan,0.126531
Magelang,Mungkid,0.533505472,Magelang_Mungkid,0.116978
Magelang,Muntilan,0.576375855,Magelang_Muntilan,0.090268
Magelang,Ngablak,0.593302843,Magelang_Ngablak,-0.008972
Magelang,Ngluwar,0.537832853,Magelang_Ngluwar,0.136737
Magelang,Pakis,0.54009755,Magelang_Pakis,0.046359
Magelang,Salam,0.533117666,Magelang_Salam,0.089963
Magelang,Salaman,0.572823948,Magelang_Salaman,0.040809
Magelang,Sawangan,0.511845671,Magelang_Sawangan,0.074355
Magelang,Secang,0.563534204,Magelang_Secang,0.052488
Magelang,Srumbung,0.544963526,Magelang_Srumbung,0.042891
Magelang,Tegalrejo,0.532319781,Magelang_Tegalrejo,0.071579
Magelang,Tempuran,0.529994089,Magelang_Tempuran,0.047545
Magelang,Windusari,0.600162462,Magelang_Windusari,0.011638
Magetan,Barat,0.56986931,Magetan_Barat,0.056940
Magetan,Bendo,0.530322265,Magetan_Bendo,0.090713
Magetan,Karangrejo,0.592024353,Magetan_Karangrejo,0.055897
Magetan,Karas,0.585141036,Magetan_Karas,0.094616
Magetan,Kartoharjo,0.569975996,Magetan_Kartoharjo,0.056231
Magetan,Kawedanan,0.512376395,Magetan_Kawedanan,0.124191
Magetan,Lembeyan,0.532537951,Magetan_Lembeyan,0.045226
Magetan,Magetan,0.541684475,Magetan_Magetan,0.073273
Magetan,Maospati,0.591773552,Magetan_Maospati,0.067231
Magetan,Ngariboyo,0.545319884,Magetan_Ngariboyo,0.048092
Magetan,Nguntoronadi,0.542865726,Magetan_Nguntoronadi,0.005499
Magetan,Panekan,0.514164775,Magetan_Panekan,0.068556
Magetan,Parang,0.522124384,Magetan_Parang,0.065438
Magetan,Plaosan,0.539053783,Magetan_Plaosan,0.055671
Magetan,Poncol,0.540246601,Magetan_Poncol,0.004999
Magetan,Sidorejo,0.513604815,Magetan_Sidorejo,0.043879
Magetan,Sukomoro,0.581812423,Magetan_Sukomoro,0.099676
Magetan,Takeran,0.555454143,Magetan_Takeran,0.041770
Majalengka,Argapura,0.654070799,Majalengka_Argapura,-0.000405
Majalengka,Banjaran,0.629543237,Majalengka_Banjaran,0.034115
Majalengka,Bantarujeg,0.613277278,Majalengka_Bantarujeg,0.020185
Majalengka,Cigasong,0.616775696,Majalengka_Cigasong,-0.014957
Majalengka,Cikijing,0.618581844,Majalengka_Cikijing,0.053970
Majalengka,Cingambul,0.633746959,Majalengka_Cingambul,0.031020
Majalengka,Dawuan,0.648645443,Majalengka_Dawuan,0.012007
Majalengka,Jatitujuh,0.72004478,Majalengka_Jatitujuh,-0.090299
Majalengka,Jatiwangi,0.668683486,Majalengka_Jatiwangi,-0.057609
Majalengka,Kadipaten,0.640368814,Majalengka_Kadipaten,-0.018940
Majalengka,Kasokandel,0.614087614,Majalengka_Kasokandel,-0.028488
Majalengka,Kertajati,0.677229922,Majalengka_Kertajati,-0.069583
Majalengka,Lemahsugih,0.599273662,Majalengka_Lemahsugih,0.027025
Majalengka,Leuwimunding,0.652570591,Majalengka_Leuwimunding,-0.043655
Majalengka,Ligung,0.726710603,Majalengka_Ligung,-0.092194
Majalengka,Maja,0.609376094,Majalengka_Maja,0.040023
Majalengka,Majalengka,0.615705182,Majalengka_Majalengka,-0.011219
Majalengka,Malausma,0.623166148,Majalengka_Malausma,0.004004
Majalengka,Palasah,0.66810915,Majalengka_Palasah,-0.051191
Majalengka,Panyingkiran,0.596101291,Majalengka_Panyingkiran,0.005746
Majalengka,Rajagaluh,0.66688294,Majalengka_Rajagaluh,-0.046151
Majalengka,Sindang,0.642391136,Majalengka_Sindang,-0.042637
Majalengka,Sindangwangi,0.662434416,Majalengka_Sindangwangi,-0.043568
Majalengka,Sukahaji,0.618962087,Majalengka_Sukahaji,-0.002166
Majalengka,Sumberjaya,0.722793609,Majalengka_Sumberjaya,-0.078052
Majalengka,Talaga,0.634297198,Majalengka_Talaga,0.035357
Malang,Ampelgading,0.505956854,Malang_Ampelgading,-0.068282
Malang,Bantur,0.491331863,Malang_Bantur,0.001280
Malang,Bululawang,0.539208552,Malang_Bululawang,0.033876
Malang,Dampit,0.47379644,Malang_Dampit,-0.025815
Malang,Dau,0.545609075,Malang_Dau,-0.068652
Malang,Donomulyo,0.529062427,Malang_Donomulyo,-0.019300
Malang,Gedangan,0.472227284,Malang_Gedangan,0.010162
Malang,Gondanglegi,0.511236487,Malang_Gondanglegi,0.051999
Malang,Jabung,0.50400672,Malang_Jabung,-0.053540
Malang,Kalipare,0.450753106,Malang_Kalipare,0.097739
Malang,Karangploso,0.534020469,Malang_Karangploso,-0.035822
Malang,Kasembon,0.512313433,Malang_Kasembon,-0.073304
Malang,Kepanjen,0.534400668,Malang_Kepanjen,0.030131
Malang,Kromengan,0.494718057,Malang_Kromengan,0.012490
Malang,Lawang,0.524066354,Malang_Lawang,-0.042050
Malang,Ngajum,0.520187559,Malang_Ngajum,-0.061791
Malang,Ngantang,0.554788862,Malang_Ngantang,-0.053720
Malang,Pagak,0.461273297,Malang_Pagak,0.067913
Malang,Pagelaran,0.499374467,Malang_Pagelaran,0.070540
Malang,Pakis,0.538698075,Malang_Pakis,0.038483
Malang,Pakisaji,0.552973989,Malang_Pakisaji,-0.017165
Malang,Poncokusumo,0.541959971,Malang_Poncokusumo,-0.069519
Malang,Pujon,0.572331409,Malang_Pujon,-0.090119
Malang,Singosari,0.522095225,Malang_Singosari,-0.034059
Malang,Sumbermanjing Wetan,0.502199734,Malang_Sumbermanjing Wetan,-0.061755
Malang,Sumberpucung,0.499414714,Malang_Sumberpucung,0.045232
Malang,Tajinan,0.532023424,Malang_Tajinan,-0.034741
Malang,Tirtoyudo,0.504454918,Malang_Tirtoyudo,-0.056387
Malang,Tumpang,0.517359461,Malang_Tumpang,-0.051536
Malang,Turen,0.508194613,Malang_Turen,0.074331
Malang,Wagir,0.539359456,Malang_Wagir,-0.070159
Malang,Wajak,0.47402681,Malang_Wajak,0.013945
Malang,Wonosari,0.514594065,Malang_Wonosari,-0.064281
Mojokerto,Bangsal,0.670386557,Mojokerto_Bangsal,-0.075728
Mojokerto,Dawarblandong,0.650610558,Mojokerto_Dawarblandong,-0.064825
Mojokerto,Dlanggu,0.631578107,Mojokerto_Dlanggu,-0.047950
Mojokerto,Gedeg,0.652686809,Mojokerto_Gedeg,-0.048467
Mojokerto,Gondang,0.563028651,Mojokerto_Gondang,-0.089616
Mojokerto,Jatirejo,0.579549407,Mojokerto_Jatirejo,-0.102185
Mojokerto,Jetis,0.683880018,Mojokerto_Jetis,-0.043198
Mojokerto,Kemlagi,0.640619033,Mojokerto_Kemlagi,-0.053459
Mojokerto,Kutorejo,0.651851647,Mojokerto_Kutorejo,-0.068297
Mojokerto,Mojoanyar,0.679434627,Mojokerto_Mojoanyar,-0.083298
Mojokerto,Mojosari,0.682909731,Mojokerto_Mojosari,-0.072416
Mojokerto,Ngoro,0.665700801,Mojokerto_Ngoro,-0.084440
Mojokerto,Pacet,0.565284142,Mojokerto_Pacet,-0.115334
Mojokerto,Pungging,0.662071022,Mojokerto_Pungging,-0.078337
Mojokerto,Puri,0.671484745,Mojokerto_Puri,-0.064181
Mojokerto,Sooko,0.653079111,Mojokerto_Sooko,-0.093853
Mojokerto,Trawas,0.579985961,Mojokerto_Trawas,-0.130728
Mojokerto,Trowulan,0.632347966,Mojokerto_Trowulan,-0.040863
Nan,Nan,0.692490359,Nan_Nan,-0.113953
Nganjuk,Bagor,0.604239606,Nganjuk_Bagor,0.031652
Nganjuk,Baron,0.598664847,Nganjuk_Baron,0.048799
Nganjuk,Berbek,0.580696935,Nganjuk_Berbek,0.034537
Nganjuk,Gondang,0.586080572,Nganjuk_Gondang,0.077398
Nganjuk,Jatikalen,0.588002511,Nganjuk_Jatikalen,0.024821
Nganjuk,Kertosono,0.617771324,Nganjuk_Kertosono,0.034391
Nganjuk,Lengkong,0.565529623,Nganjuk_Lengkong,0.033331
Nganjuk,Loceret,0.554382733,Nganjuk_Loceret,0.029299
Nganjuk,Nganjuk,0.616332648,Nganjuk_Nganjuk,0.028306
Nganjuk,Ngetos,0.566515023,Nganjuk_Ngetos,-0.006161
Nganjuk,Ngluyu,0.576966634,Nganjuk_Ngluyu,0.005296
Nganjuk,Ngronggot,0.609494307,Nganjuk_Ngronggot,-0.004286
Nganjuk,Pace,0.571517701,Nganjuk_Pace,0.075828
Nganjuk,Patianrowo,0.577783701,Nganjuk_Patianrowo,0.074061
Nganjuk,Prambon,0.59328339,Nganjuk_Prambon,-0.078036
Nganjuk,Rejoso,0.60657378,Nganjuk_Rejoso,0.046659
Nganjuk,Sawahan,0.512274799,Nganjuk_Sawahan,0.041887
Nganjuk,Sukomoro,0.612363979,Nganjuk_Sukomoro,0.052550
Nganjuk,Tanjunganom,0.589966932,Nganjuk_Tanjunganom,0.029361
Nganjuk,Wilangan,0.588521022,Nganjuk_Wilangan,0.015352
Ngawi,Bringin,0.582503959,Ngawi_Bringin,0.048600
Ngawi,Geneng,0.600406787,Ngawi_Geneng,0.006899
Ngawi,Gerih,0.593538892,Ngawi_Gerih,0.090540
Ngawi,Jogorogo,0.499900912,Ngawi_Jogorogo,0.055500
Ngawi,Karanganyar,0.567632775,Ngawi_Karanganyar,0.057693
Ngawi,Karangjati,0.619239979,Ngawi_Karangjati,0.034612
Ngawi,Kasreman,0.611444616,Ngawi_Kasreman,0.056786
Ngawi,Kedunggalar,0.604116172,Ngawi_Kedunggalar,0.055103
Ngawi,Kendal,0.533633186,Ngawi_Kendal,0.078356
Ngawi,Kwadungan,0.590412531,Ngawi_Kwadungan,-0.033081
Ngawi,Mantingan,0.552792091,Ngawi_Mantingan,0.103014
Ngawi,Ngawi,0.61962002,Ngawi_Ngawi,0.032541
Ngawi,Ngrambe,0.52017283,Ngawi_Ngrambe,0.054127
Ngawi,Padas,0.620702005,Ngawi_Padas,-0.010994
Ngawi,Pangkur,0.592226392,Ngawi_Pangkur,0.003560
Ngawi,Paron,0.588311244,Ngawi_Paron,0.055770
Ngawi,Pitu,0.599239558,Ngawi_Pitu,0.027833
Ngawi,Sine,0.486496035,Ngawi_Sine,0.069931
Ngawi,Widodaren,0.552255066,Ngawi_Widodaren,0.094214
Pacitan,Arjosari,0.54491909,Pacitan_Arjosari,0.018959
Pacitan,Bandar,0.547948778,Pacitan_Bandar,-0.008209
Pacitan,Donorojo,0.58498064,Pacitan_Donorojo,0.007249
Pacitan,Kebonagung,0.552795702,Pacitan_Kebonagung,0.038866
Pacitan,Nawangan,0.563124114,Pacitan_Nawangan,-0.010445
Pacitan,Ngadirojo,0.525165587,Pacitan_Ngadirojo,0.063383
Pacitan,Pacitan,0.544299736,Pacitan_Pacitan,0.080935
Pacitan,Pringkuku,0.547101458,Pacitan_Pringkuku,0.051533
Pacitan,Punung,0.55651001,Pacitan_Punung,0.039873
Pacitan,Sudimoro,0.531769381,Pacitan_Sudimoro,0.049691
Pacitan,Tegalombo,0.559900571,Pacitan_Tegalombo,0.001516
Pacitan,Tulakan,0.532696163,Pacitan_Tulakan,0.040230
Pamekasan,Batumarmar,0.578843177,Pamekasan_Batumarmar,0.069797
Pamekasan,Galis,0.654452748,Pamekasan_Galis,-0.065755
Pamekasan,Kadur,0.593401803,Pamekasan_Kadur,0.031174
Pamekasan,Larangan,0.611100228,Pamekasan_Larangan,-0.029082
Pamekasan,Pademawu,0.632091972,Pamekasan_Pademawu,-0.026434
Pamekasan,Pakong,0.619986488,Pamekasan_Pakong,0.021453
Pamekasan,Palengaan,0.634390913,Pamekasan_Palengaan,-0.021452
Pamekasan,Pamekasan,0.668756359,Pamekasan_Pamekasan,-0.019829
Pamekasan,Pasean,0.587427492,Pamekasan_Pasean,0.034773
Pamekasan,Pegantenan,0.598197332,Pamekasan_Pegantenan,0.028592
Pamekasan,Proppo,0.660831561,Pamekasan_Proppo,-0.029339
Pamekasan,Tlanakan,0.639145808,Pamekasan_Tlanakan,-0.025289
Pamekasan,Waru,0.571995129,Pamekasan_Waru,0.047291
Pandeglang,Angsana,0.547260639,Pandeglang_Angsana,0.152579
Pandeglang,Banjar,0.599105951,Pandeglang_Banjar,-0.011026
Pandeglang,Bojong,0.584055943,Pandeglang_Bojong,0.078270
Pandeglang,Cadasari,0.599034803,Pandeglang_Cadasari,-0.036679
Pandeglang,Carita,0.566672678,Pandeglang_Carita,0.087663
Pandeglang,Cibaliung,0.547624942,Pandeglang_Cibaliung,0.174818
Pandeglang,Cibitung,0.558107794,Pandeglang_Cibitung,0.161765
Pandeglang,Cigeulis,0.544122415,Pandeglang_Cigeulis,0.112696
Pandeglang,Cikedal,0.582835705,Pandeglang_Cikedal,0.100704
Pandeglang,Cikeusik,0.557908527,Pandeglang_Cikeusik,0.148360
Pandeglang,Cimanggu,0.635173493,Pandeglang_Cimanggu,0.032559
Pandeglang,Cimanuk,0.582745401,Pandeglang_Cimanuk,0.020744
Pandeglang,Cipeucang,0.583822405,Pandeglang_Cipeucang,-0.026566
Pandeglang,Cisata,0.577277536,Pandeglang_Cisata,0.072531
Pandeglang,Jiput,0.582305357,Pandeglang_Jiput,0.083098
Pandeglang,Kaduhejo,0.575331574,Pandeglang_Kaduhejo,0.006433
Pandeglang,Karang Tanjung,0.618192339,Pandeglang_Karang Tanjung,-0.040007
Pandeglang,Koroncong,0.605090303,Pandeglang_Koroncong,-0.033546
Pandeglang,Labuan,0.611357355,Pandeglang_Labuan,0.134131
Pandeglang,Majasari,0.599922132,Pandeglang_Majasari,-0.003631
Pandeglang,Mandalawangi,0.584210324,Pandeglang_Mandalawangi,0.005467
Pandeglang,Mekarjaya,0.591404331,Pandeglang_Mekarjaya,-0.006848
Pandeglang,Menes,0.600241682,Pandeglang_Menes,0.021579
Pandeglang,Munjul,0.553363884,Pandeglang_Munjul,0.115952
Pandeglang,Pagelaran,0.583626033,Pandeglang_Pagelaran,0.159640
Pandeglang,Pandeglang,0.614414947,Pandeglang_Pandeglang,-0.015156
Pandeglang,Panimbang,0.590940186,Pandeglang_Panimbang,0.175024
Pandeglang,Patia,0.608170897,Pandeglang_Patia,0.171589
Pandeglang,Picung,0.60210553,Pandeglang_Picung,0.108959
Pandeglang,Pulosari,0.585539717,Pandeglang_Pulosari,0.018782
Pandeglang,Saketi,0.570231589,Pandeglang_Saketi,0.065221
Pandeglang,Sindangresmi,0.590694951,Pandeglang_Sindangresmi,0.103198
Pandeglang,Sobang,0.542428294,Pandeglang_Sobang,0.130580
Pandeglang,Sukaresmi,0.611509546,Pandeglang_Sukaresmi,0.094307
Pandeglang,Sumur,0.542132013,Pandeglang_Sumur,0.177721
Pangandaran,Cigugur,0.595382485,Pangandaran_Cigugur,-0.128501
Pangandaran,Cijulang,0.586831357,Pangandaran_Cijulang,-0.116308
Pangandaran,Cimerak,0.599051944,Pangandaran_Cimerak,-0.131444
Pangandaran,Kalipucang,0.558553377,Pangandaran_Kalipucang,0.005313
Pangandaran,Langkaplancar,0.597405204,Pangandaran_Langkaplancar,-0.064879
Pangandaran,Mangunjaya,0.633412666,Pangandaran_Mangunjaya,-0.094898
Pangandaran,Padaherang,0.617914981,Pangandaran_Padaherang,-0.085770
Pangandaran,Pangandaran,0.605991438,Pangandaran_Pangandaran,-0.064305
Pangandaran,Parigi,0.55972132,Pangandaran_Parigi,-0.072422
Pangandaran,Sidamulih,0.590720431,Pangandaran_Sidamulih,-0.071439
Pasuruan,Bangil,0.700434747,Pasuruan_Bangil,-0.139626
Pasuruan,Beji,0.713397788,Pasuruan_Beji,-0.112242
Pasuruan,Gempol,0.677543153,Pasuruan_Gempol,-0.084532
Pasuruan,Gondangwetan,0.625600141,Pasuruan_Gondangwetan,-0.092189
Pasuruan,Grati,0.613855462,Pasuruan_Grati,-0.000503
Pasuruan,Kejayan,0.604219581,Pasuruan_Kejayan,-0.056452
Pasuruan,Kraton,0.663575378,Pasuruan_Kraton,-0.080793
Pasuruan,Lekok,0.657376898,Pasuruan_Lekok,-0.077148
Pasuruan,Lumbang,0.555203871,Pasuruan_Lumbang,-0.070058
Pasuruan,Nguling,0.599514591,Pasuruan_Nguling,0.051804
Pasuruan,Pandaan,0.616980851,Pasuruan_Pandaan,-0.028807
Pasuruan,Pasrepan,0.558281059,Pasuruan_Pasrepan,-0.104144
Pasuruan,Pohjentrek,0.660491723,Pasuruan_Pohjentrek,-0.090567
Pasuruan,Prigen,0.582453274,Pasuruan_Prigen,-0.124139
Pasuruan,Purwodadi,0.527297647,Pasuruan_Purwodadi,-0.084745
Pasuruan,Purwosari,0.535622749,Pasuruan_Purwosari,-0.021976
Pasuruan,Puspo,0.507206382,Pasuruan_Puspo,-0.040158
Pasuruan,Rejoso,0.677032026,Pasuruan_Rejoso,-0.118996
Pasuruan,Rembang,0.663223095,Pasuruan_Rembang,-0.082325
Pasuruan,Sukorejo,0.61671432,Pasuruan_Sukorejo,-0.032673
Pasuruan,Tosari,0.551487694,Pasuruan_Tosari,-0.030574
Pasuruan,Tutur,0.508007938,Pasuruan_Tutur,-0.058311
Pasuruan,Winongan,0.591551332,Pasuruan_Winongan,-0.022072
Pasuruan,Wonorejo,0.588874128,Pasuruan_Wonorejo,-0.040311
Pati,Batangan,0.64259166,Pati_Batangan,0.075096
Pati,Cluwak,0.550581712,Pati_Cluwak,0.174706
Pati,Dukuhseti,0.519990537,Pati_Dukuhseti,0.236374
Pati,Gabus,0.657414932,Pati_Gabus,0.121650
Pati,Gembong,0.624841728,Pati_Gembong,0.114440
Pati,Gunungwungkal,0.594131562,Pati_Gunungwungkal,0.137993
Pati,Jaken,0.687856106,Pati_Jaken,0.024822
Pati,Jakenan,0.678099204,Pati_Jakenan,0.081251
Pati,Juwana,0.649805905,Pati_Juwana,0.079124
Pati,Kayen,0.686884651,Pati_Kayen,0.030067
Pati,Margorejo,0.652276677,Pati_Margorejo,0.084013
Pati,Margoyoso,0.583284034,Pati_Margoyoso,0.181548
Pati,Pati,0.637765406,Pati_Pati,0.127299
Pati,Pucakwangi,0.661296614,Pati_Pucakwangi,0.029005
Pati,Sukolilo,0.701565102,Pati_Sukolilo,0.058970
Pati,Tambakromo,0.645975018,Pati_Tambakromo,0.062129
Pati,Tayu,0.592365242,Pati_Tayu,0.130616
Pati,Tlogowungu,0.584087893,Pati_Tlogowungu,0.127383
Pati,Trangkil,0.597790305,Pati_Trangkil,0.150737
Pati,Wedarijaksa,0.633926691,Pati_Wedarijaksa,0.108419
Pati,Winong,0.685676544,Pati_Winong,0.054966
Pekalongan,Bojong,0.796475804,Pekalongan_Bojong,-0.057160
Pekalongan,Buaran,0.806756953,Pekalongan_Buaran,-0.009294
Pekalongan,Doro,0.746964661,Pekalongan_Doro,-0.110491
Pekalongan,Kajen,0.780047761,Pekalongan_Kajen,-0.162564
Pekalongan,Kandangserang,0.701042681,Pekalongan_Kandangserang,-0.046978
Pekalongan,Karanganyar,0.727908699,Pekalongan_Karanganyar,-0.109460
Pekalongan,Karangdadap,0.803000797,Pekalongan_Karangdadap,-0.070394
Pekalongan,Kedungwuni,0.81367426,Pekalongan_Kedungwuni,-0.036911
Pekalongan,Kesesi,0.789927823,Pekalongan_Kesesi,-0.091889
Pekalongan,Lebakbarang,0.665195023,Pekalongan_Lebakbarang,-0.042923
Pekalongan,Paninggaran,0.700426157,Pekalongan_Paninggaran,-0.065420
Pekalongan,Petungkriyono,0.655374003,Pekalongan_Petungkriyono,0.008395
Pekalongan,Siwalan,0.848086192,Pekalongan_Siwalan,-0.037812
Pekalongan,Sragi,0.794649461,Pekalongan_Sragi,-0.036217
Pekalongan,Talun,0.720214681,Pekalongan_Talun,-0.109206
Pekalongan,Tirto,0.827958254,Pekalongan_Tirto,-0.024892
Pekalongan,Wiradesa,0.786889638,Pekalongan_Wiradesa,-0.024637
Pekalongan,Wonokerto,0.770639459,Pekalongan_Wonokerto,0.005466
Pekalongan,Wonopringgo,0.810489906,Pekalongan_Wonopringgo,-0.038080
Pemalang,Ampelgading,0.803101563,Pemalang_Ampelgading,-0.040764
Pemalang,Bantarbolang,0.737775981,Pemalang_Bantarbolang,-0.096911
Pemalang,Belik,0.711140168,Pemalang_Belik,-0.051476
Pemalang,Bodeh,0.765683355,Pemalang_Bodeh,-0.118665
Pemalang,Comal,0.838547372,Pemalang_Comal,-0.021534
Pemalang,Moga,0.707464993,Pemalang_Moga,-0.085926
Pemalang,Pemalang,0.79214522,Pemalang_Pemalang,-0.069412
Pemalang,Petarukan,0.847980223,Pemalang_Petarukan,-0.114152
Pemalang,Pulosari,0.672529368,Pemalang_Pulosari,-0.052458
Pemalang,Randudongkal,0.737909226,Pemalang_Randudongkal,-0.094712
Pemalang,Taman,0.793726017,Pemalang_Taman,-0.051163
Pemalang,Ulujami,0.792561733,Pemalang_Ulujami,0.016777
Pemalang,Warungpring,0.719869453,Pemalang_Warungpring,-0.114279
Pemalang,Watukumpul,0.731824042,Pemalang_Watukumpul,-0.086646
Ponorogo,Babadan,0.5608076,Ponorogo_Babadan,0.004588
Ponorogo,Badegan,0.51669959,Ponorogo_Badegan,0.036204
Ponorogo,Balong,0.532116699,Ponorogo_Balong,0.034156
Ponorogo,Bungkal,0.536643288,Ponorogo_Bungkal,0.036579
Ponorogo,Jambon,0.512017529,Ponorogo_Jambon,0.072021
Ponorogo,Jenangan,0.551931732,Ponorogo_Jenangan,0.011404
Ponorogo,Jetis,0.556627502,Ponorogo_Jetis,0.009365
Ponorogo,Kauman,0.572808228,Ponorogo_Kauman,0.026160
Ponorogo,Mlarak,0.549232585,Ponorogo_Mlarak,0.039078
Ponorogo,Ngebel,0.512152193,Ponorogo_Ngebel,-0.015052
Ponorogo,Ngrayun,0.581326973,Ponorogo_Ngrayun,-0.012598
Ponorogo,Ponorogo,0.569528899,Ponorogo_Ponorogo,0.029192
Ponorogo,Pudak,0.587074889,Ponorogo_Pudak,-0.045015
Ponorogo,Pulung,0.527201143,Ponorogo_Pulung,0.039589
Ponorogo,Sambit,0.544847333,Ponorogo_Sambit,0.018656
Ponorogo,Sampung,0.512587778,Ponorogo_Sampung,0.023714
Ponorogo,Sawoo,0.526345764,Ponorogo_Sawoo,0.024430
Ponorogo,Siman,0.546721168,Ponorogo_Siman,0.036945
Ponorogo,Slahung,0.516078554,Ponorogo_Slahung,0.063104
Ponorogo,Sooko,0.557315396,Ponorogo_Sooko,-0.010394
Ponorogo,Sukorejo,0.554806454,Ponorogo_Sukorejo,0.011319
Probolinggo,Bantaran,0.538584739,Probolinggo_Bantaran,0.009513
Probolinggo,Banyuanyar,0.551602986,Probolinggo_Banyuanyar,-0.015503
Probolinggo,Besuk,0.512231621,Probolinggo_Besuk,0.045090
Probolinggo,Dringu,0.617828338,Probolinggo_Dringu,0.027110
Probolinggo,Gading,0.498466958,Probolinggo_Gading,-0.049073
Probolinggo,Gending,0.592481993,Probolinggo_Gending,0.016984
Probolinggo,Kotaanyar,0.513514607,Probolinggo_Kotaanyar,0.010091
Probolinggo,Kraksaan,0.553954884,Probolinggo_Kraksaan,0.026460
Probolinggo,Krejengan,0.526874615,Probolinggo_Krejengan,0.040363
Probolinggo,Krucil,0.512365729,Probolinggo_Krucil,-0.044140
Probolinggo,Kuripan,0.53847189,Probolinggo_Kuripan,-0.034977
Probolinggo,Leces,0.561468287,Probolinggo_Leces,0.000167
Probolinggo,Lumbang,0.545071185,Probolinggo_Lumbang,-0.034670
Probolinggo,Maron,0.540005117,Probolinggo_Maron,0.012417
Probolinggo,Paiton,0.568557645,Probolinggo_Paiton,0.021405
Probolinggo,Pakuniran,0.479777021,Probolinggo_Pakuniran,-0.029103
Probolinggo,Pejarakan,0.600405339,Probolinggo_Pejarakan,0.021451
Probolinggo,Sukapura,0.566884901,Probolinggo_Sukapura,-0.024315
Probolinggo,Sumber,0.535788458,Probolinggo_Sumber,-0.062572
Probolinggo,Sumberasih,0.591151316,Probolinggo_Sumberasih,0.008460
Probolinggo,Tegalsiwalan,0.560120968,Probolinggo_Tegalsiwalan,-0.010532
Probolinggo,Tiris,0.490577171,Probolinggo_Tiris,-0.040388
Probolinggo,Tongas,0.616438084,Probolinggo_Tongas,0.003941
Probolinggo,Wonomerto,0.558891886,Probolinggo_Wonomerto,0.025426
Purbalingga,Bobotsari,0.677692952,Purbalingga_Bobotsari,-0.100835
Purbalingga,Bojongsari,0.66201432,Purbalingga_Bojongsari,-0.072252
Purbalingga,Bukateja,0.625169592,Purbalingga_Bukateja,0.011555
Purbalingga,Kaligondang,0.654795785,Purbalingga_Kaligondang,-0.072410
Purbalingga,Kalimanah,0.646295534,Purbalingga_Kalimanah,0.011158
Purbalingga,Karanganyar,0.654639278,Purbalingga_Karanganyar,-0.068574
Purbalingga,Karangjambu,0.678040228,Purbalingga_Karangjambu,-0.064557
Purbalingga,Karangmoncol,0.693420035,Purbalingga_Karangmoncol,-0.069019
Purbalingga,Karangreja,0.67301843,Purbalingga_Karangreja,-0.090712
Purbalingga,Kejobong,0.573061834,Purbalingga_Kejobong,0.006797
Purbalingga,Kemangkon,0.659812836,Purbalingga_Kemangkon,-0.014069
Purbalingga,Kertanegara,0.664765357,Purbalingga_Kertanegara,-0.048649
Purbalingga,Kutasari,0.628156206,Purbalingga_Kutasari,-0.039148
Purbalingga,Mrebet,0.650679358,Purbalingga_Mrebet,-0.078875
Purbalingga,Padamara,0.680569171,Purbalingga_Padamara,-0.016545
Purbalingga,Pengadegan,0.633942895,Purbalingga_Pengadegan,-0.081536
Purbalingga,Purbalingga,0.651724733,Purbalingga_Purbalingga,0.029645
Purbalingga,Rembang,0.670749596,Purbalingga_Rembang,-0.048320
Purwakarta,Babakancikao,0.658389705,Purwakarta_Babakancikao,-0.032697
Purwakarta,Bojong,0.657052929,Purwakarta_Bojong,-0.042582
Purwakarta,Bungursari,0.678666492,Purwakarta_Bungursari,-0.024778
Purwakarta,Campaka,0.65461029,Purwakarta_Campaka,-0.033565
Purwakarta,Cibatu,0.636564594,Purwakarta_Cibatu,-0.044001
Purwakarta,Darangdan,0.678446145,Purwakarta_Darangdan,-0.037446
Purwakarta,Jatiluhur,0.666594859,Purwakarta_Jatiluhur,-0.074258
Purwakarta,Kiarapedes,0.637928751,Purwakarta_Kiarapedes,-0.037721
Purwakarta,Maniis,0.682683756,Purwakarta_Maniis,-0.096591
Purwakarta,Pasawahan,0.647286604,Purwakarta_Pasawahan,-0.061108
Purwakarta,Plered,0.620349626,Purwakarta_Plered,0.007874
Purwakarta,Pondoksalam,0.656277282,Purwakarta_Pondoksalam,-0.073234
Purwakarta,Purwakarta,0.656296932,Purwakarta_Purwakarta,-0.029434
Purwakarta,Sukasari,0.667081195,Purwakarta_Sukasari,-0.066178
Purwakarta,Sukatani,0.655776638,Purwakarta_Sukatani,-0.059258
Purwakarta,Tegalwaru,0.676785405,Purwakarta_Tegalwaru,-0.080058
Purwakarta,Wanayasa,0.663733733,Purwakarta_Wanayasa,-0.048315
Purworejo,Bagelen,0.619609154,Purworejo_Bagelen,-0.024039
Purworejo,Banyuurip,0.628886584,Purworejo_Banyuurip,0.048750
Purworejo,Bayan,0.635997736,Purworejo_Bayan,0.037004
Purworejo,Bener,0.560638874,Purworejo_Bener,0.023170
Purworejo,Bruno,0.578829773,Purworejo_Bruno,0.003051
Purworejo,Butuh,0.631386078,Purworejo_Butuh,0.036496
Purworejo,Gebang,0.576688544,Purworejo_Gebang,-0.011529
Purworejo,Grabag,0.659119769,Purworejo_Grabag,0.042488
Purworejo,Kaligesing,0.573928385,Purworejo_Kaligesing,0.015543
Purworejo,Kemiri,0.587479126,Purworejo_Kemiri,-0.054593
Purworejo,Kutoarjo,0.640722569,Purworejo_Kutoarjo,0.031874
Purworejo,Loano,0.559632453,Purworejo_Loano,0.010330
Purworejo,Ngombol,0.654210401,Purworejo_Ngombol,0.065848
Purworejo,Pituruh,0.604098362,Purworejo_Pituruh,-0.006099
Purworejo,Purwodadi,0.664283076,Purworejo_Purwodadi,0.055890
Purworejo,Purworejo,0.592044707,Purworejo_Purworejo,0.014392
Rembang,Bulu,0.605423716,Rembang_Bulu,0.022752
Rembang,Gunem,0.557383097,Rembang_Gunem,0.073654
Rembang,Kaliori,0.707214762,Rembang_Kaliori,0.014868
Rembang,Kragan,0.531087325,Rembang_Kragan,0.103375
Rembang,Lasem,0.562070057,Rembang_Lasem,0.107223
Rembang,Pamotan,0.530849378,Rembang_Pamotan,0.152488
Rembang,Pancur,0.511562715,Rembang_Pancur,0.145805
Rembang,Rembang,0.648073506,Rembang_Rembang,0.040483
Rembang,Sale,0.545373456,Rembang_Sale,0.069326
Rembang,Sarang,0.573746091,Rembang_Sarang,0.100867
Rembang,Sedan,0.503348805,Rembang_Sedan,0.138439
Rembang,Sluke,0.560528112,Rembang_Sluke,0.062417
Rembang,Sulang,0.652633959,Rembang_Sulang,0.050668
Rembang,Sumber,0.680042153,Rembang_Sumber,0.024371
Sampang,Banyuates,0.563026091,Sampang_Banyuates,0.097511
Sampang,Camplong,0.684756176,Sampang_Camplong,-0.015187
Sampang,Jrengik,0.688435011,Sampang_Jrengik,-0.011084
Sampang,Karangpenang,0.596411941,Sampang_Karangpenang,0.031500
Sampang,Kedungdung,0.651831789,Sampang_Kedungdung,0.010977
Sampang,Ketapang,0.589924224,Sampang_Ketapang,0.066838
Sampang,Omben,0.656501622,Sampang_Omben,-0.018006
Sampang,Pangarengan,0.673232545,Sampang_Pangarengan,-0.023820
Sampang,Robatal,0.617266592,Sampang_Robatal,0.041159
Sampang,Sampang,0.707554742,Sampang_Sampang,-0.039922
Sampang,Sokobanah,0.579170145,Sampang_Sokobanah,0.066399
Sampang,Sreseh,0.658835998,Sampang_Sreseh,-0.002478
Sampang,Tambelangan,0.645141904,Sampang_Tambelangan,-0.005123
Sampang,Torjun,0.67232814,Sampang_Torjun,-0.003231
Semarang,Ambarawa,0.619253502,Semarang_Ambarawa,0.018321
Semarang,Bancak,0.576314628,Semarang_Bancak,0.048950
Semarang,Bandungan,0.625798067,Semarang_Bandungan,-0.004588
Semarang,Banyubiru,0.619740167,Semarang_Banyubiru,-0.044706
Semarang,Bawen,0.611900251,Semarang_Bawen,0.035924
Semarang,Bergas,0.614248969,Semarang_Bergas,0.013190
Semarang,Bringin,0.624471957,Semarang_Bringin,-0.034783
Semarang,Getasan,0.563243305,Semarang_Getasan,0.057105
Semarang,Jambu,0.626724891,Semarang_Jambu,-0.036223
Semarang,Kaliwungu,0.539105932,Semarang_Kaliwungu,0.042183
Semarang,Pabelan,0.557565716,Semarang_Pabelan,0.039848
Semarang,Pringapus,0.609966794,Semarang_Pringapus,0.025298
Semarang,Sumowono,0.60700623,Semarang_Sumowono,0.024140
Semarang,Suruh,0.541474041,Semarang_Suruh,0.047294
Semarang,Susukan,0.521557708,Semarang_Susukan,0.139780
Semarang,Tengaran,0.553159462,Semarang_Tengaran,0.120329
Semarang,Tuntang,0.618746484,Semarang_Tuntang,-0.013072
Semarang,Ungaran Barat,0.642700017,Semarang_Ungaran Barat,-0.001190
Semarang,Ungaran Timur,0.631550884,Semarang_Ungaran Timur,0.024564
Serang,Anyar,0.594752602,Serang_Anyar,0.046743
Serang,Bandung,0.679832947,Serang_Bandung,-0.010267
Serang,Baros,0.632659836,Serang_Baros,-0.078142
Serang,Binuang,0.676829346,Serang_Binuang,0.003314
Serang,Bojonegara,0.603741226,Serang_Bojonegara,0.079662
Serang,Carenang,0.657245232,Serang_Carenang,0.026381
Serang,Cikande,0.693131001,Serang_Cikande,-0.024299
Serang,Cikeusal,0.647853528,Serang_Cikeusal,-0.020458
Serang,Cinangka,0.571195675,Serang_Cinangka,0.073127
Serang,Ciomas,0.574507195,Serang_Ciomas,0.014690
Serang,Ciruas,0.651532708,Serang_Ciruas,0.061264
Serang,Gunungsari,0.592990646,Serang_Gunungsari,-0.042776
Serang,Jawilan,0.634430721,Serang_Jawilan,0.064950
Serang,Kibin,0.676644222,Serang_Kibin,0.017559
Serang,Kopo,0.719948241,Serang_Kopo,-0.057689
Serang,Kragilan,0.659623288,Serang_Kragilan,0.035204
Serang,Kramatwatu,0.663089559,Serang_Kramatwatu,0.084653
Serang,Lebak Wangi,0.662075242,Serang_Lebak Wangi,0.018784
Serang,Mancak,0.623630039,Serang_Mancak,-0.017596
Serang,Pabuaran,0.595394335,Serang_Pabuaran,-0.026543
Serang,Padarincang,0.576420573,Serang_Padarincang,0.026386
Serang,Pamarayan,0.654745935,Serang_Pamarayan,-0.036363
Serang,Petir,0.625586155,Serang_Petir,-0.039109
Serang,Pontang,0.648353366,Serang_Pontang,0.015352
Serang,Pulo Ampel,0.572891475,Serang_Pulo Ampel,0.085782
Serang,Tanara,0.63304698,Serang_Tanara,0.032306
Serang,Tirtayasa,0.596927061,Serang_Tirtayasa,0.042982
Serang,Tunjung Teja,0.654139054,Serang_Tunjung Teja,-0.055057
Serang,Waringinkurung,0.614381218,Serang_Waringinkurung,0.014118
Sidoarjo,Balongbendo,0.725700619,Sidoarjo_Balongbendo,-0.093086
Sidoarjo,Buduran,0.670695215,Sidoarjo_Buduran,-0.063873
Sidoarjo,Candi,0.705620487,Sidoarjo_Candi,-0.098772
Sidoarjo,Gedangan,0.705907917,Sidoarjo_Gedangan,-0.073876
Sidoarjo,Jabon,0.655526402,Sidoarjo_Jabon,-0.096771
Sidoarjo,Krembung,0.69991028,Sidoarjo_Krembung,-0.117630
Sidoarjo,Krian,0.745320015,Sidoarjo_Krian,-0.105731
Sidoarjo,Porong,0.727040723,Sidoarjo_Porong,-0.095673
Sidoarjo,Prambon,0.704136829,Sidoarjo_Prambon,-0.058229
Sidoarjo,Sedati,0.659044857,Sidoarjo_Sedati,-0.086714
Sidoarjo,Sidoarjo,0.685454497,Sidoarjo_Sidoarjo,-0.064168
Sidoarjo,Sukodono,0.715849385,Sidoarjo_Sukodono,-0.104141
Sidoarjo,Taman,0.715481417,Sidoarjo_Taman,-0.115691
Sidoarjo,Tanggulangin,0.679946825,Sidoarjo_Tanggulangin,-0.076962
Sidoarjo,Tarik,0.699448536,Sidoarjo_Tarik,-0.065085
Sidoarjo,Tulangan,0.703618083,Sidoarjo_Tulangan,-0.124039
Sidoarjo,Waru,0.692394289,Sidoarjo_Waru,-0.085890
Sidoarjo,Wonoayu,0.724951499,Sidoarjo_Wonoayu,-0.158233
Situbondo,Arjasa,0.453790638,Situbondo_Arjasa,0.064886
Situbondo,Asembagus,0.454472597,Situbondo_Asembagus,0.018067
Situbondo,Banyuglugur,0.528950226,Situbondo_Banyuglugur,-0.007689
Situbondo,Banyuputih,0.449981598,Situbondo_Banyuputih,0.096737
Situbondo,Besuki,0.530785734,Situbondo_Besuki,0.032453
Situbondo,Bungatan,0.514895891,Situbondo_Bungatan,-0.053178
Situbondo,Jangkar,0.471297938,Situbondo_Jangkar,0.092368
Situbondo,Jatibanteng,0.532678514,Situbondo_Jatibanteng,-0.058436
Situbondo,Kapongan,0.539997604,Situbondo_Kapongan,0.071354
Situbondo,Kendit,0.53744736,Situbondo_Kendit,-0.024272
Situbondo,Mangaran,0.533058333,Situbondo_Mangaran,0.046624
Situbondo,Mlandingan,0.529937662,Situbondo_Mlandingan,-0.041193
Situbondo,Panarukan,0.547925316,Situbondo_Panarukan,0.025665
Situbondo,Panji,0.507402424,Situbondo_Panji,0.085774
Situbondo,Situbondo,0.518264471,Situbondo_Situbondo,0.074040
Situbondo,Suboh,0.531334588,Situbondo_Suboh,-0.003334
Situbondo,Sumbermalang,0.520091801,Situbondo_Sumbermalang,-0.038860
Sleman,Berbah,0.610152319,Sleman_Berbah,0.099084
Sleman,Cangkringan,0.532858732,Sleman_Cangkringan,0.050753
Sleman,Depok,0.579230779,Sleman_Depok,0.119228
Sleman,Gamping,0.599060821,Sleman_Gamping,0.138597
Sleman,Godean,0.61599184,Sleman_Godean,0.107472
Sleman,Kalasan,0.562989335,Sleman_Kalasan,0.150380
Sleman,Minggir,0.555740714,Sleman_Minggir,0.139158
Sleman,Mlati,0.614943666,Sleman_Mlati,0.115430
Sleman,Moyudan,0.591248773,Sleman_Moyudan,0.119015
Sleman,Ngaglik,0.594847121,Sleman_Ngaglik,0.106997
Sleman,Ngemplak,0.572870915,Sleman_Ngemplak,0.127318
Sleman,Pakem,0.53691141,Sleman_Pakem,0.069138
Sleman,Prambanan,0.545170017,Sleman_Prambanan,0.094147
Sleman,Seyegan,0.592787709,Sleman_Seyegan,0.103767
Sleman,Sleman,0.569288416,Sleman_Sleman,0.141538
Sleman,Tempel,0.535653658,Sleman_Tempel,0.139652
Sleman,Turi,0.522628686,Sleman_Turi,0.065180
Sragen,Gemolong,0.563448132,Sragen_Gemolong,0.146221
Sragen,Gesi,0.569656766,Sragen_Gesi,0.103563
Sragen,Gondang,0.545175447,Sragen_Gondang,0.103708
Sragen,Jenar,0.590972521,Sragen_Jenar,0.019513
Sragen,Kalijambe,0.580953275,Sragen_Kalijambe,0.103464
Sragen,Karangmalang,0.567286735,Sragen_Karangmalang,0.121715
Sragen,Kedawung,0.561186855,Sragen_Kedawung,0.148464
Sragen,Masaran,0.61008667,Sragen_Masaran,0.120326
Sragen,Miri,0.608074792,Sragen_Miri,0.098427
Sragen,Mondokan,0.612885024,Sragen_Mondokan,0.075035
Sragen,Ngrampal,0.576721975,Sragen_Ngrampal,0.080099
Sragen,Plupuh,0.606903934,Sragen_Plupuh,0.104062
Sragen,Sambirejo,0.529823561,Sragen_Sambirejo,0.064004
Sragen,Sambungmacan,0.550785951,Sragen_Sambungmacan,0.069386
Sragen,Sidoharjo,0.574311413,Sragen_Sidoharjo,0.096890
Sragen,Sragen,0.598730418,Sragen_Sragen,0.121310
Sragen,Sukodono,0.615948275,Sragen_Sukodono,0.093119
Sragen,Sumberlawang,0.59760806,Sragen_Sumberlawang,0.121775
Sragen,Tangen,0.614302372,Sragen_Tangen,0.021005
Sragen,Tanon,0.619274596,Sragen_Tanon,0.048989
Subang,Binong,0.672757658,Subang_Binong,-0.077683
Subang,Blanakan,0.591303038,Subang_Blanakan,0.099105
Subang,Ciasem,0.596801837,Subang_Ciasem,0.058565
Subang,Ciater,0.659504966,Subang_Ciater,-0.051623
Subang,Cibogo,0.610930936,Subang_Cibogo,-0.018008
Subang,Cijambe,0.589760076,Subang_Cijambe,-0.036418
Subang,Cikaum,0.712131842,Subang_Cikaum,-0.087625
Subang,Cipeundeuy,0.657468032,Subang_Cipeundeuy,-0.034600
Subang,Cipunagara,0.68070955,Subang_Cipunagara,-0.080175
Subang,Cisalak,0.656968874,Subang_Cisalak,-0.091529
Subang,Compreng,0.644583211,Subang_Compreng,-0.018559
Subang,Dawuan,0.615902899,Subang_Dawuan,-0.055583
Subang,Jalancagak,0.606444513,Subang_Jalancagak,-0.023831
Subang,Kalijati,0.614057623,Subang_Kalijati,-0.035244
Subang,Kasomalang,0.609837088,Subang_Kasomalang,-0.044551
Subang,Legonkulon,0.570496094,Subang_Legonkulon,0.067384
Subang,Pabuaran,0.68804363,Subang_Pabuaran,0.017456
Subang,Pagaden,0.679529296,Subang_Pagaden,-0.039572
Subang,Pagaden Barat,0.675325841,Subang_Pagaden Barat,-0.045643
Subang,Pamanukan,0.597335845,Subang_Pamanukan,0.080821
Subang,Patokbeusi,0.678585936,Subang_Patokbeusi,-0.012174
Subang,Purwadadi,0.653339462,Subang_Purwadadi,-0.041477
Subang,Pusakajaya,0.628566048,Subang_Pusakajaya,0.062631
Subang,Pusakanagara,0.549903181,Subang_Pusakanagara,0.114223
Subang,Sagalaherang,0.637633776,Subang_Sagalaherang,-0.040105
Subang,Serangpanjang,0.621650938,Subang_Serangpanjang,-0.018243
Subang,Subang,0.627341148,Subang_Subang,-0.045142
Subang,Sukasari,0.607234315,Subang_Sukasari,0.043950
Subang,Tambakdahan,0.603060167,Subang_Tambakdahan,0.004129
Subang,Tanjungsiang,0.625100555,Subang_Tanjungsiang,-0.025149
Sukabumi,Bantargadung,0.594460506,Sukabumi_Bantargadung,0.038622
Sukabumi,Bojonggenteng,0.593028374,Sukabumi_Bojonggenteng,0.038504
Sukabumi,Caringin,0.630862978,Sukabumi_Caringin,-0.044806
Sukabumi,Ciambar,0.619936091,Sukabumi_Ciambar,-0.029319
Sukabumi,Cibadak,0.625190286,Sukabumi_Cibadak,-0.013072
Sukabumi,Cibitung,0.545869424,Sukabumi_Cibitung,0.075088
Sukabumi,Cicantayan,0.606407151,Sukabumi_Cicantayan,-0.011872
Sukabumi,Cicurug,0.642191064,Sukabumi_Cicurug,-0.006858
Sukabumi,Cidadap,0.57631718,Sukabumi_Cidadap,0.012060
Sukabumi,Cidahu,0.605124159,Sukabumi_Cidahu,0.016305
Sukabumi,Cidolog,0.578977565,Sukabumi_Cidolog,0.039280
Sukabumi,Ciemas,0.638328646,Sukabumi_Ciemas,0.011294
Sukabumi,Cikakak,0.601612748,Sukabumi_Cikakak,0.037135
Sukabumi,Cikembar,0.595344856,Sukabumi_Cikembar,-0.003182
Sukabumi,Cikidang,0.6047151,Sukabumi_Cikidang,0.037746
Sukabumi,Cimanggu,0.576646992,Sukabumi_Cimanggu,0.079363
Sukabumi,Ciracap,0.556278002,Sukabumi_Ciracap,0.125029
Sukabumi,Cireunghas,0.623603286,Sukabumi_Cireunghas,-0.051285
Sukabumi,Cisaat,0.598472977,Sukabumi_Cisaat,0.061795
Sukabumi,Cisolok,0.605766936,Sukabumi_Cisolok,0.054906
Sukabumi,Curugkembar,0.569843411,Sukabumi_Curugkembar,0.039884
Sukabumi,Gegerbitung,0.639208454,Sukabumi_Gegerbitung,-0.049934
Sukabumi,Gunungguruh,0.60851116,Sukabumi_Gunungguruh,0.026190
Sukabumi,Jampangkulon,0.564162783,Sukabumi_Jampangkulon,0.103864
Sukabumi,Jampangtengah,0.640708405,Sukabumi_Jampangtengah,-0.013467
Sukabumi,Kabandungan,0.625113951,Sukabumi_Kabandungan,0.017702
Sukabumi,Kadudampit,0.642782675,Sukabumi_Kadudampit,-0.062196
Sukabumi,Kalapanunggal,0.60792425,Sukabumi_Kalapanunggal,0.047054
Sukabumi,Kalibunder,0.568376808,Sukabumi_Kalibunder,0.067718
Sukabumi,Kebonpedes,0.62332888,Sukabumi_Kebonpedes,0.038348
Sukabumi,Lengkong,0.629700004,Sukabumi_Lengkong,0.039078
Sukabumi,Nagrak,0.616287338,Sukabumi_Nagrak,-0.036514
Sukabumi,Nyalindung,0.613943581,Sukabumi_Nyalindung,-0.024936
Sukabumi,Pabuaran,0.591050496,Sukabumi_Pabuaran,0.053420
Sukabumi,Palabuhanratu,0.599547477,Sukabumi_Palabuhanratu,-0.013710
Sukabumi,Parakansalak,0.624805104,Sukabumi_Parakansalak,0.012724
Sukabumi,Parungkuda,0.57511807,Sukabumi_Parungkuda,0.077976
Sukabumi,Purabaya,0.6467296,Sukabumi_Purabaya,-0.041250
Sukabumi,Sagaranten,0.568982105,Sukabumi_Sagaranten,0.037310
Sukabumi,Simpenan,0.591626454,Sukabumi_Simpenan,0.033507
Sukabumi,Sukabumi,0.63157556,Sukabumi_Sukabumi,-0.018694
Sukabumi,Sukalarang,0.627979543,Sukabumi_Sukalarang,-0.023293
Sukabumi,Sukaraja,0.618030087,Sukabumi_Sukaraja,-0.015288
Sukabumi,Surade,0.556519698,Sukabumi_Surade,0.100792
Sukabumi,Tegalbuleud,0.556139343,Sukabumi_Tegalbuleud,0.081457
Sukabumi,Waluran,0.566151306,Sukabumi_Waluran,0.100816
Sukabumi,Warungkiara,0.597003485,Sukabumi_Warungkiara,0.033658
Sukoharjo,Baki,0.632371579,Sukoharjo_Baki,0.063437
Sukoharjo,Bendosari,0.620674269,Sukoharjo_Bendosari,0.036306
Sukoharjo,Bulu,0.552337663,Sukoharjo_Bulu,0.072766
Sukoharjo,Gatak,0.61052813,Sukoharjo_Gatak,0.078805
Sukoharjo,Grogol,0.621515549,Sukoharjo_Grogol,0.076922
Sukoharjo,Kartasura,0.614184647,Sukoharjo_Kartasura,0.068250
Sukoharjo,Mojolaban,0.630734869,Sukoharjo_Mojolaban,0.077092
Sukoharjo,Nguter,0.627510662,Sukoharjo_Nguter,0.034704
Sukoharjo,Polokarto,0.605818895,Sukoharjo_Polokarto,0.054437
Sukoharjo,Sukoharjo,0.639158387,Sukoharjo_Sukoharjo,0.035735
Sukoharjo,Tawangsari,0.647228997,Sukoharjo_Tawangsari,0.055785
Sukoharjo,Weru,0.613803014,Sukoharjo_Weru,0.053020
Sumedang,Buahdua,0.666612477,Sumedang_Buahdua,-0.095113
Sumedang,Cibugel,0.664153897,Sumedang_Cibugel,-0.045866
Sumedang,Cimalaka,0.661336445,Sumedang_Cimalaka,-0.058864
Sumedang,Cimanggung,0.676001326,Sumedang_Cimanggung,-0.036425
Sumedang,Cisarua,0.637618906,Sumedang_Cisarua,-0.044474
Sumedang,Cisitu,0.659309006,Sumedang_Cisitu,-0.071403
Sumedang,Conggeang,0.60435801,Sumedang_Conggeang,-0.026926
Sumedang,Darmaraja,0.635613017,Sumedang_Darmaraja,0.000778
Sumedang,Ganeas,0.660261122,Sumedang_Ganeas,-0.074861
Sumedang,Jatigede,0.624418836,Sumedang_Jatigede,-0.016357
Sumedang,Jatinangor,0.676961538,Sumedang_Jatinangor,-0.059295
Sumedang,Jatinunggal,0.609676873,Sumedang_Jatinunggal,0.006695
Sumedang,Pamulihan,0.704624497,Sumedang_Pamulihan,-0.089328
Sumedang,Paseh,0.629357664,Sumedang_Paseh,-0.055955
Sumedang,Rancakalong,0.675395956,Sumedang_Rancakalong,-0.054712
Sumedang,Situraja,0.645925124,Sumedang_Situraja,-0.050818
Sumedang,Sukasari,0.700105502,Sumedang_Sukasari,-0.079502
Sumedang,Sumedang Selatan,0.654103172,Sumedang_Sumedang Selatan,-0.040535
Sumedang,Sumedang Utara,0.634085429,Sumedang_Sumedang Utara,-0.008132
Sumedang,Surian,0.601104002,Sumedang_Surian,-0.063869
Sumedang,Tanjungkerta,0.615202955,Sumedang_Tanjungkerta,-0.012884
Sumedang,Tanjungmedar,0.598358118,Sumedang_Tanjungmedar,-0.036127
Sumedang,Tanjungsari,0.678975641,Sumedang_Tanjungsari,-0.045846
Sumedang,Tomo,0.604466954,Sumedang_Tomo,-0.036460
Sumedang,Ujungjaya,0.647092313,Sumedang_Ujungjaya,-0.074059
Sumedang,Wado,0.615534458,Sumedang_Wado,0.028425
Sumenep,Ambunten,0.643487211,Sumenep_Ambunten,0.018090
Sumenep,Arjasa,0.596168114,Sumenep_Arjasa,0.120209
Sumenep,Batang Batang,0.632176997,Sumenep_Batang Batang,0.038675
Sumenep,Batuan,0.628977571,Sumenep_Batuan,-0.026727
Sumenep,Batuputih,0.610642471,Sumenep_Batuputih,-0.000231
Sumenep,Bluto,0.60167754,Sumenep_Bluto,-0.041710
Sumenep,Dasuk,0.630393061,Sumenep_Dasuk,0.038425
Sumenep,Dungkek,0.624491927,Sumenep_Dungkek,0.070773
Sumenep,Ganding,0.584893642,Sumenep_Ganding,0.037297
Sumenep,Gapura,0.604517163,Sumenep_Gapura,-0.044455
Sumenep,Gayam,0.411218502,Sumenep_Gayam,0.173875
Sumenep,Giliginting,0.406864382,Sumenep_Giliginting,0.057257
Sumenep,Guluk-Guluk,0.584275338,Sumenep_Guluk-Guluk,0.045434
Sumenep,Kalianget,0.597158163,Sumenep_Kalianget,-0.016863
Sumenep,Kangayan,0.592862468,Sumenep_Kangayan,0.067418
Sumenep,Kota Sumenep,0.654368687,Sumenep_Kota Sumenep,-0.024517
Sumenep,Lenteng,0.613812883,Sumenep_Lenteng,0.010705
Sumenep,Manding,0.655269346,Sumenep_Manding,0.019252
Sumenep,Masalembu,0.723738132,Sumenep_Masalembu,-0.046475
Sumenep,Nonggunong,0.410187618,Sumenep_Nonggunong,0.161438
Sumenep,Pasongsongan,0.581216116,Sumenep_Pasongsongan,0.044669
Sumenep,Pragaan,0.593545089,Sumenep_Pragaan,0.024132
Sumenep,Ra'As,0.359269114,Sumenep_Ra'As,0.149505
Sumenep,Rubaru,0.640701089,Sumenep_Rubaru,0.025666
Sumenep,Sapeken,0.32685898,Sumenep_Sapeken,0.229674
Sumenep,Saronggi,0.62829959,Sumenep_Saronggi,-0.038259
Sumenep,Talango,0.446067961,Sumenep_Talango,0.110637
Tangerang,Balaraja,0.678073091,Tangerang_Balaraja,0.031817
Tangerang,Cikupa,0.706048474,Tangerang_Cikupa,0.012973
Tangerang,Cisauk,0.697266797,Tangerang_Cisauk,0.001337
Tangerang,Cisoka,0.738251843,Tangerang_Cisoka,-0.047741
Tangerang,Curug,0.736059402,Tangerang_Curug,-0.012583
Tangerang,Gunung Kaler,0.7017599,Tangerang_Gunung Kaler,-0.063668
Tangerang,Jambe,0.673891609,Tangerang_Jambe,0.021655
Tangerang,Jayanti,0.733541836,Tangerang_Jayanti,-0.025073
Tangerang,Kelapa Dua,0.745270523,Tangerang_Kelapa Dua,-0.011174
Tangerang,Kemiri,0.731534834,Tangerang_Kemiri,-0.022250
Tangerang,Kosambi,0.709191815,Tangerang_Kosambi,0.006329
Tangerang,Kresek,0.717200281,Tangerang_Kresek,0.005219
Tangerang,Kronjo,0.700773976,Tangerang_Kronjo,-0.013631
Tangerang,Legok,0.709199503,Tangerang_Legok,-0.009021
Tangerang,Mauk,0.700585237,Tangerang_Mauk,0.015145
Tangerang,Mekar Baru,0.658873446,Tangerang_Mekar Baru,0.033529
Tangerang,Pagedangan,0.72636859,Tangerang_Pagedangan,-0.000122
Tangerang,Pakuhaji,0.719707543,Tangerang_Pakuhaji,-0.004531
Tangerang,Panongan,0.720394885,Tangerang_Panongan,-0.014479
Tangerang,Pasar Kemis,0.75690178,Tangerang_Pasar Kemis,0.034263
Tangerang,Rajeg,0.721058309,Tangerang_Rajeg,0.039387
Tangerang,Sepatan,0.73620631,Tangerang_Sepatan,0.051657
Tangerang,Sepatan Timur,0.695209561,Tangerang_Sepatan Timur,0.059987
Tangerang,Sindang Jaya,0.735403889,Tangerang_Sindang Jaya,0.003766
Tangerang,Solear,0.665727701,Tangerang_Solear,0.026355
Tangerang,Sukadiri,0.719480801,Tangerang_Sukadiri,0.027445
Tangerang,Sukamulya,0.72585518,Tangerang_Sukamulya,-0.011531
Tangerang,Teluknaga,0.682243888,Tangerang_Teluknaga,0.034014
Tangerang,Tigaraksa,0.712409559,Tangerang_Tigaraksa,-0.014086
Tasikmalaya,Bantarkalong,0.598337923,Tasikmalaya_Bantarkalong,-0.078721
Tasikmalaya,Bojongasih,0.589512529,Tasikmalaya_Bojongasih,-0.069693
Tasikmalaya,Bojonggambir,0.59635777,Tasikmalaya_Bojonggambir,-0.043090
Tasikmalaya,Ciawi,0.602241126,Tasikmalaya_Ciawi,0.021478
Tasikmalaya,Cibalong,0.58572162,Tasikmalaya_Cibalong,-0.059289
Tasikmalaya,Cigalontang,0.626368102,Tasikmalaya_Cigalontang,-0.083279
Tasikmalaya,Cikalong,0.560963468,Tasikmalaya_Cikalong,-0.096805
Tasikmalaya,Cikatomas,0.571489832,Tasikmalaya_Cikatomas,-0.060110
Tasikmalaya,Cineam,0.585764482,Tasikmalaya_Cineam,-0.075008
Tasikmalaya,Cipatujah,0.584990093,Tasikmalaya_Cipatujah,-0.094397
Tasikmalaya,Cisayong,0.61209332,Tasikmalaya_Cisayong,-0.034338
Tasikmalaya,Culamega,0.599065584,Tasikmalaya_Culamega,-0.073494
Tasikmalaya,Gunungtanjung,0.589281604,Tasikmalaya_Gunungtanjung,-0.095943
Tasikmalaya,Jamanis,0.586873486,Tasikmalaya_Jamanis,0.047382
Tasikmalaya,Jatiwaras,0.580276166,Tasikmalaya_Jatiwaras,-0.072960
Tasikmalaya,Kadipaten,0.609810823,Tasikmalaya_Kadipaten,0.012132
Tasikmalaya,Karangjaya,0.559748851,Tasikmalaya_Karangjaya,-0.050529
Tasikmalaya,Karangnunggal,0.560844605,Tasikmalaya_Karangnunggal,-0.060634
Tasikmalaya,Leuwisari,0.556708417,Tasikmalaya_Leuwisari,-0.035407
Tasikmalaya,Mangunreja,0.587646491,Tasikmalaya_Mangunreja,-0.092962
Tasikmalaya,Manonjaya,0.567419987,Tasikmalaya_Manonjaya,-0.056740
Tasikmalaya,Padakembang,0.579809934,Tasikmalaya_Padakembang,-0.007034
Tasikmalaya,Pagerageung,0.615771323,Tasikmalaya_Pagerageung,0.023115
Tasikmalaya,Pancatengah,0.55978479,Tasikmalaya_Pancatengah,-0.108159
Tasikmalaya,Parungponteng,0.579156396,Tasikmalaya_Parungponteng,-0.065706
Tasikmalaya,Puspahiang,0.605807254,Tasikmalaya_Puspahiang,-0.082283
Tasikmalaya,Rajapolah,0.609226026,Tasikmalaya_Rajapolah,0.049674
Tasikmalaya,Salawu,0.622759572,Tasikmalaya_Salawu,-0.047705
Tasikmalaya,Salopa,0.576254939,Tasikmalaya_Salopa,-0.062770
Tasikmalaya,Sariwangi,0.615856383,Tasikmalaya_Sariwangi,-0.074787
Tasikmalaya,Singaparna,0.57503855,Tasikmalaya_Singaparna,0.044814
Tasikmalaya,Sodonghilir,0.587291248,Tasikmalaya_Sodonghilir,-0.069681
Tasikmalaya,Sukahening,0.624017777,Tasikmalaya_Sukahening,-0.035662
Tasikmalaya,Sukaraja,0.594861424,Tasikmalaya_Sukaraja,-0.100093
Tasikmalaya,Sukarame,0.572797281,Tasikmalaya_Sukarame,0.031824
Tasikmalaya,Sukaratu,0.613398654,Tasikmalaya_Sukaratu,-0.029877
Tasikmalaya,Sukaresik,0.577289301,Tasikmalaya_Sukaresik,0.057537
Tasikmalaya,Tanjungjaya,0.577498507,Tasikmalaya_Tanjungjaya,-0.082056
Tasikmalaya,Taraju,0.616819757,Tasikmalaya_Taraju,-0.013528
Tegal,Adiwerna,0.794422157,Tegal_Adiwerna,-0.098208
Tegal,Balapulang,0.687178911,Tegal_Balapulang,-0.083083
Tegal,Bojong,0.680196438,Tegal_Bojong,-0.047306
Tegal,Bumijawa,0.663370124,Tegal_Bumijawa,0.002190
Tegal,Dukuhturi,0.775456388,Tegal_Dukuhturi,-0.088935
Tegal,Dukuhwaru,0.788079914,Tegal_Dukuhwaru,-0.103744
Tegal,Jatinegara,0.7426476,Tegal_Jatinegara,-0.115450
Tegal,Kedungbanteng,0.759289574,Tegal_Kedungbanteng,-0.130545
Tegal,Kramat,0.797225028,Tegal_Kramat,-0.085218
Tegal,Lebaksiu,0.701248066,Tegal_Lebaksiu,-0.044299
Tegal,Margasari,0.730462589,Tegal_Margasari,-0.120679
Tegal,Pagerbarang,0.76175947,Tegal_Pagerbarang,-0.073347
Tegal,Pangkah,0.756004358,Tegal_Pangkah,-0.087221
Tegal,Slawi,0.752335409,Tegal_Slawi,-0.082703
Tegal,Suradadi,0.786428274,Tegal_Suradadi,-0.097159
Tegal,Talang,0.79539124,Tegal_Talang,-0.096340
Tegal,Tarub,0.79013995,Tegal_Tarub,-0.101168
Tegal,Warureja,0.798654616,Tegal_Warureja,-0.066452
Temanggung,Bansari,0.609827535,Temanggung_Bansari,0.027277
Temanggung,Bejen,0.606951909,Temanggung_Bejen,-0.023996
Temanggung,Bulu,0.593784941,Temanggung_Bulu,0.061751
Temanggung,Candiroto,0.614341637,Temanggung_Candiroto,0.036231
Temanggung,Gemawang,0.595032877,Temanggung_Gemawang,0.015531
Temanggung,Jumo,0.600520988,Temanggung_Jumo,0.028403
Temanggung,Kaloran,0.60818942,Temanggung_Kaloran,0.038315
Temanggung,Kandangan,0.599553332,Temanggung_Kandangan,0.059386
Temanggung,Kedu,0.582547598,Temanggung_Kedu,0.071202
Temanggung,Kledung,0.6033097,Temanggung_Kledung,0.023860
Temanggung,Kranggan,0.577350495,Temanggung_Kranggan,0.027565
Temanggung,Ngadirejo,0.596090752,Temanggung_Ngadirejo,0.050879
Temanggung,Parakan,0.588473111,Temanggung_Parakan,0.046915
Temanggung,Pringsurat,0.580880566,Temanggung_Pringsurat,0.031477
Temanggung,Selopampang,0.595875341,Temanggung_Selopampang,-0.002638
Temanggung,Temanggung,0.599316906,Temanggung_Temanggung,0.041031
Temanggung,Tembarak,0.607040008,Temanggung_Tembarak,-0.013295
Temanggung,Tlogomulyo,0.599202136,Temanggung_Tlogomulyo,0.018174
Temanggung,Tretep,0.612527955,Temanggung_Tretep,0.066218
Temanggung,Wonoboyo,0.611769861,Temanggung_Wonoboyo,0.036930
Trenggalek,Bendungan,0.55469233,Trenggalek_Bendungan,-0.061008
Trenggalek,Dongko,0.536287697,Trenggalek_Dongko,0.010948
Trenggalek,Durenan,0.531200683,Trenggalek_Durenan,0.087567
Trenggalek,Gandusari,0.52937021,Trenggalek_Gandusari,0.063136
Trenggalek,Kampak,0.518790024,Trenggalek_Kampak,0.015806
Trenggalek,Karangan,0.540080608,Trenggalek_Karangan,0.025957
Trenggalek,Munjungan,0.514486798,Trenggalek_Munjungan,-0.001790
Trenggalek,Panggul,0.535777773,Trenggalek_Panggul,0.024938
Trenggalek,Pogalan,0.555342924,Trenggalek_Pogalan,0.010982
Trenggalek,Pule,0.559445973,Trenggalek_Pule,-0.002549
Trenggalek,Suruh,0.536876454,Trenggalek_Suruh,0.032440
Trenggalek,Trenggalek,0.557415431,Trenggalek_Trenggalek,-0.002582
Trenggalek,Tugu,0.560099262,Trenggalek_Tugu,0.009133
Trenggalek,Watulimo,0.566756944,Trenggalek_Watulimo,-0.053300
Tuban,Bancar,0.647277168,Tuban_Bancar,-0.004084
Tuban,Bangilan,0.659222434,Tuban_Bangilan,-0.022131
Tuban,Grabagan,0.628053968,Tuban_Grabagan,-0.017931
Tuban,Jatirogo,0.617702467,Tuban_Jatirogo,-0.012087
Tuban,Jenu,0.650876979,Tuban_Jenu,0.002093
Tuban,Kenduruan,0.593517259,Tuban_Kenduruan,0.002197
Tuban,Kerek,0.647586805,Tuban_Kerek,0.004610
Tuban,Merakurak,0.663759841,Tuban_Merakurak,0.024632
Tuban,Montong,0.653013754,Tuban_Montong,0.010217
Tuban,Palang,0.579615486,Tuban_Palang,0.085541
Tuban,Parengan,0.627072314,Tuban_Parengan,0.010645
Tuban,Plumpang,0.636699756,Tuban_Plumpang,0.051922
Tuban,Rengel,0.62116027,Tuban_Rengel,0.076777
Tuban,Semanding,0.626088374,Tuban_Semanding,0.025368
Tuban,Senori,0.609929832,Tuban_Senori,0.030729
Tuban,Singgahan,0.664199235,Tuban_Singgahan,0.010624
Tuban,Soko,0.592102149,Tuban_Soko,0.034655
Tuban,Tambakboyo,0.688357396,Tuban_Tambakboyo,-0.024055
Tuban,Tuban,0.565999498,Tuban_Tuban,0.061948
Tuban,Widang,0.572919218,Tuban_Widang,0.051928
Tulungagung,Bandung,0.565245008,Tulungagung_Bandung,0.061296
Tulungagung,Besuki,0.535631935,Tulungagung_Besuki,0.066089
Tulungagung,Boyolangu,0.581507623,Tulungagung_Boyolangu,0.074125
Tulungagung,Campurdarat,0.554650738,Tulungagung_Campurdarat,0.084292
Tulungagung,Gondang,0.53452427,Tulungagung_Gondang,0.099681
Tulungagung,Kalidawir,0.541943469,Tulungagung_Kalidawir,0.040909
Tulungagung,Karangrejo,0.549492267,Tulungagung_Karangrejo,0.011800
Tulungagung,Kauman,0.553186476,Tulungagung_Kauman,0.094786
Tulungagung,Kedungwaru,0.606609822,Tulungagung_Kedungwaru,0.028629
Tulungagung,Nan,0.563130365,Tulungagung_Nan,0.080254
Tulungagung,Ngantru,0.59261451,Tulungagung_Ngantru,0.056903
Tulungagung,Ngunut,0.5852081,Tulungagung_Ngunut,0.074482
Tulungagung,Pagerwojo,0.544441484,Tulungagung_Pagerwojo,-0.078992
Tulungagung,Pakel,0.569637114,Tulungagung_Pakel,0.075561
Tulungagung,Pucanglaban,0.536370018,Tulungagung_Pucanglaban,0.036113
Tulungagung,Rejotangan,0.534525021,Tulungagung_Rejotangan,0.110017
Tulungagung,Sendang,0.536097849,Tulungagung_Sendang,-0.071969
Tulungagung,Sumbergempol,0.557157518,Tulungagung_Sumbergempol,0.082138
Tulungagung,Tanggunggunung,0.538766223,Tulungagung_Tanggunggunung,0.049372
Tulungagung,Tulungagung,0.593821219,Tulungagung_Tulungagung,0.076331
Wonogiri,Baturetno,0.561327035,Wonogiri_Baturetno,0.051404
Wonogiri,Batuwarno,0.552319059,Wonogiri_Batuwarno,0.014981
Wonogiri,Bulukerto,0.535614248,Wonogiri_Bulukerto,0.052488
Wonogiri,Eromoko,0.61525155,Wonogiri_Eromoko,-0.048536
Wonogiri,Girimarto,0.523165441,Wonogiri_Girimarto,0.049868
Wonogiri,Giritontro,0.574933627,Wonogiri_Giritontro,-0.015802
Wonogiri,Giriwoyo,0.601882513,Wonogiri_Giriwoyo,-0.012017
Wonogiri,Jatipurno,0.577289632,Wonogiri_Jatipurno,-0.020949
Wonogiri,Jatiroto,0.550910912,Wonogiri_Jatiroto,0.045872
Wonogiri,Jatisrono,0.551670279,Wonogiri_Jatisrono,0.038192
Wonogiri,Karangtengah,0.547179262,Wonogiri_Karangtengah,0.006589
Wonogiri,Kismantoro,0.552217219,Wonogiri_Kismantoro,0.013596
Wonogiri,Manyaran,0.595985257,Wonogiri_Manyaran,-0.031883
Wonogiri,Ngadirojo,0.564196222,Wonogiri_Ngadirojo,0.031911
Wonogiri,Nguntoronadi,0.541862901,Wonogiri_Nguntoronadi,0.058545
Wonogiri,Paranggupito,0.57122633,Wonogiri_Paranggupito,0.013433
Wonogiri,Pracimantoro,0.616209553,Wonogiri_Pracimantoro,-0.051091
Wonogiri,Puhpelem,0.53310113,Wonogiri_Puhpelem,0.040289
Wonogiri,Purwantoro,0.555215703,Wonogiri_Purwantoro,-0.006580
Wonogiri,Selogiri,0.575424719,Wonogiri_Selogiri,0.015380
Wonogiri,Sidoharjo,0.553691606,Wonogiri_Sidoharjo,0.046267
Wonogiri,Slogohimo,0.551569403,Wonogiri_Slogohimo,0.029951
Wonogiri,Tirtomoyo,0.519256795,Wonogiri_Tirtomoyo,0.055228
Wonogiri,Wonogiri,0.585354631,Wonogiri_Wonogiri,0.025353
Wonogiri,Wuryantoro,0.571314292,Wonogiri_Wuryantoro,0.046660
Wonosobo,Garung,0.626020348,Wonosobo_Garung,0.021907
Wonosobo,Kalibawang,0.594776517,Wonosobo_Kalibawang,-0.002673
Wonosobo,Kalikajar,0.603978714,Wonosobo_Kalikajar,0.051004
Wonosobo,Kaliwiro,0.6006443,Wonosobo_Kaliwiro,0.018522
Wonosobo,Kejajar,0.616544918,Wonosobo_Kejajar,0.027007
Wonosobo,Kepil,0.608882878,Wonosobo_Kepil,0.007241
Wonosobo,Kertek,0.610985947,Wonosobo_Kertek,0.048292
Wonosobo,Leksono,0.624449031,Wonosobo_Leksono,-0.001021
Wonosobo,Mojotengah,0.63755539,Wonosobo_Mojotengah,0.042345
Wonosobo,Sapuran,0.609548308,Wonosobo_Sapuran,0.047121
Wonosobo,Selomerto,0.598594119,Wonosobo_Selomerto,0.041748
Wonosobo,Sukoharjo,0.621361774,Wonosobo_Sukoharjo,0.005508
Wonosobo,Wadaslintang,0.580041564,Wonosobo_Wadaslintang,0.045049
Wonosobo,Watumalang,0.644473749,Wonosobo_Watumalang,0.014724
Wonosobo,Wonosobo,0.614895727,Wonosobo_Wonosobo,0.053925
