WADMKK,WADMKC,probability,JOIN_ID
Adm. Kep. Seribu,Kepulauan Seribu Selatan,0.5902241817006523,Adm. Kep. Seribu_Kepulauan Seribu Selatan
Adm. Kep. Seribu,Kepulauan Seribu Utara,0.7720249827829552,Adm. Kep. Seribu_Kepulauan Seribu Utara
Bandung,Arjasari,0.6755208236036411,Bandung_Arjasari
Bandung,Baleendah,0.7119422939289812,Bandung_Baleendah
Bandung,Banjaran,0.6734756910873788,Bandung_Banjaran
Bandung,Bojongsoang,0.7177816681168849,Bandung_Bojongsoang
Bandung,Cangkuang,0.7001439137144245,Bandung_Cangkuang
Bandung,Cicalengka,0.6944641701263994,Bandung_Cicalengka
Bandung,Cikancung,0.6591623302651942,Bandung_Cikancung
Bandung,Cilengkrang,0.6915976237470818,Bandung_Cilengkrang
Bandung,Cileunyi,0.722335690565025,Bandung_Cileunyi
Bandung,Cimaung,0.6648536728063817,Bandung_Cimaung
Bandung,Cimenyan,0.6864384833604646,Bandung_Cimenyan
Bandung,Ciparay,0.7023737285074751,Bandung_Ciparay
Bandung,Ciwidey,0.6760024062624682,Bandung_Ciwidey
Bandung,Dayeuhkolot,0.7136761902614068,Bandung_Dayeuhkolot
Bandung,Ibun,0.6624757193442947,Bandung_Ibun
Bandung,Katapang,0.7208663300236058,Bandung_Katapang
Bandung,Kertasari,0.6172745655101691,Bandung_Kertasari
Bandung,Kutawaringin,0.694351131333407,Bandung_Kutawaringin
Bandung,Majalaya,0.7000095727286132,Bandung_Majalaya
Bandung,Margaasih,0.7375451574053741,Bandung_Margaasih
Bandung,Margahayu,0.7253647538220294,Bandung_Margahayu
Bandung,Nagreg,0.671202041611639,Bandung_Nagreg
Bandung,Pacet,0.664428758135569,Bandung_Pacet
Bandung,Pameungpeuk,0.7077105968678725,Bandung_Pameungpeuk
Bandung,Pangalengan,0.6718363279307551,Bandung_Pangalengan
Bandung,Paseh,0.6535755885755113,Bandung_Paseh
Bandung,Pasirjambu,0.6581891120747155,Bandung_Pasirjambu
Bandung,Rancabali,0.6355368040456275,Bandung_Rancabali
Bandung,Rancaekek,0.7139170110419341,Bandung_Rancaekek
Bandung,Solokanjeruk,0.6924116769968937,Bandung_Solokanjeruk
Bandung,Soreang,0.6867959588914697,Bandung_Soreang
Bandung Barat,Batujajar,0.6984836037973037,Bandung Barat_Batujajar
Bandung Barat,Cihampelas,0.6891048817024048,Bandung Barat_Cihampelas
Bandung Barat,Cikalongwetan,0.6913013843827314,Bandung Barat_Cikalongwetan
Bandung Barat,Cililin,0.6873869672295368,Bandung Barat_Cililin
Bandung Barat,Cipatat,0.6541245195808664,Bandung Barat_Cipatat
Bandung Barat,Cipeundeuy,0.6668747487634485,Bandung Barat_Cipeundeuy
Bandung Barat,Cipongkor,0.6414889117676269,Bandung Barat_Cipongkor
Bandung Barat,Cisarua,0.6761891820597704,Bandung Barat_Cisarua
Bandung Barat,Gununghalu,0.6426932357288393,Bandung Barat_Gununghalu
Bandung Barat,Lembang,0.6997979154832098,Bandung Barat_Lembang
Bandung Barat,Ngamprah,0.7109571461046696,Bandung Barat_Ngamprah
Bandung Barat,Padalarang,0.7077217866928396,Bandung Barat_Padalarang
Bandung Barat,Parongpong,0.6777369522634228,Bandung Barat_Parongpong
Bandung Barat,Rongga,0.6608320506548836,Bandung Barat_Rongga
Bandung Barat,Saguling,0.6788040367956776,Bandung Barat_Saguling
Bandung Barat,Sindangkerta,0.670949552107679,Bandung Barat_Sindangkerta
Bangkalan,Arosbaya,0.6477913596637285,Bangkalan_Arosbaya
Bangkalan,Bangkalan,0.6198290858264542,Bangkalan_Bangkalan
Bangkalan,Blega,0.6451758093643546,Bangkalan_Blega
Bangkalan,Burneh,0.6744662994298447,Bangkalan_Burneh
Bangkalan,Galis,0.5899269699684562,Bangkalan_Galis
Bangkalan,Geger,0.5750848872146089,Bangkalan_Geger
Bangkalan,Kamal,0.6796242737654503,Bangkalan_Kamal
Bangkalan,Klampis,0.5801674502398186,Bangkalan_Klampis
Bangkalan,Kokop,0.5452012701780505,Bangkalan_Kokop
Bangkalan,Konang,0.5859198723275353,Bangkalan_Konang
Bangkalan,Kwanyar,0.7108270406064525,Bangkalan_Kwanyar
Bangkalan,Labang,0.6765173334835101,Bangkalan_Labang
Bangkalan,Modung,0.6679568782954233,Bangkalan_Modung
Bangkalan,Sepulu,0.5572752404887856,Bangkalan_Sepulu
Bangkalan,Socah,0.6392919404554855,Bangkalan_Socah
Bangkalan,Tanah Merah,0.6410067715394342,Bangkalan_Tanah Merah
Bangkalan,Tanjung Bumi,0.5611983363471759,Bangkalan_Tanjung Bumi
Bangkalan,Tragah,0.7326418917683625,Bangkalan_Tragah
Banjarnegara,Banjarmangu,0.6236917162730629,Banjarnegara_Banjarmangu
Banjarnegara,Banjarnegara,0.5963160114223583,Banjarnegara_Banjarnegara
Banjarnegara,Batur,0.642321497293556,Banjarnegara_Batur
Banjarnegara,Bawang,0.5868540903025422,Banjarnegara_Bawang
Banjarnegara,Kalibening,0.6704111688792802,Banjarnegara_Kalibening
Banjarnegara,Karangkobar,0.6342716183970827,Banjarnegara_Karangkobar
Banjarnegara,Madukara,0.6163707264441783,Banjarnegara_Madukara
Banjarnegara,Mandiraja,0.6269429591478349,Banjarnegara_Mandiraja
Banjarnegara,Pagedongan,0.5991529331263854,Banjarnegara_Pagedongan
Banjarnegara,Pagentan,0.6320934715439359,Banjarnegara_Pagentan
Banjarnegara,Pandanarum,0.6831412722898018,Banjarnegara_Pandanarum
Banjarnegara,Pejawaran,0.6403204509542741,Banjarnegara_Pejawaran
Banjarnegara,Punggelan,0.616953765335112,Banjarnegara_Punggelan
Banjarnegara,Purwanegara,0.5904974182508237,Banjarnegara_Purwanegara
Banjarnegara,Purworeja Klampok,0.6212216701427227,Banjarnegara_Purworeja Klampok
Banjarnegara,Rakit,0.5707750829064294,Banjarnegara_Rakit
Banjarnegara,Sigaluh,0.5953216144450664,Banjarnegara_Sigaluh
Banjarnegara,Susukan,0.6892345912257677,Banjarnegara_Susukan
Banjarnegara,Wanadadi,0.5994421044469805,Banjarnegara_Wanadadi
Banjarnegara,Wanayasa,0.6538879515908925,Banjarnegara_Wanayasa
Bantul,Bambanglipuro,0.6488863494950182,Bantul_Bambanglipuro
Bantul,Banguntapan,0.6017380297806765,Bantul_Banguntapan
Bantul,Bantul,0.6461504213107154,Bantul_Bantul
Bantul,Dlingo,0.5983937625068431,Bantul_Dlingo
Bantul,Imogiri,0.6084909791790596,Bantul_Imogiri
Bantul,Jetis,0.643845172371488,Bantul_Jetis
Bantul,Kasihan,0.612645221934928,Bantul_Kasihan
Bantul,Kretek,0.6417752035374329,Bantul_Kretek
Bantul,Pajangan,0.5940289026161316,Bantul_Pajangan
Bantul,Pandak,0.6623240119959162,Bantul_Pandak
Bantul,Piyungan,0.5830967056593216,Bantul_Piyungan
Bantul,Pleret,0.5542131586507747,Bantul_Pleret
Bantul,Pundong,0.6342089763006171,Bantul_Pundong
Bantul,Sanden,0.6427942283980208,Bantul_Sanden
Bantul,Sedayu,0.6095281727904023,Bantul_Sedayu
Bantul,Sewon,0.6228026662879602,Bantul_Sewon
Bantul,Srandakan,0.6736520530896694,Bantul_Srandakan
Banyumas,Ajibarang,0.630497410578757,Banyumas_Ajibarang
Banyumas,Banyumas,0.7209929113370293,Banyumas_Banyumas
Banyumas,Baturraden,0.6842890886890882,Banyumas_Baturraden
Banyumas,Cilongok,0.6798322984033506,Banyumas_Cilongok
Banyumas,Gumelar,0.5902062159546679,Banyumas_Gumelar
Banyumas,Jatilawang,0.6607987404580283,Banyumas_Jatilawang
Banyumas,Kalibagor,0.704571282312459,Banyumas_Kalibagor
Banyumas,Karanglewas,0.6728893875560282,Banyumas_Karanglewas
Banyumas,Kebasen,0.7124972649899121,Banyumas_Kebasen
Banyumas,Kedungbanteng,0.6245997353781405,Banyumas_Kedungbanteng
Banyumas,Kembaran,0.6216357661774068,Banyumas_Kembaran
Banyumas,Kemranjen,0.6887497180923653,Banyumas_Kemranjen
Banyumas,Lumbir,0.5805660582365694,Banyumas_Lumbir
Banyumas,Patikraja,0.6770542060708471,Banyumas_Patikraja
Banyumas,Pekuncen,0.6154966768353765,Banyumas_Pekuncen
Banyumas,Purwojati,0.6607276073427775,Banyumas_Purwojati
Banyumas,Purwokerto Barat,0.6088988292581169,Banyumas_Purwokerto Barat
Banyumas,Purwokerto Selatan,0.6278525240926943,Banyumas_Purwokerto Selatan
Banyumas,Purwokerto Timur,0.5938988243610536,Banyumas_Purwokerto Timur
Banyumas,Purwokerto Utara,0.6149950439910965,Banyumas_Purwokerto Utara
Banyumas,Rawalo,0.6816784568200979,Banyumas_Rawalo
Banyumas,Sokaraja,0.6549496173589051,Banyumas_Sokaraja
Banyumas,Somagede,0.6840854043015808,Banyumas_Somagede
Banyumas,Sumbang,0.678481302031302,Banyumas_Sumbang
Banyumas,Sumpiuh,0.6759738677988678,Banyumas_Sumpiuh
Banyumas,Tambak,0.6571980638642402,Banyumas_Tambak
Banyumas,Wangon,0.5905522723836187,Banyumas_Wangon
Banyuwangi,Bangorejo,0.4016740571949551,Banyuwangi_Bangorejo
Banyuwangi,Banyuwangi,0.4449424751718874,Banyuwangi_Banyuwangi
Banyuwangi,Blimbingsari,0.4616536740693092,Banyuwangi_Blimbingsari
Banyuwangi,Cluring,0.4598331706649047,Banyuwangi_Cluring
Banyuwangi,Gambiran,0.4391507503074842,Banyuwangi_Gambiran
Banyuwangi,Genteng,0.4585186500204306,Banyuwangi_Genteng
Banyuwangi,Giri,0.4443023830400768,Banyuwangi_Giri
Banyuwangi,Glagah,0.4289055341373456,Banyuwangi_Glagah
Banyuwangi,Glenmore,0.42559966223147366,Banyuwangi_Glenmore
Banyuwangi,Kabat,0.4462407453313803,Banyuwangi_Kabat
Banyuwangi,Kalibaru,0.47130458867757646,Banyuwangi_Kalibaru
Banyuwangi,Kalipuro,0.3995255717794421,Banyuwangi_Kalipuro
Banyuwangi,Licin,0.43664268734361644,Banyuwangi_Licin
Banyuwangi,Muncar,0.46345223844782707,Banyuwangi_Muncar
Banyuwangi,Pesanggaran,0.4772944416350764,Banyuwangi_Pesanggaran
Banyuwangi,Purwoharjo,0.4594865227909349,Banyuwangi_Purwoharjo
Banyuwangi,Rogojampi,0.4456438505594856,Banyuwangi_Rogojampi
Banyuwangi,Sempu,0.43357147578943284,Banyuwangi_Sempu
Banyuwangi,Siliragung,0.4508180097336445,Banyuwangi_Siliragung
Banyuwangi,Singojuruh,0.44595786358464395,Banyuwangi_Singojuruh
Banyuwangi,Songgon,0.46307418558393787,Banyuwangi_Songgon
Banyuwangi,Srono,0.4615835005293988,Banyuwangi_Srono
Banyuwangi,Tegaldlimo,0.3774452207579144,Banyuwangi_Tegaldlimo
Banyuwangi,Tegalsari,0.45116669935671505,Banyuwangi_Tegalsari
Banyuwangi,Wongsorejo,0.42187427873983635,Banyuwangi_Wongsorejo
Batang,Bandar,0.6768652757373345,Batang_Bandar
Batang,Banyuputih,0.6500125816993464,Batang_Banyuputih
Batang,Batang,0.8283755034181506,Batang_Batang
Batang,Bawang,0.6126819965809903,Batang_Bawang
Batang,Blado,0.6560029367691133,Batang_Blado
Batang,Gringsing,0.7525742373639432,Batang_Gringsing
Batang,Kandeman,0.7756262485880133,Batang_Kandeman
Batang,Limpung,0.6699954540557481,Batang_Limpung
Batang,Pecalungan,0.6658842280268749,Batang_Pecalungan
Batang,Reban,0.6530492404654169,Batang_Reban
Batang,Subah,0.6894214395082042,Batang_Subah
Batang,Tersono,0.659581989742284,Batang_Tersono
Batang,Tulis,0.744432194929254,Batang_Tulis
Batang,Warungasem,0.8020129178011535,Batang_Warungasem
Batang,Wonotunggal,0.7197119083530846,Batang_Wonotunggal
Bekasi,Babelan,0.7204536675742556,Bekasi_Babelan
Bekasi,Bojongmangu,0.6566876944778648,Bekasi_Bojongmangu
Bekasi,Cabangbungin,0.688538042994158,Bekasi_Cabangbungin
Bekasi,Cibarusah,0.7072784387181447,Bekasi_Cibarusah
Bekasi,Cibitung,0.7476615404203639,Bekasi_Cibitung
Bekasi,Cikarang Barat,0.759785922247687,Bekasi_Cikarang Barat
Bekasi,Cikarang Pusat,0.687708583573289,Bekasi_Cikarang Pusat
Bekasi,Cikarang Selatan,0.7207564259270142,Bekasi_Cikarang Selatan
Bekasi,Cikarang Timur,0.7228260607040019,Bekasi_Cikarang Timur
Bekasi,Cikarang Utara,0.7317365846571728,Bekasi_Cikarang Utara
Bekasi,Karang Bahagia,0.6849929751620928,Bekasi_Karang Bahagia
Bekasi,Kedung Waringin,0.6781903922874511,Bekasi_Kedung Waringin
Bekasi,Muaragembong,0.6507922415733562,Bekasi_Muaragembong
Bekasi,Pebayuran,0.6446403154035504,Bekasi_Pebayuran
Bekasi,Serang Baru,0.7188382801838682,Bekasi_Serang Baru
Bekasi,Setu,0.738931512768278,Bekasi_Setu
Bekasi,Sukakarya,0.6654812328194678,Bekasi_Sukakarya
Bekasi,Sukatani,0.7110356773945008,Bekasi_Sukatani
Bekasi,Sukawangi,0.6887999252381605,Bekasi_Sukawangi
Bekasi,Tambelang,0.6981087903926138,Bekasi_Tambelang
Bekasi,Tambun Selatan,0.7570351654881067,Bekasi_Tambun Selatan
Bekasi,Tambun Utara,0.7564102833441068,Bekasi_Tambun Utara
Bekasi,Tarumajaya,0.6884912993868871,Bekasi_Tarumajaya
Blitar,Bakung,0.5307889037519072,Blitar_Bakung
Blitar,Binangun,0.5061777345203817,Blitar_Binangun
Blitar,Doko,0.5039852911450435,Blitar_Doko
Blitar,Gandusari,0.5070503274159621,Blitar_Gandusari
Blitar,Garum,0.5625834412319707,Blitar_Garum
Blitar,Kademangan,0.48896226942991666,Blitar_Kademangan
Blitar,Kanigoro,0.5375750211346961,Blitar_Kanigoro
Blitar,Kesamben,0.4789574433392548,Blitar_Kesamben
Blitar,Nan,0.5585201844337295,Blitar_Nan
Blitar,Nglegok,0.4980568911137025,Blitar_Nglegok
Blitar,Panggungrejo,0.5078316368272252,Blitar_Panggungrejo
Blitar,Ponggok,0.5659353618259967,Blitar_Ponggok
Blitar,Sanankulon,0.5712226900550431,Blitar_Sanankulon
Blitar,Selopuro,0.5299727574712872,Blitar_Selopuro
Blitar,Selorejo,0.4880843414411526,Blitar_Selorejo
Blitar,Srengat,0.5789402003225536,Blitar_Srengat
Blitar,Sutojayan,0.5306490360946244,Blitar_Sutojayan
Blitar,Talun,0.5474771780507076,Blitar_Talun
Blitar,Udanawu,0.5821755150078682,Blitar_Udanawu
Blitar,Wates,0.5131365163044732,Blitar_Wates
Blitar,Wlingi,0.5278590665526426,Blitar_Wlingi
Blitar,Wonodadi,0.5836495770569303,Blitar_Wonodadi
Blitar,Wonotirto,0.523901837094794,Blitar_Wonotirto
Blora,Banjarejo,0.6329805000984567,Blora_Banjarejo
Blora,Blora,0.6421125572569846,Blora_Blora
Blora,Bogorejo,0.5993333392527662,Blora_Bogorejo
Blora,Cepu,0.6158328585243446,Blora_Cepu
Blora,Japah,0.6120187765279091,Blora_Japah
Blora,Jati,0.59646625547655,Blora_Jati
Blora,Jepon,0.5773882032312374,Blora_Jepon
Blora,Jiken,0.6030923906588769,Blora_Jiken
Blora,Kedungtuban,0.5998554081968945,Blora_Kedungtuban
Blora,Kradenan,0.6391363798396309,Blora_Kradenan
Blora,Kunduran,0.6711854066298342,Blora_Kunduran
Blora,Ngawen,0.6379221231812566,Blora_Ngawen
Blora,Randublatung,0.6021283027859657,Blora_Randublatung
Blora,Sambong,0.589003899411562,Blora_Sambong
Blora,Todanan,0.626587615695278,Blora_Todanan
Blora,Tunjungan,0.6039638095994132,Blora_Tunjungan
Bogor,Babakan Madang,0.6409731051456284,Bogor_Babakan Madang
Bogor,Bojong Gede,0.7075961704789884,Bogor_Bojong Gede
Bogor,Caringin,0.6666447979952623,Bogor_Caringin
Bogor,Cariu,0.631800452145034,Bogor_Cariu
Bogor,Ciampea,0.6247570068648239,Bogor_Ciampea
Bogor,Ciawi,0.6550235039298505,Bogor_Ciawi
Bogor,Cibinong,0.7231061160889338,Bogor_Cibinong
Bogor,Cibungbulang,0.6170311275154151,Bogor_Cibungbulang
Bogor,Cigombong,0.6474860897100836,Bogor_Cigombong
Bogor,Cigudeg,0.6516010709706532,Bogor_Cigudeg
Bogor,Cijeruk,0.6341430737391263,Bogor_Cijeruk
Bogor,Cileungsi,0.7172666526284178,Bogor_Cileungsi
Bogor,Ciomas,0.5761116509135857,Bogor_Ciomas
Bogor,Cisarua,0.670062440990382,Bogor_Cisarua
Bogor,Ciseeng,0.7012422614794912,Bogor_Ciseeng
Bogor,Citeureup,0.654834680661616,Bogor_Citeureup
Bogor,Dramaga,0.6337952442810023,Bogor_Dramaga
Bogor,Gunung Putri,0.7094921219303574,Bogor_Gunung Putri
Bogor,Gunung Sindur,0.7089763550175315,Bogor_Gunung Sindur
Bogor,Jasinga,0.5803422070877181,Bogor_Jasinga
Bogor,Jonggol,0.6441261276133564,Bogor_Jonggol
Bogor,Kemang,0.6613993814836697,Bogor_Kemang
Bogor,Klapanunggal,0.6813190960827963,Bogor_Klapanunggal
Bogor,Leuwiliang,0.6556201878015347,Bogor_Leuwiliang
Bogor,Leuwisadeng,0.6426707566771035,Bogor_Leuwisadeng
Bogor,Megamendung,0.644970688771153,Bogor_Megamendung
Bogor,Nanggung,0.6274367837872481,Bogor_Nanggung
Bogor,Pamijahan,0.6339431378906608,Bogor_Pamijahan
Bogor,Parung,0.6893937377809668,Bogor_Parung
Bogor,Parung Panjang,0.6548315937330641,Bogor_Parung Panjang
Bogor,Ranca Bungur,0.6382795924491743,Bogor_Ranca Bungur
Bogor,Rumpin,0.6373419328865148,Bogor_Rumpin
Bogor,Sukajaya,0.6208572632733623,Bogor_Sukajaya
Bogor,Sukamakmur,0.6782370170507172,Bogor_Sukamakmur
Bogor,Sukaraja,0.6341117916225496,Bogor_Sukaraja
Bogor,Tajurhalang,0.6842457903036077,Bogor_Tajurhalang
Bogor,Tamansari,0.6149830223526042,Bogor_Tamansari
Bogor,Tanjungsari,0.6689237337653744,Bogor_Tanjungsari
Bogor,Tenjo,0.6296402559858439,Bogor_Tenjo
Bogor,Tenjolaya,0.6243442356491115,Bogor_Tenjolaya
Bojonegoro,Balen,0.6067299465240645,Bojonegoro_Balen
Bojonegoro,Baureno,0.6505517063431927,Bojonegoro_Baureno
Bojonegoro,Bojonegoro,0.625648446814623,Bojonegoro_Bojonegoro
Bojonegoro,Bubulan,0.6090898105592376,Bojonegoro_Bubulan
Bojonegoro,Dander,0.6767619630369636,Bojonegoro_Dander
Bojonegoro,Gayam,0.6463237767564393,Bojonegoro_Gayam
Bojonegoro,Gondang,0.6083325625784605,Bojonegoro_Gondang
Bojonegoro,Kalitidu,0.6594385864135864,Bojonegoro_Kalitidu
Bojonegoro,Kanor,0.6148591847694792,Bojonegoro_Kanor
Bojonegoro,Kapas,0.6412583480245247,Bojonegoro_Kapas
Bojonegoro,Kasiman,0.6227489923904787,Bojonegoro_Kasiman
Bojonegoro,Kedewan,0.5777584559661185,Bojonegoro_Kedewan
Bojonegoro,Kedungadem,0.59539013605074,Bojonegoro_Kedungadem
Bojonegoro,Kepohbaru,0.6254114441114442,Bojonegoro_Kepohbaru
Bojonegoro,Malo,0.6060660627384309,Bojonegoro_Malo
Bojonegoro,Margomulyo,0.6127182040182041,Bojonegoro_Margomulyo
Bojonegoro,Ngambon,0.6220789470763154,Bojonegoro_Ngambon
Bojonegoro,Ngasem,0.6482667509391198,Bojonegoro_Ngasem
Bojonegoro,Ngraho,0.6127994538571165,Bojonegoro_Ngraho
Bojonegoro,Padangan,0.61327577394226,Bojonegoro_Padangan
Bojonegoro,Purwosari,0.6587696669773302,Bojonegoro_Purwosari
Bojonegoro,Sekar,0.5926429267241189,Bojonegoro_Sekar
Bojonegoro,Sugihwaras,0.598342933253537,Bojonegoro_Sugihwaras
Bojonegoro,Sukosewu,0.6354128490790256,Bojonegoro_Sukosewu
Bojonegoro,Sumberejo,0.6182047966739147,Bojonegoro_Sumberejo
Bojonegoro,Tambakrejo,0.5943685153511781,Bojonegoro_Tambakrejo
Bojonegoro,Temayang,0.6098360484716523,Bojonegoro_Temayang
Bojonegoro,Trucuk,0.6462412298485828,Bojonegoro_Trucuk
Bondowoso,Binakal,0.49128922923481755,Bondowoso_Binakal
Bondowoso,Bondowoso,0.5282639592433712,Bondowoso_Bondowoso
Bondowoso,Botolinggo,0.4965159828733358,Bondowoso_Botolinggo
Bondowoso,Cermee,0.4462123630411559,Bondowoso_Cermee
Bondowoso,Curahdami,0.46888747338832476,Bondowoso_Curahdami
Bondowoso,Grujugan,0.4840323382499853,Bondowoso_Grujugan
Bondowoso,Jambesari Darus Sholah,0.4898258508605259,Bondowoso_Jambesari Darus Sholah
Bondowoso,Klabang,0.5193285521667879,Bondowoso_Klabang
Bondowoso,Maesan,0.5043645393821864,Bondowoso_Maesan
Bondowoso,Pakem,0.4976127668083549,Bondowoso_Pakem
Bondowoso,Prajekan,0.525542632118484,Bondowoso_Prajekan
Bondowoso,Pujer,0.4870870328158254,Bondowoso_Pujer
Bondowoso,Sempol,0.5177254645681113,Bondowoso_Sempol
Bondowoso,Sukosari,0.5190862661847961,Bondowoso_Sukosari
Bondowoso,Sumberwringin,0.5107689594375353,Bondowoso_Sumberwringin
Bondowoso,Taman Krocok,0.4916405216472555,Bondowoso_Taman Krocok
Bondowoso,Tamanan,0.5151641922576907,Bondowoso_Tamanan
Bondowoso,Tapen,0.524482935932317,Bondowoso_Tapen
Bondowoso,Tegalampel,0.4728128563387079,Bondowoso_Tegalampel
Bondowoso,Tenggarang,0.5041267715085054,Bondowoso_Tenggarang
Bondowoso,Tlogosari,0.5123036835713306,Bondowoso_Tlogosari
Bondowoso,Wonosari,0.5166221934068687,Bondowoso_Wonosari
Bondowoso,Wringin,0.5081695085959793,Bondowoso_Wringin
Boyolali,Ampel,0.5478780680104208,Boyolali_Ampel
Boyolali,Andong,0.5612714590964589,Boyolali_Andong
Boyolali,Banyudono,0.5810016454134099,Boyolali_Banyudono
Boyolali,Boyolali,0.590483113944879,Boyolali_Boyolali
Boyolali,Cepogo,0.5398171914686618,Boyolali_Cepogo
Boyolali,Gladagsari,0.5641011348128994,Boyolali_Gladagsari
Boyolali,Juwangi,0.6283686379410064,Boyolali_Juwangi
Boyolali,Karanggede,0.5426832813385445,Boyolali_Karanggede
Boyolali,Kemusu,0.5940175200616373,Boyolali_Kemusu
Boyolali,Klego,0.5457187423687421,Boyolali_Klego
Boyolali,Mojosongo,0.5433923453996984,Boyolali_Mojosongo
Boyolali,Musuk,0.5447042899910545,Boyolali_Musuk
Boyolali,Ngemplak,0.6176342072959716,Boyolali_Ngemplak
Boyolali,Nogosari,0.5914040399143339,Boyolali_Nogosari
Boyolali,Sambi,0.5563423605805959,Boyolali_Sambi
Boyolali,Sawit,0.5817487636546457,Boyolali_Sawit
Boyolali,Selo,0.5193248142380495,Boyolali_Selo
Boyolali,Simo,0.5584848936151569,Boyolali_Simo
Boyolali,Tamansari,0.5368553417171062,Boyolali_Tamansari
Boyolali,Teras,0.564730090987444,Boyolali_Teras
Boyolali,Wonosamodro,0.6003485929103574,Boyolali_Wonosamodro
Boyolali,Wonosegoro,0.6195738867341806,Boyolali_Wonosegoro
Brebes,Banjarharjo,0.6752311660561662,Brebes_Banjarharjo
Brebes,Bantarkawung,0.6215737393153802,Brebes_Bantarkawung
Brebes,Brebes,0.7564238195670859,Brebes_Brebes
Brebes,Bulakamba,0.7555101982898424,Brebes_Bulakamba
Brebes,Bumiayu,0.5926010513823982,Brebes_Bumiayu
Brebes,Jatibarang,0.7848549448917096,Brebes_Jatibarang
Brebes,Kersana,0.7814233389159858,Brebes_Kersana
Brebes,Ketanggungan,0.6697175935175934,Brebes_Ketanggungan
Brebes,Larangan,0.7296290976996863,Brebes_Larangan
Brebes,Losari,0.8078574412515591,Brebes_Losari
Brebes,Paguyangan,0.6248998289120579,Brebes_Paguyangan
Brebes,Salem,0.6374744805332266,Brebes_Salem
Brebes,Sirampog,0.6122372596357889,Brebes_Sirampog
Brebes,Songgom,0.7769464200831849,Brebes_Songgom
Brebes,Tanjung,0.799961528993882,Brebes_Tanjung
Brebes,Tonjong,0.6396921308911245,Brebes_Tonjong
Brebes,Wanasari,0.7750504035094593,Brebes_Wanasari
Ciamis,Banjaranyar,0.6048953783918182,Ciamis_Banjaranyar
Ciamis,Banjarsari,0.6076771943570708,Ciamis_Banjarsari
Ciamis,Baregbeg,0.5555985606155112,Ciamis_Baregbeg
Ciamis,Ciamis,0.5648669991601104,Ciamis_Ciamis
Ciamis,Cidolog,0.557335381397069,Ciamis_Cidolog
Ciamis,Cihaurbeuti,0.6003783652450061,Ciamis_Cihaurbeuti
Ciamis,Cijeungjing,0.5502497337114212,Ciamis_Cijeungjing
Ciamis,Cikoneng,0.5830918695511574,Ciamis_Cikoneng
Ciamis,Cimaragas,0.5367580836947715,Ciamis_Cimaragas
Ciamis,Cipaku,0.5901485682102552,Ciamis_Cipaku
Ciamis,Cisaga,0.5511245672112547,Ciamis_Cisaga
Ciamis,Jatinagara,0.5702517700737517,Ciamis_Jatinagara
Ciamis,Kawali,0.5872091987561803,Ciamis_Kawali
Ciamis,Lakbok,0.6209399689663626,Ciamis_Lakbok
Ciamis,Lumbung,0.6142265234249755,Ciamis_Lumbung
Ciamis,Pamarican,0.5924268616488432,Ciamis_Pamarican
Ciamis,Panawangan,0.594769574491556,Ciamis_Panawangan
Ciamis,Panjalu,0.603525167625632,Ciamis_Panjalu
Ciamis,Panumbangan,0.6167849911354554,Ciamis_Panumbangan
Ciamis,Purwadadi,0.6208335263893318,Ciamis_Purwadadi
Ciamis,Rajadesa,0.5650542675762491,Ciamis_Rajadesa
Ciamis,Rancah,0.5349565587920855,Ciamis_Rancah
Ciamis,Sadananya,0.607053022940252,Ciamis_Sadananya
Ciamis,Sindangkasih,0.5835741015348598,Ciamis_Sindangkasih
Ciamis,Sukadana,0.5465089975298184,Ciamis_Sukadana
Ciamis,Sukamantri,0.6252798632224327,Ciamis_Sukamantri
Ciamis,Tambaksari,0.580284509066785,Ciamis_Tambaksari
Cianjur,Agrabinta,0.5641546244433243,Cianjur_Agrabinta
Cianjur,Bojongpicung,0.6478146304503888,Cianjur_Bojongpicung
Cianjur,Campaka,0.6115622253047946,Cianjur_Campaka
Cianjur,Campakamulya,0.627672486182548,Cianjur_Campakamulya
Cianjur,Cianjur,0.5902535692893278,Cianjur_Cianjur
Cianjur,Cibeber,0.6519237752271808,Cianjur_Cibeber
Cianjur,Cibinong,0.5800767062830532,Cianjur_Cibinong
Cianjur,Cidaun,0.5885441804755276,Cianjur_Cidaun
Cianjur,Cijati,0.5423750246313717,Cianjur_Cijati
Cianjur,Cikadu,0.5938535670040315,Cianjur_Cikadu
Cianjur,Cikalongkulon,0.6743390622277621,Cianjur_Cikalongkulon
Cianjur,Cilaku,0.607633719694478,Cianjur_Cilaku
Cianjur,Cipanas,0.6257616377086964,Cianjur_Cipanas
Cianjur,Ciranjang,0.667121954335654,Cianjur_Ciranjang
Cianjur,Cugenang,0.6455581248644712,Cianjur_Cugenang
Cianjur,Gekbrong,0.6266355172433343,Cianjur_Gekbrong
Cianjur,Haurwangi,0.6576869426153481,Cianjur_Haurwangi
Cianjur,Kadupandak,0.5742516813080281,Cianjur_Kadupandak
Cianjur,Karangtengah,0.649004786536133,Cianjur_Karangtengah
Cianjur,Leles,0.5624869421256422,Cianjur_Leles
Cianjur,Mande,0.6604564015877485,Cianjur_Mande
Cianjur,Naringgul,0.5864695967259435,Cianjur_Naringgul
Cianjur,Pacet,0.6643396794382085,Cianjur_Pacet
Cianjur,Pagelaran,0.6097752730757375,Cianjur_Pagelaran
Cianjur,Pasirkuda,0.6102968070972714,Cianjur_Pasirkuda
Cianjur,Sindangbarang,0.5600724455111454,Cianjur_Sindangbarang
Cianjur,Sukaluyu,0.6350887729745311,Cianjur_Sukaluyu
Cianjur,Sukanagara,0.6045003926929623,Cianjur_Sukanagara
Cianjur,Sukaresmi,0.6691314557819203,Cianjur_Sukaresmi
Cianjur,Takokak,0.6456338752235036,Cianjur_Takokak
Cianjur,Tanggeung,0.5788449158512629,Cianjur_Tanggeung
Cianjur,Warungkondang,0.6103641105454571,Cianjur_Warungkondang
Cilacap,Adipala,0.6750925829072888,Cilacap_Adipala
Cilacap,Bantarsari,0.573057307398484,Cilacap_Bantarsari
Cilacap,Binangun,0.6937130970336856,Cilacap_Binangun
Cilacap,Cilacap Selatan,0.5689568002259179,Cilacap_Cilacap Selatan
Cilacap,Cilacap Tengah,0.6195445929887106,Cilacap_Cilacap Tengah
Cilacap,Cilacap Utara,0.6432077394827396,Cilacap_Cilacap Utara
Cilacap,Cimanggu,0.6042604501191962,Cilacap_Cimanggu
Cilacap,Cipari,0.6099146155615971,Cilacap_Cipari
Cilacap,Dayeuhluhur,0.5806081964904722,Cilacap_Dayeuhluhur
Cilacap,Gandrungmangu,0.6001931496264314,Cilacap_Gandrungmangu
Cilacap,Jeruklegi,0.5951756733462615,Cilacap_Jeruklegi
Cilacap,Kampung Laut,0.5947533148224324,Cilacap_Kampung Laut
Cilacap,Karangpucung,0.5920908112613222,Cilacap_Karangpucung
Cilacap,Kawunganten,0.5829370560811739,Cilacap_Kawunganten
Cilacap,Kedungreja,0.6166034615367434,Cilacap_Kedungreja
Cilacap,Kesugihan,0.635172473441591,Cilacap_Kesugihan
Cilacap,Kroya,0.7025185513832574,Cilacap_Kroya
Cilacap,Majenang,0.6142473653281704,Cilacap_Majenang
Cilacap,Maos,0.6689094421917954,Cilacap_Maos
Cilacap,Nusawungu,0.7096223333855686,Cilacap_Nusawungu
Cilacap,Patimuan,0.6107549874961641,Cilacap_Patimuan
Cilacap,Sampang,0.7234090647914178,Cilacap_Sampang
Cilacap,Sidareja,0.6106254565352089,Cilacap_Sidareja
Cilacap,Wanareja,0.5994379719437771,Cilacap_Wanareja
Cirebon,Arjawinangun,0.7719527519865759,Cirebon_Arjawinangun
Cirebon,Astanajapura,0.8108530100618339,Cirebon_Astanajapura
Cirebon,Babakan,0.7969101840969489,Cirebon_Babakan
Cirebon,Beber,0.7035287687802394,Cirebon_Beber
Cirebon,Ciledug,0.8075750125691306,Cirebon_Ciledug
Cirebon,Ciwaringin,0.7633546598826013,Cirebon_Ciwaringin
Cirebon,Depok,0.6945355304654065,Cirebon_Depok
Cirebon,Dukupuntang,0.6694897345946107,Cirebon_Dukupuntang
Cirebon,Gebang,0.8059079366711721,Cirebon_Gebang
Cirebon,Gegesik,0.6938078529227911,Cirebon_Gegesik
Cirebon,Gempol,0.7164332796288678,Cirebon_Gempol
Cirebon,Greged,0.7095749265440443,Cirebon_Greged
Cirebon,Gunung Jati,0.7376924317512553,Cirebon_Gunung Jati
Cirebon,Jamblang,0.787412590514061,Cirebon_Jamblang
Cirebon,Kaliwedi,0.74064530697201,Cirebon_Kaliwedi
Cirebon,Kapetakan,0.7298031350916027,Cirebon_Kapetakan
Cirebon,Karangsembung,0.8052667017622902,Cirebon_Karangsembung
Cirebon,Karangwareng,0.7737693030825387,Cirebon_Karangwareng
Cirebon,Kedawung,0.7587162006294359,Cirebon_Kedawung
Cirebon,Klangenan,0.7763080981110392,Cirebon_Klangenan
Cirebon,Lemahabang,0.7940397259603144,Cirebon_Lemahabang
Cirebon,Losari,0.7677346593808672,Cirebon_Losari
Cirebon,Mundu,0.711393762609939,Cirebon_Mundu
Cirebon,Pabedilan,0.7950274351465527,Cirebon_Pabedilan
Cirebon,Pabuaran,0.7671881926896633,Cirebon_Pabuaran
Cirebon,Palimanan,0.7141700193425425,Cirebon_Palimanan
Cirebon,Pangenan,0.7666315132579837,Cirebon_Pangenan
Cirebon,Panguragan,0.7401279721224768,Cirebon_Panguragan
Cirebon,Pasaleman,0.730384461453579,Cirebon_Pasaleman
Cirebon,Plered,0.7873408581614465,Cirebon_Plered
Cirebon,Plumbon,0.742723429820953,Cirebon_Plumbon
Cirebon,Sedong,0.6915244107199988,Cirebon_Sedong
Cirebon,Sumber,0.6764718619443849,Cirebon_Sumber
Cirebon,Suranenggala,0.7666167241255477,Cirebon_Suranenggala
Cirebon,Susukan,0.7478813247210307,Cirebon_Susukan
Cirebon,Susukan Lebak,0.7807518236665298,Cirebon_Susukan Lebak
Cirebon,Talun,0.7088762862954038,Cirebon_Talun
Cirebon,Tengah Tani,0.7456639363904067,Cirebon_Tengah Tani
Cirebon,Waled,0.7327922009363186,Cirebon_Waled
Cirebon,Weru,0.7344957574932809,Cirebon_Weru
Demak,Bonang,0.6659340279002048,Demak_Bonang
Demak,Demak,0.6734753519356462,Demak_Demak
Demak,Dempet,0.7013797395415042,Demak_Dempet
Demak,Gajah,0.7196173824541474,Demak_Gajah
Demak,Guntur,0.713772403087109,Demak_Guntur
Demak,Karanganyar,0.7180237803046629,Demak_Karanganyar
Demak,Karangawen,0.703079753768763,Demak_Karangawen
Demak,Karangtengah,0.7239350794630208,Demak_Karangtengah
Demak,Kebonagung,0.6258770497476378,Demak_Kebonagung
Demak,Mijen,0.7290681206048856,Demak_Mijen
Demak,Mranggen,0.7101412811302906,Demak_Mranggen
Demak,Sayung,0.7434111604082193,Demak_Sayung
Demak,Wedung,0.7330146280448143,Demak_Wedung
Demak,Wonosalam,0.6540310891722656,Demak_Wonosalam
Garut,Banjarwangi,0.6488305844310488,Garut_Banjarwangi
Garut,Banyuresmi,0.6410739802938719,Garut_Banyuresmi
Garut,Bayongbong,0.6337350176397389,Garut_Bayongbong
Garut,Bl. Limbangan,0.6526148355170798,Garut_Bl. Limbangan
Garut,Bungbulang,0.615087233337698,Garut_Bungbulang
Garut,Caringin,0.5730242587306058,Garut_Caringin
Garut,Cibalong,0.5913353534838056,Garut_Cibalong
Garut,Cibatu,0.6383909551490822,Garut_Cibatu
Garut,Cibiuk,0.6695039509767835,Garut_Cibiuk
Garut,Cigedug,0.6486418823007059,Garut_Cigedug
Garut,Cihurip,0.620968025060595,Garut_Cihurip
Garut,Cikajang,0.6380456230044462,Garut_Cikajang
Garut,Cikelet,0.582354761853214,Garut_Cikelet
Garut,Cilawu,0.6233753144344473,Garut_Cilawu
Garut,Cisewu,0.6049176973181619,Garut_Cisewu
Garut,Cisompet,0.6004902374886898,Garut_Cisompet
Garut,Cisurupan,0.6345312292282879,Garut_Cisurupan
Garut,Garut Kota,0.6232631395006782,Garut_Garut Kota
Garut,Kadungora,0.6787441560331653,Garut_Kadungora
Garut,Karangpawitan,0.6378404360603277,Garut_Karangpawitan
Garut,Karangtengah,0.6165574453754019,Garut_Karangtengah
Garut,Kersamanah,0.6293816729280348,Garut_Kersamanah
Garut,Leles,0.677750230531422,Garut_Leles
Garut,Leuwigoong,0.6361232352872443,Garut_Leuwigoong
Garut,Malangbong,0.6169284067497687,Garut_Malangbong
Garut,Mekarmukti,0.5869252716066183,Garut_Mekarmukti
Garut,Pakenjeng,0.6164453379437902,Garut_Pakenjeng
Garut,Pameungpeuk,0.5816189393423915,Garut_Pameungpeuk
Garut,Pamulihan,0.6546271858860095,Garut_Pamulihan
Garut,Pangatikan,0.6045101730227117,Garut_Pangatikan
Garut,Pasirwangi,0.6075350217206253,Garut_Pasirwangi
Garut,Peundeuy,0.6041122432606953,Garut_Peundeuy
Garut,Samarang,0.6489222224284139,Garut_Samarang
Garut,Selaawi,0.6600323097095541,Garut_Selaawi
Garut,Singajaya,0.6241738081663777,Garut_Singajaya
Garut,Sucinaraja,0.6188451215279389,Garut_Sucinaraja
Garut,Sukaresmi,0.6089536209318717,Garut_Sukaresmi
Garut,Sukawening,0.6246398492288583,Garut_Sukawening
Garut,Talegong,0.619152286791296,Garut_Talegong
Garut,Tarogong Kaler,0.6441130511902952,Garut_Tarogong Kaler
Garut,Tarogong Kidul,0.6000823988361139,Garut_Tarogong Kidul
Garut,Wanaraja,0.6078892300767686,Garut_Wanaraja
Gresik,Balongpanggang,0.7382612675336359,Gresik_Balongpanggang
Gresik,Benjeng,0.6837322021545706,Gresik_Benjeng
Gresik,Bungah,0.5367466440851891,Gresik_Bungah
Gresik,Cerme,0.6734088159003022,Gresik_Cerme
Gresik,Driyorejo,0.6919230950422128,Gresik_Driyorejo
Gresik,Duduksampeyan,0.6526305187072992,Gresik_Duduksampeyan
Gresik,Dukun,0.5296058178749358,Gresik_Dukun
Gresik,Gresik,0.6788155951891245,Gresik_Gresik
Gresik,Kebomas,0.6551813991563992,Gresik_Kebomas
Gresik,Kedamean,0.6969695221874789,Gresik_Kedamean
Gresik,Manyar,0.6353707229475033,Gresik_Manyar
Gresik,Menganti,0.6809195145154123,Gresik_Menganti
Gresik,Panceng,0.5197757912022619,Gresik_Panceng
Gresik,Sangkapura,0.5863114172205502,Gresik_Sangkapura
Gresik,Sidayu,0.4486266659810777,Gresik_Sidayu
Gresik,Tambak,0.5382277319515711,Gresik_Tambak
Gresik,Ujungpangkah,0.48578189478220457,Gresik_Ujungpangkah
Gresik,Wringinanom,0.6691261113069937,Gresik_Wringinanom
Grobogan,Brati,0.6908950779612545,Grobogan_Brati
Grobogan,Gabus,0.6151228658596305,Grobogan_Gabus
Grobogan,Geyer,0.6575592647978096,Grobogan_Geyer
Grobogan,Godong,0.6791782660150308,Grobogan_Godong
Grobogan,Grobogan,0.694360259838201,Grobogan_Grobogan
Grobogan,Gubug,0.6898564287020169,Grobogan_Gubug
Grobogan,Karangrayung,0.6330255790391239,Grobogan_Karangrayung
Grobogan,Kedungjati,0.6010474793610241,Grobogan_Kedungjati
Grobogan,Klambu,0.6257859122903234,Grobogan_Klambu
Grobogan,Kradenan,0.6386602683694014,Grobogan_Kradenan
Grobogan,Ngaringan,0.6587748596604635,Grobogan_Ngaringan
Grobogan,Penawangan,0.6784437164572618,Grobogan_Penawangan
Grobogan,Pulokulon,0.6666542051515737,Grobogan_Pulokulon
Grobogan,Purwodadi,0.7181162303812461,Grobogan_Purwodadi
Grobogan,Tanggungharjo,0.6143222033298659,Grobogan_Tanggungharjo
Grobogan,Tawangharjo,0.6650263248189718,Grobogan_Tawangharjo
Grobogan,Tegowanu,0.7182261322440889,Grobogan_Tegowanu
Grobogan,Toroh,0.6510455868091316,Grobogan_Toroh
Grobogan,Wirosari,0.6902720107120262,Grobogan_Wirosari
Gunungkidul,Gedangsari,0.5686060193074899,Gunungkidul_Gedangsari
Gunungkidul,Girisubo,0.5989897221887158,Gunungkidul_Girisubo
Gunungkidul,Karangmojo,0.6420788317719434,Gunungkidul_Karangmojo
Gunungkidul,Ngawen,0.5619780618074739,Gunungkidul_Ngawen
Gunungkidul,Nglipar,0.5692842430445375,Gunungkidul_Nglipar
Gunungkidul,Paliyan,0.6078171024022415,Gunungkidul_Paliyan
Gunungkidul,Panggang,0.5940400100501491,Gunungkidul_Panggang
Gunungkidul,Patuk,0.5589022979428548,Gunungkidul_Patuk
Gunungkidul,Playen,0.5782153107298619,Gunungkidul_Playen
Gunungkidul,Ponjong,0.6058737127681397,Gunungkidul_Ponjong
Gunungkidul,Purwosari,0.6534978028335611,Gunungkidul_Purwosari
Gunungkidul,Rongkop,0.5932308583401462,Gunungkidul_Rongkop
Gunungkidul,Saptosari,0.5814391951787463,Gunungkidul_Saptosari
Gunungkidul,Semanu,0.6341171565448653,Gunungkidul_Semanu
Gunungkidul,Semin,0.5940151311536764,Gunungkidul_Semin
Gunungkidul,Tanjungsari,0.6252203272046152,Gunungkidul_Tanjungsari
Gunungkidul,Tepus,0.6192772036614914,Gunungkidul_Tepus
Gunungkidul,Wonosari,0.5995235080107372,Gunungkidul_Wonosari
Indramayu,Anjatan,0.6197844790830087,Indramayu_Anjatan
Indramayu,Arahan,0.6615083747951397,Indramayu_Arahan
Indramayu,Balongan,0.6791391081141083,Indramayu_Balongan
Indramayu,Bangodua,0.6533972976370035,Indramayu_Bangodua
Indramayu,Bongas,0.6381911789191204,Indramayu_Bongas
Indramayu,Cantigi,0.5971628350407764,Indramayu_Cantigi
Indramayu,Cikedung,0.6998925438940142,Indramayu_Cikedung
Indramayu,Gabuswetan,0.6545077830666065,Indramayu_Gabuswetan
Indramayu,Gantar,0.6597066381331084,Indramayu_Gantar
Indramayu,Haurgeulis,0.6825084524952172,Indramayu_Haurgeulis
Indramayu,Indramayu,0.6736552246772836,Indramayu_Indramayu
Indramayu,Jatibarang,0.6588105918591213,Indramayu_Jatibarang
Indramayu,Juntinyuat,0.6531648576913283,Indramayu_Juntinyuat
Indramayu,Kandanghaur,0.6426032772782776,Indramayu_Kandanghaur
Indramayu,Karangampel,0.663780860805861,Indramayu_Karangampel
Indramayu,Kedokan Bunder,0.656704290480761,Indramayu_Kedokan Bunder
Indramayu,Kertasemaya,0.6865283410947494,Indramayu_Kertasemaya
Indramayu,Krangkeng,0.6773844044758129,Indramayu_Krangkeng
Indramayu,Kroya,0.6679747231526643,Indramayu_Kroya
Indramayu,Lelea,0.6578678853825912,Indramayu_Lelea
Indramayu,Lohbener,0.62932304949952,Indramayu_Lohbener
Indramayu,Losarang,0.626996891670421,Indramayu_Losarang
Indramayu,Pasekan,0.49856311780754525,Indramayu_Pasekan
Indramayu,Patrol,0.6570109258388672,Indramayu_Patrol
Indramayu,Sindang,0.6599907713201835,Indramayu_Sindang
Indramayu,Sliyeg,0.6468730552127608,Indramayu_Sliyeg
Indramayu,Sukagumiwang,0.7361418607536254,Indramayu_Sukagumiwang
Indramayu,Sukra,0.6302661392529039,Indramayu_Sukra
Indramayu,Terisi,0.723585596429714,Indramayu_Terisi
Indramayu,Tukdana,0.6998767941209117,Indramayu_Tukdana
Indramayu,Widasari,0.6417012214909275,Indramayu_Widasari
Jember,Ajung,0.5185635064711692,Jember_Ajung
Jember,Ambulu,0.5161795816928174,Jember_Ambulu
Jember,Arjasa,0.47957036190503693,Jember_Arjasa
Jember,Balung,0.5217883258038832,Jember_Balung
Jember,Bangsalsari,0.4835810217989787,Jember_Bangsalsari
Jember,Gumukmas,0.5483374796428202,Jember_Gumukmas
Jember,Jelbuk,0.4916830042506512,Jember_Jelbuk
Jember,Jenggawah,0.5367351290006864,Jember_Jenggawah
Jember,Jombang,0.5243649731417536,Jember_Jombang
Jember,Kalisat,0.4829705473061511,Jember_Kalisat
Jember,Kaliwates,0.5171985211640787,Jember_Kaliwates
Jember,Kencong,0.5403145336689456,Jember_Kencong
Jember,Ledokombo,0.49072536773512015,Jember_Ledokombo
Jember,Mayang,0.47507404952288884,Jember_Mayang
Jember,Mumbulsari,0.45304994731790443,Jember_Mumbulsari
Jember,Pakusari,0.5002547714153752,Jember_Pakusari
Jember,Panti,0.5034849689526159,Jember_Panti
Jember,Patrang,0.49915372021339527,Jember_Patrang
Jember,Puger,0.49470429835901986,Jember_Puger
Jember,Rambipuji,0.5326733675251479,Jember_Rambipuji
Jember,Semboro,0.5409568756836561,Jember_Semboro
Jember,Silo,0.4548532773212341,Jember_Silo
Jember,Sukorambi,0.4924636855404657,Jember_Sukorambi
Jember,Sukowono,0.5040201676548426,Jember_Sukowono
Jember,Sumberbaru,0.4800964646894215,Jember_Sumberbaru
Jember,Sumberjambe,0.49429965981730684,Jember_Sumberjambe
Jember,Sumbersari,0.5228662276406089,Jember_Sumbersari
Jember,Tanggul,0.5272449713341357,Jember_Tanggul
Jember,Tempurejo,0.4932120526188639,Jember_Tempurejo
Jember,Umbulsari,0.4960974787080826,Jember_Umbulsari
Jember,Wuluhan,0.49446151242118763,Jember_Wuluhan
Jepara,Bangsri,0.6886858904167729,Jepara_Bangsri
Jepara,Batealit,0.6078728069144478,Jepara_Batealit
Jepara,Donorojo,0.5605211871290045,Jepara_Donorojo
Jepara,Jepara,0.6734950208288443,Jepara_Jepara
Jepara,Kalinyamatan,0.735123348856167,Jepara_Kalinyamatan
Jepara,Karimunjawa,0.5333758482143931,Jepara_Karimunjawa
Jepara,Kedung,0.6765921049538698,Jepara_Kedung
Jepara,Keling,0.6041112997941169,Jepara_Keling
Jepara,Kembang,0.5983627457337981,Jepara_Kembang
Jepara,Mayong,0.6589780880712001,Jepara_Mayong
Jepara,Mlonggo,0.6431432591917884,Jepara_Mlonggo
Jepara,Nalumsari,0.646082687393446,Jepara_Nalumsari
Jepara,Pakis Aji,0.6854240607431781,Jepara_Pakis Aji
Jepara,Pecangaan,0.7182116987415751,Jepara_Pecangaan
Jepara,Tahunan,0.6225716554515315,Jepara_Tahunan
Jepara,Welahan,0.7511032175341003,Jepara_Welahan
Jombang,Bandarkedungmulyo,0.6037227277624341,Jombang_Bandarkedungmulyo
Jombang,Bareng,0.5475208556149731,Jombang_Bareng
Jombang,Diwek,0.6092115133232784,Jombang_Diwek
Jombang,Gudo,0.5865564543299839,Jombang_Gudo
Jombang,Jogoroto,0.6231363110745466,Jombang_Jogoroto
Jombang,Jombang,0.6179404205271853,Jombang_Jombang
Jombang,Kabuh,0.5996756547374194,Jombang_Kabuh
Jombang,Kesamben,0.6347674898630784,Jombang_Kesamben
Jombang,Kudu,0.6561076622723687,Jombang_Kudu
Jombang,Megaluh,0.5885978359875421,Jombang_Megaluh
Jombang,Mojoagung,0.6144945125136309,Jombang_Mojoagung
Jombang,Mojowarno,0.5923487070119424,Jombang_Mojowarno
Jombang,Ngoro,0.5838593688990749,Jombang_Ngoro
Jombang,Ngusikan,0.6086573847720907,Jombang_Ngusikan
Jombang,Perak,0.6117731884128946,Jombang_Perak
Jombang,Peterongan,0.5771038272185331,Jombang_Peterongan
Jombang,Plandaan,0.5640890287816762,Jombang_Plandaan
Jombang,Ploso,0.6229905992700109,Jombang_Ploso
Jombang,Sumobito,0.630293260007966,Jombang_Sumobito
Jombang,Tembelang,0.6151680068297719,Jombang_Tembelang
Jombang,Wonosalam,0.49837757471286864,Jombang_Wonosalam
Karanganyar,Colomadu,0.5895877108185932,Karanganyar_Colomadu
Karanganyar,Gondangrejo,0.5747612611244962,Karanganyar_Gondangrejo
Karanganyar,Jaten,0.605905095721272,Karanganyar_Jaten
Karanganyar,Jatipuro,0.5092848941907766,Karanganyar_Jatipuro
Karanganyar,Jatiyoso,0.5597624037726976,Karanganyar_Jatiyoso
Karanganyar,Jenawi,0.4877978531272648,Karanganyar_Jenawi
Karanganyar,Jumantono,0.5191983021880081,Karanganyar_Jumantono
Karanganyar,Jumapolo,0.5093594710844711,Karanganyar_Jumapolo
Karanganyar,Karanganyar,0.5449394440526794,Karanganyar_Karanganyar
Karanganyar,Karangpandan,0.49077830160036034,Karanganyar_Karangpandan
Karanganyar,Kebakkramat,0.5798333352921586,Karanganyar_Kebakkramat
Karanganyar,Kerjo,0.5129695965798908,Karanganyar_Kerjo
Karanganyar,Matesih,0.48378105032222657,Karanganyar_Matesih
Karanganyar,Mojogedang,0.5222644523776878,Karanganyar_Mojogedang
Karanganyar,Ngargoyoso,0.5357865810659928,Karanganyar_Ngargoyoso
Karanganyar,Tasikmadu,0.592783380671616,Karanganyar_Tasikmadu
Karanganyar,Tawangmangu,0.5549001064724746,Karanganyar_Tawangmangu
Karawang,Banyusari,0.6138557194439549,Karawang_Banyusari
Karawang,Batujaya,0.6469766909475112,Karawang_Batujaya
Karawang,Ciampel,0.6816094337035516,Karawang_Ciampel
Karawang,Cibuaya,0.5866998289206493,Karawang_Cibuaya
Karawang,Cikampek,0.671462955508544,Karawang_Cikampek
Karawang,Cilamaya Kulon,0.5937036812860342,Karawang_Cilamaya Kulon
Karawang,Cilamaya Wetan,0.5986466603657781,Karawang_Cilamaya Wetan
Karawang,Cilebar,0.5767907548334019,Karawang_Cilebar
Karawang,Jatisari,0.6776367418529184,Karawang_Jatisari
Karawang,Jayakerta,0.572685172343996,Karawang_Jayakerta
Karawang,Karawang Barat,0.7126745855451738,Karawang_Karawang Barat
Karawang,Karawang Timur,0.7122584655540537,Karawang_Karawang Timur
Karawang,Klari,0.6893340566296449,Karawang_Klari
Karawang,Kota Baru,0.6901603470059352,Karawang_Kota Baru
Karawang,Kutawaluya,0.5970712999418879,Karawang_Kutawaluya
Karawang,Lemahabang,0.6629376014508367,Karawang_Lemahabang
Karawang,Majalaya,0.6937732799879859,Karawang_Majalaya
Karawang,Pakisjaya,0.6409172776483923,Karawang_Pakisjaya
Karawang,Pangkalan,0.648181718754242,Karawang_Pangkalan
Karawang,Pedes,0.6090269413507027,Karawang_Pedes
Karawang,Purwasari,0.6766721768427653,Karawang_Purwasari
Karawang,Rawamerta,0.6505159556130146,Karawang_Rawamerta
Karawang,Rengasdengklok,0.62137628498952,Karawang_Rengasdengklok
Karawang,Tegalwaru,0.6735410026076439,Karawang_Tegalwaru
Karawang,Telagasari,0.6975933765580825,Karawang_Telagasari
Karawang,Telukjambe Barat,0.6942803585303585,Karawang_Telukjambe Barat
Karawang,Telukjambe Timur,0.7261862128068011,Karawang_Telukjambe Timur
Karawang,Tempuran,0.6194841139252903,Karawang_Tempuran
Karawang,Tirtajaya,0.5928756041258362,Karawang_Tirtajaya
Karawang,Tirtamulya,0.6694442454604218,Karawang_Tirtamulya
Kebumen,Adimulyo,0.6566755412887767,Kebumen_Adimulyo
Kebumen,Alian,0.6188317944954944,Kebumen_Alian
Kebumen,Ambal,0.659709202364543,Kebumen_Ambal
Kebumen,Ayah,0.6238492249580484,Kebumen_Ayah
Kebumen,Bonorowo,0.6893229053282462,Kebumen_Bonorowo
Kebumen,Buayan,0.640199270956082,Kebumen_Buayan
Kebumen,Buluspesantren,0.672275833643481,Kebumen_Buluspesantren
Kebumen,Gombong,0.7012300963742139,Kebumen_Gombong
Kebumen,Karanganyar,0.6608007068095304,Kebumen_Karanganyar
Kebumen,Karanggayam,0.6093671155469919,Kebumen_Karanggayam
Kebumen,Karangsambung,0.5892702124500888,Kebumen_Karangsambung
Kebumen,Kebumen,0.6490847222694742,Kebumen_Kebumen
Kebumen,Klirong,0.7067875692934515,Kebumen_Klirong
Kebumen,Kutowinangun,0.6355492272089796,Kebumen_Kutowinangun
Kebumen,Kuwarasan,0.6733273034155385,Kebumen_Kuwarasan
Kebumen,Mirit,0.6756560104927756,Kebumen_Mirit
Kebumen,Padureso,0.6090942026411844,Kebumen_Padureso
Kebumen,Pejagoan,0.6247122842671605,Kebumen_Pejagoan
Kebumen,Petanahan,0.6981382796941622,Kebumen_Petanahan
Kebumen,Poncowarno,0.5875860607830423,Kebumen_Poncowarno
Kebumen,Prembun,0.6582687286569642,Kebumen_Prembun
Kebumen,Puring,0.6744995186186366,Kebumen_Puring
Kebumen,Rowokele,0.6418444801930094,Kebumen_Rowokele
Kebumen,Sadang,0.6080338461675925,Kebumen_Sadang
Kebumen,Sempor,0.640593011872888,Kebumen_Sempor
Kebumen,Sruweng,0.6090253406552166,Kebumen_Sruweng
Kediri,Badas,0.5652168889933595,Kediri_Badas
Kediri,Banyakan,0.5410634135472372,Kediri_Banyakan
Kediri,Gampengrejo,0.620993925192455,Kediri_Gampengrejo
Kediri,Grogol,0.5399004247386602,Kediri_Grogol
Kediri,Gurah,0.5709612051347347,Kediri_Gurah
Kediri,Kandangan,0.5326025017466196,Kediri_Kandangan
Kediri,Kandat,0.5529292374721942,Kediri_Kandat
Kediri,Kayen Kidul,0.5853945973960685,Kediri_Kayen Kidul
Kediri,Kepung,0.5019771914360149,Kediri_Kepung
Kediri,Kras,0.5833199816523349,Kediri_Kras
Kediri,Kunjang,0.5921944808459516,Kediri_Kunjang
Kediri,Mojo,0.5396871514106807,Kediri_Mojo
Kediri,Ngadiluwih,0.5565169683687485,Kediri_Ngadiluwih
Kediri,Ngancar,0.5209972218957516,Kediri_Ngancar
Kediri,Ngasem,0.6031069939864062,Kediri_Ngasem
Kediri,Pagu,0.5909654814140112,Kediri_Pagu
Kediri,Papar,0.6009509327274037,Kediri_Papar
Kediri,Pare,0.5678004428577961,Kediri_Pare
Kediri,Plemahan,0.5620233158997866,Kediri_Plemahan
Kediri,Plosoklaten,0.5337338491573786,Kediri_Plosoklaten
Kediri,Puncu,0.49440426762779716,Kediri_Puncu
Kediri,Purwoasri,0.5839259487244782,Kediri_Purwoasri
Kediri,Ringinrejo,0.5597268851203836,Kediri_Ringinrejo
Kediri,Semen,0.5482785600020893,Kediri_Semen
Kediri,Tarokan,0.5643832566126686,Kediri_Tarokan
Kediri,Wates,0.5413411217007965,Kediri_Wates
Kendal,Boja,0.659894834886476,Kendal_Boja
Kendal,Brangsong,0.7581981427069665,Kendal_Brangsong
Kendal,Cepiring,0.7902988429870788,Kendal_Cepiring
Kendal,Gemuh,0.7717688905865379,Kendal_Gemuh
Kendal,Kaliwungu,0.7742291918865449,Kendal_Kaliwungu
Kendal,Kaliwungu Selatan,0.6933459101184337,Kendal_Kaliwungu Selatan
Kendal,Kangkung,0.8095238583312115,Kendal_Kangkung
Kendal,Kendal,0.7652081201478265,Kendal_Kendal
Kendal,Limbangan,0.6438169838159777,Kendal_Limbangan
Kendal,Ngampel,0.7902332499200149,Kendal_Ngampel
Kendal,Pageruyung,0.703616053227818,Kendal_Pageruyung
Kendal,Patean,0.6791283926685628,Kendal_Patean
Kendal,Patebon,0.7018089487310075,Kendal_Patebon
Kendal,Pegandon,0.7101097665234662,Kendal_Pegandon
Kendal,Plantungan,0.6000939225635042,Kendal_Plantungan
Kendal,Ringinarum,0.7412724314900785,Kendal_Ringinarum
Kendal,Rowosari,0.7967289917598741,Kendal_Rowosari
Kendal,Singorojo,0.660493935785577,Kendal_Singorojo
Kendal,Sukorejo,0.603452544333891,Kendal_Sukorejo
Kendal,Weleri,0.7631203988821635,Kendal_Weleri
Klaten,Bayat,0.60219469435793,Klaten_Bayat
Klaten,Cawas,0.621585576351753,Klaten_Cawas
Klaten,Ceper,0.6422451016303956,Klaten_Ceper
Klaten,Delanggu,0.6240667486108661,Klaten_Delanggu
Klaten,Gantiwarno,0.594072513760749,Klaten_Gantiwarno
Klaten,Jatinom,0.5710770776609013,Klaten_Jatinom
Klaten,Jogonalan,0.587520812684048,Klaten_Jogonalan
Klaten,Juwiring,0.6407214561582208,Klaten_Juwiring
Klaten,Kalikotes,0.5974974412842058,Klaten_Kalikotes
Klaten,Karanganom,0.6096165706842182,Klaten_Karanganom
Klaten,Karangdowo,0.6471299319961087,Klaten_Karangdowo
Klaten,Karangnongko,0.5731336405424642,Klaten_Karangnongko
Klaten,Kebonarum,0.5697582569391393,Klaten_Kebonarum
Klaten,Kemalang,0.5492123063211295,Klaten_Kemalang
Klaten,Klaten Selatan,0.5618409616527267,Klaten_Klaten Selatan
Klaten,Klaten Tengah,0.5839876066743712,Klaten_Klaten Tengah
Klaten,Klaten Utara,0.6207923253217371,Klaten_Klaten Utara
Klaten,Manisrenggo,0.5527110980522745,Klaten_Manisrenggo
Klaten,Ngawen,0.6033046140134379,Klaten_Ngawen
Klaten,Pedan,0.6457415194282843,Klaten_Pedan
Klaten,Polanharjo,0.6064258354390707,Klaten_Polanharjo
Klaten,Prambanan,0.5765599878020155,Klaten_Prambanan
Klaten,Trucuk,0.626833372020137,Klaten_Trucuk
Klaten,Tulung,0.5662272237566356,Klaten_Tulung
Klaten,Wedi,0.5901291559747444,Klaten_Wedi
Klaten,Wonosari,0.6296406897024542,Klaten_Wonosari
Kota Adm. Jakarta Barat,Cengkareng,0.7207680437209847,Kota Adm. Jakarta Barat_Cengkareng
Kota Adm. Jakarta Barat,Grogol Petamburan,0.7218840998870408,Kota Adm. Jakarta Barat_Grogol Petamburan
Kota Adm. Jakarta Barat,Kalideres,0.7141402022813784,Kota Adm. Jakarta Barat_Kalideres
Kota Adm. Jakarta Barat,Kebon Jeruk,0.7002938275776514,Kota Adm. Jakarta Barat_Kebon Jeruk
Kota Adm. Jakarta Barat,Kembangan,0.7242641809171217,Kota Adm. Jakarta Barat_Kembangan
Kota Adm. Jakarta Barat,Pal Merah,0.7110635439723675,Kota Adm. Jakarta Barat_Pal Merah
Kota Adm. Jakarta Barat,Taman Sari,0.6845554146833557,Kota Adm. Jakarta Barat_Taman Sari
Kota Adm. Jakarta Barat,Tambora,0.7248742985772392,Kota Adm. Jakarta Barat_Tambora
Kota Adm. Jakarta Pusat,Cempaka Putih,0.718610713469537,Kota Adm. Jakarta Pusat_Cempaka Putih
Kota Adm. Jakarta Pusat,Gambir,0.7326296404575816,Kota Adm. Jakarta Pusat_Gambir
Kota Adm. Jakarta Pusat,Johar Baru,0.7223994206773613,Kota Adm. Jakarta Pusat_Johar Baru
Kota Adm. Jakarta Pusat,Kemayoran,0.738433295136236,Kota Adm. Jakarta Pusat_Kemayoran
Kota Adm. Jakarta Pusat,Menteng,0.7076849642187879,Kota Adm. Jakarta Pusat_Menteng
Kota Adm. Jakarta Pusat,Sawah Besar,0.7010040410569823,Kota Adm. Jakarta Pusat_Sawah Besar
Kota Adm. Jakarta Pusat,Senen,0.7321820991100401,Kota Adm. Jakarta Pusat_Senen
Kota Adm. Jakarta Pusat,Tanah Abang,0.689586127924363,Kota Adm. Jakarta Pusat_Tanah Abang
Kota Adm. Jakarta Selatan,Cilandak,0.7341225780755195,Kota Adm. Jakarta Selatan_Cilandak
Kota Adm. Jakarta Selatan,Jagakarsa,0.7326743553831792,Kota Adm. Jakarta Selatan_Jagakarsa
Kota Adm. Jakarta Selatan,Kebayoran Baru,0.6957989683519097,Kota Adm. Jakarta Selatan_Kebayoran Baru
Kota Adm. Jakarta Selatan,Kebayoran Lama,0.7214190745528983,Kota Adm. Jakarta Selatan_Kebayoran Lama
Kota Adm. Jakarta Selatan,Mampang Prapatan,0.7273059585838998,Kota Adm. Jakarta Selatan_Mampang Prapatan
Kota Adm. Jakarta Selatan,Pancoran,0.7323717940556177,Kota Adm. Jakarta Selatan_Pancoran
Kota Adm. Jakarta Selatan,Pasar Minggu,0.722570485723427,Kota Adm. Jakarta Selatan_Pasar Minggu
Kota Adm. Jakarta Selatan,Pesanggrahan,0.7138514020293432,Kota Adm. Jakarta Selatan_Pesanggrahan
Kota Adm. Jakarta Selatan,Setiabudi,0.6989203881086234,Kota Adm. Jakarta Selatan_Setiabudi
Kota Adm. Jakarta Selatan,Tebet,0.7165449209287444,Kota Adm. Jakarta Selatan_Tebet
Kota Adm. Jakarta Timur,Cakung,0.7311346284434517,Kota Adm. Jakarta Timur_Cakung
Kota Adm. Jakarta Timur,Cipayung,0.7420378307966545,Kota Adm. Jakarta Timur_Cipayung
Kota Adm. Jakarta Timur,Ciracas,0.712751861210685,Kota Adm. Jakarta Timur_Ciracas
Kota Adm. Jakarta Timur,Duren Sawit,0.7219964693802928,Kota Adm. Jakarta Timur_Duren Sawit
Kota Adm. Jakarta Timur,Jatinegara,0.7130470105058341,Kota Adm. Jakarta Timur_Jatinegara
Kota Adm. Jakarta Timur,Kramatjati,0.730660108518932,Kota Adm. Jakarta Timur_Kramatjati
Kota Adm. Jakarta Timur,Makasar,0.7366146511984747,Kota Adm. Jakarta Timur_Makasar
Kota Adm. Jakarta Timur,Matraman,0.6657680409459817,Kota Adm. Jakarta Timur_Matraman
Kota Adm. Jakarta Timur,Pasar Rebo,0.7187614044452282,Kota Adm. Jakarta Timur_Pasar Rebo
Kota Adm. Jakarta Timur,Pulogadung,0.715865980424804,Kota Adm. Jakarta Timur_Pulogadung
Kota Adm. Jakarta Utara,Cilincing,0.7132141366803131,Kota Adm. Jakarta Utara_Cilincing
Kota Adm. Jakarta Utara,Kelapa Gading,0.7392232287320519,Kota Adm. Jakarta Utara_Kelapa Gading
Kota Adm. Jakarta Utara,Koja,0.6744958730811669,Kota Adm. Jakarta Utara_Koja
Kota Adm. Jakarta Utara,Pademangan,0.7270153965315728,Kota Adm. Jakarta Utara_Pademangan
Kota Adm. Jakarta Utara,Penjaringan,0.7002734066587005,Kota Adm. Jakarta Utara_Penjaringan
Kota Adm. Jakarta Utara,Tanjung Priok,0.7216824905486668,Kota Adm. Jakarta Utara_Tanjung Priok
Kota Bandung,Andir,0.7209685709199642,Kota Bandung_Andir
Kota Bandung,Antapani,0.7142585732379076,Kota Bandung_Antapani
Kota Bandung,Arcamanik,0.7183415729179661,Kota Bandung_Arcamanik
Kota Bandung,Astana Anyar,0.7027020519813861,Kota Bandung_Astana Anyar
Kota Bandung,Babakan Ciparay,0.6662746196098362,Kota Bandung_Babakan Ciparay
Kota Bandung,Bandung Kidul,0.7199768265532198,Kota Bandung_Bandung Kidul
Kota Bandung,Bandung Kulon,0.7067500941353109,Kota Bandung_Bandung Kulon
Kota Bandung,Bandung Wetan,0.6911225204018551,Kota Bandung_Bandung Wetan
Kota Bandung,Batununggal,0.7260534213636379,Kota Bandung_Batununggal
Kota Bandung,Bojongloa Kaler,0.6681439628482971,Kota Bandung_Bojongloa Kaler
Kota Bandung,Bojongloa Kidul,0.6996962979315146,Kota Bandung_Bojongloa Kidul
Kota Bandung,Buahbatu,0.6773157209921142,Kota Bandung_Buahbatu
Kota Bandung,Cibeunying Kaler,0.7061983106247038,Kota Bandung_Cibeunying Kaler
Kota Bandung,Cibeunying Kidul,0.7091574562176731,Kota Bandung_Cibeunying Kidul
Kota Bandung,Cibiru,0.6661840076074595,Kota Bandung_Cibiru
Kota Bandung,Cicendo,0.7217027450791383,Kota Bandung_Cicendo
Kota Bandung,Cidadap,0.6942603152867086,Kota Bandung_Cidadap
Kota Bandung,Cinambo,0.7237740396342561,Kota Bandung_Cinambo
Kota Bandung,Coblong,0.6768847423302533,Kota Bandung_Coblong
Kota Bandung,Gedebage,0.7112004036297379,Kota Bandung_Gedebage
Kota Bandung,Kiaracondong,0.7167527026379192,Kota Bandung_Kiaracondong
Kota Bandung,Lengkong,0.7298968599511944,Kota Bandung_Lengkong
Kota Bandung,Mandalajati,0.7035066315521427,Kota Bandung_Mandalajati
Kota Bandung,Panyileukan,0.6921714636155039,Kota Bandung_Panyileukan
Kota Bandung,Rancasari,0.7259696066489411,Kota Bandung_Rancasari
Kota Bandung,Regol,0.6745516176118342,Kota Bandung_Regol
Kota Bandung,Sukajadi,0.6713782039340088,Kota Bandung_Sukajadi
Kota Bandung,Sukasari,0.6814662297970349,Kota Bandung_Sukasari
Kota Bandung,Sumur Bandung,0.6992011195804541,Kota Bandung_Sumur Bandung
Kota Bandung,Ujungberung,0.6958137223371744,Kota Bandung_Ujungberung
Kota Banjar,Banjar,0.5739642703529702,Kota Banjar_Banjar
Kota Banjar,Langensari,0.6286999700763636,Kota Banjar_Langensari
Kota Banjar,Pataruman,0.5580812370120422,Kota Banjar_Pataruman
Kota Banjar,Purwaharja,0.5894543691430688,Kota Banjar_Purwaharja
Kota Batu,Batu,0.5575609741565623,Kota Batu_Batu
Kota Batu,Bumiaji,0.6126264787929647,Kota Batu_Bumiaji
Kota Batu,Junrejo,0.5472995569789686,Kota Batu_Junrejo
Kota Bekasi,Bantargebang,0.7464890573478811,Kota Bekasi_Bantargebang
Kota Bekasi,Bekasi Barat,0.7170501851090085,Kota Bekasi_Bekasi Barat
Kota Bekasi,Bekasi Selatan,0.7411228235816473,Kota Bekasi_Bekasi Selatan
Kota Bekasi,Bekasi Timur,0.7519235117823352,Kota Bekasi_Bekasi Timur
Kota Bekasi,Bekasi Utara,0.7116649980738216,Kota Bekasi_Bekasi Utara
Kota Bekasi,Jatiasih,0.7381783889313305,Kota Bekasi_Jatiasih
Kota Bekasi,Jatisampurna,0.7326265753853992,Kota Bekasi_Jatisampurna
Kota Bekasi,Medansatria,0.7450035983624217,Kota Bekasi_Medansatria
Kota Bekasi,Mustikajaya,0.7465686597716011,Kota Bekasi_Mustikajaya
Kota Bekasi,Pondokgede,0.7384289369127605,Kota Bekasi_Pondokgede
Kota Bekasi,Pondokmelati,0.7363889949919364,Kota Bekasi_Pondokmelati
Kota Bekasi,Rawalumbu,0.7173411441499681,Kota Bekasi_Rawalumbu
Kota Blitar,Kepanjenkidul,0.5949740713534831,Kota Blitar_Kepanjenkidul
Kota Blitar,Sananwetan,0.5894776997512293,Kota Blitar_Sananwetan
Kota Blitar,Sukorejo,0.6101568469112587,Kota Blitar_Sukorejo
Kota Bogor,Bogor Barat,0.6169039207352671,Kota Bogor_Bogor Barat
Kota Bogor,Bogor Selatan,0.5791369452271153,Kota Bogor_Bogor Selatan
Kota Bogor,Bogor Tengah,0.6138051815659397,Kota Bogor_Bogor Tengah
Kota Bogor,Bogor Timur,0.5866944689125799,Kota Bogor_Bogor Timur
Kota Bogor,Bogor Utara,0.6096526731266664,Kota Bogor_Bogor Utara
Kota Bogor,Tanah Sareal,0.6250591868743571,Kota Bogor_Tanah Sareal
Kota Cilegon,Cibeber,0.6348890943851471,Kota Cilegon_Cibeber
Kota Cilegon,Cilegon,0.622944375215428,Kota Cilegon_Cilegon
Kota Cilegon,Citangkil,0.6274370219477807,Kota Cilegon_Citangkil
Kota Cilegon,Ciwandan,0.6049404094099916,Kota Cilegon_Ciwandan
Kota Cilegon,Gerogol,0.5827072795281778,Kota Cilegon_Gerogol
Kota Cilegon,Jombang,0.6502642524142523,Kota Cilegon_Jombang
Kota Cilegon,Pulomerak,0.5718321443262618,Kota Cilegon_Pulomerak
Kota Cilegon,Purwakarta,0.5879290247763936,Kota Cilegon_Purwakarta
Kota Cimahi,Cimahi Selatan,0.7043027778894654,Kota Cimahi_Cimahi Selatan
Kota Cimahi,Cimahi Tengah,0.7118641447905385,Kota Cimahi_Cimahi Tengah
Kota Cimahi,Cimahi Utara,0.7035512225820275,Kota Cimahi_Cimahi Utara
Kota Cirebon,Harjamukti,0.7159947980124451,Kota Cirebon_Harjamukti
Kota Cirebon,Kejaksan,0.7350046721252605,Kota Cirebon_Kejaksan
Kota Cirebon,Kesambi,0.7495385394017745,Kota Cirebon_Kesambi
Kota Cirebon,Lemahwungkuk,0.7363724321430205,Kota Cirebon_Lemahwungkuk
Kota Cirebon,Pekalipan,0.702790643180349,Kota Cirebon_Pekalipan
Kota Depok,Beji,0.7213048138136374,Kota Depok_Beji
Kota Depok,Bojongsari,0.6700837521955171,Kota Depok_Bojongsari
Kota Depok,Cilodong,0.6976467421295598,Kota Depok_Cilodong
Kota Depok,Cimanggis,0.7300197377785614,Kota Depok_Cimanggis
Kota Depok,Cinere,0.7000977958316197,Kota Depok_Cinere
Kota Depok,Cipayung,0.6848468087296264,Kota Depok_Cipayung
Kota Depok,Limo,0.7003528546616781,Kota Depok_Limo
Kota Depok,Pancoran Mas,0.703286663319481,Kota Depok_Pancoran Mas
Kota Depok,Sawangan,0.6910916454288746,Kota Depok_Sawangan
Kota Depok,Sukmajaya,0.7069986067853715,Kota Depok_Sukmajaya
Kota Depok,Tapos,0.6891551725879901,Kota Depok_Tapos
Kota Kediri,Kota,0.5937941373985492,Kota Kediri_Kota
Kota Kediri,Mojoroto,0.5797186149591723,Kota Kediri_Mojoroto
Kota Kediri,Pesantren,0.5798066347051641,Kota Kediri_Pesantren
Kota Madiun,Kartoharjo,0.5886136038797799,Kota Madiun_Kartoharjo
Kota Madiun,Manguharjo,0.6025059337721104,Kota Madiun_Manguharjo
Kota Madiun,Taman,0.5768744750347691,Kota Madiun_Taman
Kota Magelang,Magelang Selatan,0.5202870097223041,Kota Magelang_Magelang Selatan
Kota Magelang,Magelang Tengah,0.5173114852467793,Kota Magelang_Magelang Tengah
Kota Magelang,Magelang Utara,0.5593595414389531,Kota Magelang_Magelang Utara
Kota Malang,Blimbing,0.5472466855040382,Kota Malang_Blimbing
Kota Malang,Kedungkandang,0.536008360267184,Kota Malang_Kedungkandang
Kota Malang,Klojen,0.5607552475302472,Kota Malang_Klojen
Kota Malang,Lowokwaru,0.5650655669493904,Kota Malang_Lowokwaru
Kota Malang,Sukun,0.5520568315671256,Kota Malang_Sukun
Kota Mojokerto,Kranggan,0.6535469350910527,Kota Mojokerto_Kranggan
Kota Mojokerto,Magersari,0.6630244631185809,Kota Mojokerto_Magersari
Kota Mojokerto,Prajuritkulon,0.6704627054318234,Kota Mojokerto_Prajuritkulon
Kota Pasuruan,Bugul Kidul,0.6886485150298625,Kota Pasuruan_Bugul Kidul
Kota Pasuruan,Gadingrejo,0.646646432978786,Kota Pasuruan_Gadingrejo
Kota Pasuruan,Panggungrejo,0.6901221397883162,Kota Pasuruan_Panggungrejo
Kota Pasuruan,Purworejo,0.6594747311512019,Kota Pasuruan_Purworejo
Kota Pekalongan,Pekalongan Barat,0.8416561947168757,Kota Pekalongan_Pekalongan Barat
Kota Pekalongan,Pekalongan Selatan,0.8260355167708111,Kota Pekalongan_Pekalongan Selatan
Kota Pekalongan,Pekalongan Timur,0.8499967507982215,Kota Pekalongan_Pekalongan Timur
Kota Pekalongan,Pekalongan Utara,0.8437577919758263,Kota Pekalongan_Pekalongan Utara
Kota Probolinggo,Kademangan,0.6151313780990255,Kota Probolinggo_Kademangan
Kota Probolinggo,Kanigaran,0.6170558155896391,Kota Probolinggo_Kanigaran
Kota Probolinggo,Kedopok,0.6001647940295002,Kota Probolinggo_Kedopok
Kota Probolinggo,Mayangan,0.6019234652602299,Kota Probolinggo_Mayangan
Kota Probolinggo,Wonoasih,0.5993185644420941,Kota Probolinggo_Wonoasih
Kota Salatiga,Argomulyo,0.6018360997275854,Kota Salatiga_Argomulyo
Kota Salatiga,Sidomukti,0.5792825220960667,Kota Salatiga_Sidomukti
Kota Salatiga,Sidorejo,0.5765728040363488,Kota Salatiga_Sidorejo
Kota Salatiga,Tingkir,0.5902038507673953,Kota Salatiga_Tingkir
Kota Semarang,Banyumanik,0.6214378012338535,Kota Semarang_Banyumanik
Kota Semarang,Candisari,0.6719202397104099,Kota Semarang_Candisari
Kota Semarang,Gajahmungkur,0.6775995603897308,Kota Semarang_Gajahmungkur
Kota Semarang,Gayamsari,0.733320581362222,Kota Semarang_Gayamsari
Kota Semarang,Genuk,0.7493678471854938,Kota Semarang_Genuk
Kota Semarang,Gunungpati,0.6516596086747792,Kota Semarang_Gunungpati
Kota Semarang,Mijen,0.6740674147575856,Kota Semarang_Mijen
Kota Semarang,Ngaliyan,0.6787115136325663,Kota Semarang_Ngaliyan
Kota Semarang,Pedurungan,0.7202033167640755,Kota Semarang_Pedurungan
Kota Semarang,Semarang Barat,0.7152754487170896,Kota Semarang_Semarang Barat
Kota Semarang,Semarang Selatan,0.7158832507190092,Kota Semarang_Semarang Selatan
Kota Semarang,Semarang Tengah,0.709815825007466,Kota Semarang_Semarang Tengah
Kota Semarang,Semarang Timur,0.7305452178368588,Kota Semarang_Semarang Timur
Kota Semarang,Semarang Utara,0.7102292114747996,Kota Semarang_Semarang Utara
Kota Semarang,Tembalang,0.679902604567775,Kota Semarang_Tembalang
Kota Semarang,Tugu,0.7546065884923472,Kota Semarang_Tugu
Kota Serang,Cipocok Jaya,0.6439387979495566,Kota Serang_Cipocok Jaya
Kota Serang,Curug,0.6281603326240325,Kota Serang_Curug
Kota Serang,Kasemen,0.6855216094363157,Kota Serang_Kasemen
Kota Serang,Serang,0.6630046264193327,Kota Serang_Serang
Kota Serang,Taktakan,0.6440591289257699,Kota Serang_Taktakan
Kota Serang,Walantaka,0.6665973753370814,Kota Serang_Walantaka
Kota Sukabumi,Baros,0.631133402364749,Kota Sukabumi_Baros
Kota Sukabumi,Cibeureum,0.6180082957719956,Kota Sukabumi_Cibeureum
Kota Sukabumi,Cikole,0.6114071728752842,Kota Sukabumi_Cikole
Kota Sukabumi,Citamiang,0.613012147149376,Kota Sukabumi_Citamiang
Kota Sukabumi,Gunung Puyuh,0.606321857700263,Kota Sukabumi_Gunung Puyuh
Kota Sukabumi,Lembursitu,0.6156978971836554,Kota Sukabumi_Lembursitu
Kota Sukabumi,Warudoyong,0.6162403602761187,Kota Sukabumi_Warudoyong
Kota Surabaya,Asem Rowo,0.6827503330003334,Kota Surabaya_Asem Rowo
Kota Surabaya,Benowo,0.6763801032301034,Kota Surabaya_Benowo
Kota Surabaya,Bubutan,0.6572093000566684,Kota Surabaya_Bubutan
Kota Surabaya,Bulak,0.6711428526152214,Kota Surabaya_Bulak
Kota Surabaya,Dukuh Pakis,0.6661533286974464,Kota Surabaya_Dukuh Pakis
Kota Surabaya,Gayungan,0.6912035239700101,Kota Surabaya_Gayungan
Kota Surabaya,Genteng,0.6685891577806438,Kota Surabaya_Genteng
Kota Surabaya,Gubeng,0.6706087409752268,Kota Surabaya_Gubeng
Kota Surabaya,Gunung Anyar,0.6495076949624161,Kota Surabaya_Gunung Anyar
Kota Surabaya,Jambangan,0.7064364965529828,Kota Surabaya_Jambangan
Kota Surabaya,Karang Pilang,0.6835251942501944,Kota Surabaya_Karang Pilang
Kota Surabaya,Kenjeran,0.6837886540360226,Kota Surabaya_Kenjeran
Kota Surabaya,Krembangan,0.6625274485748169,Kota Surabaya_Krembangan
Kota Surabaya,Lakarsantri,0.694940972915973,Kota Surabaya_Lakarsantri
Kota Surabaya,Mulyorejo,0.6923485746709434,Kota Surabaya_Mulyorejo
Kota Surabaya,Pabean Cantian,0.6599086701310383,Kota Surabaya_Pabean Cantian
Kota Surabaya,Pakal,0.6988255383505388,Kota Surabaya_Pakal
Kota Surabaya,Rungkut,0.6859948439245652,Kota Surabaya_Rungkut
Kota Surabaya,Sambikerep,0.6643494866244868,Kota Surabaya_Sambikerep
Kota Surabaya,Sawahan,0.6593377271850955,Kota Surabaya_Sawahan
Kota Surabaya,Semampir,0.6866878909102596,Kota Surabaya_Semampir
Kota Surabaya,Simokerto,0.6538226922200606,Kota Surabaya_Simokerto
Kota Surabaya,Sukolilo,0.6683562225785914,Kota Surabaya_Sukolilo
Kota Surabaya,Sukomanunggal,0.6821992340992343,Kota Surabaya_Sukomanunggal
Kota Surabaya,Tambaksari,0.6696276761250447,Kota Surabaya_Tambaksari
Kota Surabaya,Tandes,0.6715967643467645,Kota Surabaya_Tandes
Kota Surabaya,Tegalsari,0.7131556981030666,Kota Surabaya_Tegalsari
Kota Surabaya,Tenggilis Mejoyo,0.6629252230225914,Kota Surabaya_Tenggilis Mejoyo
Kota Surabaya,Wiyung,0.6882522061272064,Kota Surabaya_Wiyung
Kota Surabaya,Wonocolo,0.6900699852864712,Kota Surabaya_Wonocolo
Kota Surabaya,Wonokromo,0.7103379436353121,Kota Surabaya_Wonokromo
Kota Surakarta,Banjarsari,0.6372556355409292,Kota Surakarta_Banjarsari
Kota Surakarta,Jebres,0.5947696638328989,Kota Surakarta_Jebres
Kota Surakarta,Laweyan,0.6141172335834095,Kota Surakarta_Laweyan
Kota Surakarta,Pasar Kliwon,0.6182229127082061,Kota Surakarta_Pasar Kliwon
Kota Surakarta,Serengan,0.6110891159494095,Kota Surakarta_Serengan
Kota Tangerang,Batuceper,0.7216969758999165,Kota Tangerang_Batuceper
Kota Tangerang,Benda,0.732498019464196,Kota Tangerang_Benda
Kota Tangerang,Cibodas,0.7540497925277336,Kota Tangerang_Cibodas
Kota Tangerang,Ciledug,0.7168789369127604,Kota Tangerang_Ciledug
Kota Tangerang,Cipondoh,0.7390504792593025,Kota Tangerang_Cipondoh
Kota Tangerang,Jatiuwung,0.7377126554817732,Kota Tangerang_Jatiuwung
Kota Tangerang,Karang Tengah,0.7089958810797048,Kota Tangerang_Karang Tengah
Kota Tangerang,Karawaci,0.7308362157450392,Kota Tangerang_Karawaci
Kota Tangerang,Larangan,0.6763875366463602,Kota Tangerang_Larangan
Kota Tangerang,Neglasari,0.7349521070432838,Kota Tangerang_Neglasari
Kota Tangerang,Periuk,0.7467687105378278,Kota Tangerang_Periuk
Kota Tangerang,Pinang,0.7561933669271905,Kota Tangerang_Pinang
Kota Tangerang,Tangerang,0.7289655142243378,Kota Tangerang_Tangerang
Kota Tangerang Selatan,Ciputat,0.708668426671368,Kota Tangerang Selatan_Ciputat
Kota Tangerang Selatan,Ciputat Timur,0.6771022761552172,Kota Tangerang Selatan_Ciputat Timur
Kota Tangerang Selatan,Pamulang,0.7251482981071217,Kota Tangerang Selatan_Pamulang
Kota Tangerang Selatan,Pondok Aren,0.7237646193675605,Kota Tangerang Selatan_Pondok Aren
Kota Tangerang Selatan,Serpong,0.7244593191122605,Kota Tangerang Selatan_Serpong
Kota Tangerang Selatan,Serpong Utara,0.7361283417562831,Kota Tangerang Selatan_Serpong Utara
Kota Tangerang Selatan,Setu,0.7498990795152563,Kota Tangerang Selatan_Setu
Kota Tasikmalaya,Bungursari,0.5608813625744739,Kota Tasikmalaya_Bungursari
Kota Tasikmalaya,Cibeureum,0.5920439819812109,Kota Tasikmalaya_Cibeureum
Kota Tasikmalaya,Cihideung,0.5936092777965069,Kota Tasikmalaya_Cihideung
Kota Tasikmalaya,Cipedes,0.5823553261925551,Kota Tasikmalaya_Cipedes
Kota Tasikmalaya,Indihiang,0.5897885511375447,Kota Tasikmalaya_Indihiang
Kota Tasikmalaya,Kawalu,0.607233264920494,Kota Tasikmalaya_Kawalu
Kota Tasikmalaya,Mangkubumi,0.5838654061452824,Kota Tasikmalaya_Mangkubumi
Kota Tasikmalaya,Purbaratu,0.5766433187555475,Kota Tasikmalaya_Purbaratu
Kota Tasikmalaya,Tamansari,0.5887838437534257,Kota Tasikmalaya_Tamansari
Kota Tasikmalaya,Tawang,0.5927576229154403,Kota Tasikmalaya_Tawang
Kota Tegal,Margadana,0.7718515695948365,Kota Tegal_Margadana
Kota Tegal,Tegal Barat,0.7416370196710754,Kota Tegal_Tegal Barat
Kota Tegal,Tegal Selatan,0.7437327628168189,Kota Tegal_Tegal Selatan
Kota Tegal,Tegal Timur,0.7968483720441923,Kota Tegal_Tegal Timur
Kota Yogyakarta,Danurejan,0.604212362800598,Kota Yogyakarta_Danurejan
Kota Yogyakarta,Gedongtengen,0.5602648048030398,Kota Yogyakarta_Gedongtengen
Kota Yogyakarta,Gondokusuman,0.584509587144881,Kota Yogyakarta_Gondokusuman
Kota Yogyakarta,Gondomanan,0.6060719850411025,Kota Yogyakarta_Gondomanan
Kota Yogyakarta,Jetis,0.5839674312615485,Kota Yogyakarta_Jetis
Kota Yogyakarta,Kotagede,0.6175815762668702,Kota Yogyakarta_Kotagede
Kota Yogyakarta,Kraton,0.5920518912460085,Kota Yogyakarta_Kraton
Kota Yogyakarta,Mantrijeron,0.6412454360998476,Kota Yogyakarta_Mantrijeron
Kota Yogyakarta,Mergangsan,0.6103913387266325,Kota Yogyakarta_Mergangsan
Kota Yogyakarta,Ngampilan,0.6214645661528013,Kota Yogyakarta_Ngampilan
Kota Yogyakarta,Pakualaman,0.5901681126063475,Kota Yogyakarta_Pakualaman
Kota Yogyakarta,Tegalrejo,0.5971096607640721,Kota Yogyakarta_Tegalrejo
Kota Yogyakarta,Umbulharjo,0.597297439651851,Kota Yogyakarta_Umbulharjo
Kota Yogyakarta,Wirobrajan,0.611762336356454,Kota Yogyakarta_Wirobrajan
Kudus,Bae,0.7005825466844822,Kudus_Bae
Kudus,Dawe,0.6216078775627537,Kudus_Dawe
Kudus,Gebog,0.6188401704332819,Kudus_Gebog
Kudus,Jati,0.7152624956742607,Kudus_Jati
Kudus,Jekulo,0.6441154799448919,Kudus_Jekulo
Kudus,Kaliwungu,0.7217096277905107,Kudus_Kaliwungu
Kudus,Kota Kudus,0.7064294192563547,Kudus_Kota Kudus
Kudus,Mejobo,0.6976586496664673,Kudus_Mejobo
Kudus,Undaan,0.7011857489174054,Kudus_Undaan
Kulon Progo,Galur,0.6942381257631259,Kulon Progo_Galur
Kulon Progo,Girimulyo,0.6003675071144888,Kulon Progo_Girimulyo
Kulon Progo,Kalibawang,0.539716324928941,Kulon Progo_Kalibawang
Kulon Progo,Kokap,0.5926612702484996,Kulon Progo_Kokap
Kulon Progo,Lendah,0.6561140951154114,Kulon Progo_Lendah
Kulon Progo,Nanggulan,0.5978654187315953,Kulon Progo_Nanggulan
Kulon Progo,Panjatan,0.6458665675827439,Kulon Progo_Panjatan
Kulon Progo,Pengasih,0.6095328736451026,Kulon Progo_Pengasih
Kulon Progo,Samigaluh,0.5222942046171922,Kulon Progo_Samigaluh
Kulon Progo,Sentolo,0.6390224368596664,Kulon Progo_Sentolo
Kulon Progo,Temon,0.6513587782960076,Kulon Progo_Temon
Kulon Progo,Wates,0.6461576390757506,Kulon Progo_Wates
Kuningan,Ciawigebang,0.6110072288650457,Kuningan_Ciawigebang
Kuningan,Cibeureum,0.6562464414498469,Kuningan_Cibeureum
Kuningan,Cibingbin,0.640406535767294,Kuningan_Cibingbin
Kuningan,Cidahu,0.7083425749087514,Kuningan_Cidahu
Kuningan,Cigandamekar,0.696328987842223,Kuningan_Cigandamekar
Kuningan,Cigugur,0.6497446465299401,Kuningan_Cigugur
Kuningan,Cilebak,0.5660856167825983,Kuningan_Cilebak
Kuningan,Cilimus,0.6507482515678331,Kuningan_Cilimus
Kuningan,Cimahi,0.7466073976676919,Kuningan_Cimahi
Kuningan,Ciniru,0.5880851244644588,Kuningan_Ciniru
Kuningan,Cipicung,0.6220687441471493,Kuningan_Cipicung
Kuningan,Ciwaru,0.5891727743962265,Kuningan_Ciwaru
Kuningan,Darma,0.6157146879092698,Kuningan_Darma
Kuningan,Garawangi,0.6056308493621959,Kuningan_Garawangi
Kuningan,Hantara,0.5918195096870793,Kuningan_Hantara
Kuningan,Jalaksana,0.6864612472322997,Kuningan_Jalaksana
Kuningan,Japara,0.6406101599209183,Kuningan_Japara
Kuningan,Kadugede,0.6184130917929679,Kuningan_Kadugede
Kuningan,Kalimanggis,0.6925500029382382,Kuningan_Kalimanggis
Kuningan,Karang Kancana,0.5716945078914892,Kuningan_Karang Kancana
Kuningan,Kramatmulya,0.6486468656988006,Kuningan_Kramatmulya
Kuningan,Kuningan,0.6152166522847636,Kuningan_Kuningan
Kuningan,Lebakwangi,0.6122078868671743,Kuningan_Lebakwangi
Kuningan,Luragung,0.6372972406506456,Kuningan_Luragung
Kuningan,Maleber,0.6003699982508032,Kuningan_Maleber
Kuningan,Mandirancan,0.6637928896095302,Kuningan_Mandirancan
Kuningan,Nusaherang,0.595308417708882,Kuningan_Nusaherang
Kuningan,Pancalang,0.6443281793198197,Kuningan_Pancalang
Kuningan,Pasawahan,0.6499999164062629,Kuningan_Pasawahan
Kuningan,Selajambe,0.5778046172265987,Kuningan_Selajambe
Kuningan,Sindangagung,0.6385159649002522,Kuningan_Sindangagung
Kuningan,Subang,0.590951145698127,Kuningan_Subang
Lamongan,Babat,0.6030094818580114,Lamongan_Babat
Lamongan,Bluluk,0.6253473071046601,Lamongan_Bluluk
Lamongan,Brondong,0.5810256397197576,Lamongan_Brondong
Lamongan,Deket,0.5900262683395038,Lamongan_Deket
Lamongan,Glagah,0.548760632221236,Lamongan_Glagah
Lamongan,Kalitengah,0.5947937800761334,Lamongan_Kalitengah
Lamongan,Karangbinangun,0.6062456956871819,Lamongan_Karangbinangun
Lamongan,Karanggeneng,0.5945327675592381,Lamongan_Karanggeneng
Lamongan,Kedungpring,0.6250879906041671,Lamongan_Kedungpring
Lamongan,Kembangbahu,0.6368044695930147,Lamongan_Kembangbahu
Lamongan,Lamongan,0.6033235816471113,Lamongan_Lamongan
Lamongan,Laren,0.5367256049506052,Lamongan_Laren
Lamongan,Maduran,0.5926064616755792,Lamongan_Maduran
Lamongan,Mantup,0.6204141699803463,Lamongan_Mantup
Lamongan,Modo,0.6301277838604465,Lamongan_Modo
Lamongan,Ngimbang,0.6151392235215762,Lamongan_Ngimbang
Lamongan,Paciran,0.37973375790875813,Lamongan_Paciran
Lamongan,Pucuk,0.5726515592250887,Lamongan_Pucuk
Lamongan,Sambeng,0.6285435469759,Lamongan_Sambeng
Lamongan,Sarirejo,0.6346008571923433,Lamongan_Sarirejo
Lamongan,Sekaran,0.5944518274209452,Lamongan_Sekaran
Lamongan,Solokuro,0.5157760946569768,Lamongan_Solokuro
Lamongan,Sugio,0.6262971657857105,Lamongan_Sugio
Lamongan,Sukodadi,0.5901881642866939,Lamongan_Sukodadi
Lamongan,Sukorame,0.6107087572558161,Lamongan_Sukorame
Lamongan,Tikung,0.6596703074703075,Lamongan_Tikung
Lamongan,Turi,0.5680741998197882,Lamongan_Turi
Lebak,Banjarsari,0.5625420766625877,Lebak_Banjarsari
Lebak,Bayah,0.5964750718064186,Lebak_Bayah
Lebak,Bojongmanik,0.5781572177306701,Lebak_Bojongmanik
Lebak,Cibadak,0.628505396186201,Lebak_Cibadak
Lebak,Cibeber,0.6185847361273061,Lebak_Cibeber
Lebak,Cigemlong,0.6013318070302591,Lebak_Cigemlong
Lebak,Cihara,0.5810251530976763,Lebak_Cihara
Lebak,Cijaku,0.5755844989461865,Lebak_Cijaku
Lebak,Cikulur,0.6013443302913117,Lebak_Cikulur
Lebak,Cileles,0.5521396382513256,Lebak_Cileles
Lebak,Cilograng,0.6065555912869381,Lebak_Cilograng
Lebak,Cimarga,0.5909226297696113,Lebak_Cimarga
Lebak,Cipanas,0.5823360944095464,Lebak_Cipanas
Lebak,Cirinten,0.5900542235026757,Lebak_Cirinten
Lebak,Curug Bitung,0.6063053530920405,Lebak_Curug Bitung
Lebak,Gunungkencana,0.5604713537580412,Lebak_Gunungkencana
Lebak,Kalanganyar,0.6211523103831155,Lebak_Kalanganyar
Lebak,Lebakgedong,0.6039822053247752,Lebak_Lebakgedong
Lebak,Leuwidamar,0.5894159895144415,Lebak_Leuwidamar
Lebak,Maja,0.6292445121871596,Lebak_Maja
Lebak,Malingping,0.5541820804840154,Lebak_Malingping
Lebak,Muncang,0.5839367964852487,Lebak_Muncang
Lebak,Panggarangan,0.5972984653719174,Lebak_Panggarangan
Lebak,Rangkasbitung,0.6204462623633675,Lebak_Rangkasbitung
Lebak,Sajira,0.556549195360883,Lebak_Sajira
Lebak,Sobang,0.6111984126468648,Lebak_Sobang
Lebak,Wanasalam,0.5716380455973337,Lebak_Wanasalam
Lebak,Warunggunung,0.6155598869568683,Lebak_Warunggunung
Lumajang,Candipuro,0.5054922688079037,Lumajang_Candipuro
Lumajang,Gucialit,0.5036344475442,Lumajang_Gucialit
Lumajang,Jatiroto,0.5276074453754023,Lumajang_Jatiroto
Lumajang,Kedungjajang,0.49176744648540327,Lumajang_Kedungjajang
Lumajang,Klakah,0.4812096487276055,Lumajang_Klakah
Lumajang,Kunir,0.5337272608540412,Lumajang_Kunir
Lumajang,Lumajang,0.5481115908601203,Lumajang_Lumajang
Lumajang,Padang,0.48308107803788936,Lumajang_Padang
Lumajang,Pasirian,0.4871311113379227,Lumajang_Pasirian
Lumajang,Pasrujambe,0.5599019761370378,Lumajang_Pasrujambe
Lumajang,Pronojiwo,0.5421082271959206,Lumajang_Pronojiwo
Lumajang,Randuagung,0.5058899359240692,Lumajang_Randuagung
Lumajang,Ranuyoso,0.4861300290868404,Lumajang_Ranuyoso
Lumajang,Rowokangkung,0.5343500888430456,Lumajang_Rowokangkung
Lumajang,Senduro,0.5486838390453715,Lumajang_Senduro
Lumajang,Sukodono,0.5524024361259654,Lumajang_Sukodono
Lumajang,Sumbersuko,0.5364441308347657,Lumajang_Sumbersuko
Lumajang,Tekung,0.5401853472121274,Lumajang_Tekung
Lumajang,Tempeh,0.5284736215195196,Lumajang_Tempeh
Lumajang,Tempursari,0.5150250923569035,Lumajang_Tempursari
Lumajang,Yosowilangun,0.5559500978209957,Lumajang_Yosowilangun
Madiun,Balerejo,0.5777422100775044,Madiun_Balerejo
Madiun,Dagangan,0.5275144574379872,Madiun_Dagangan
Madiun,Dolopo,0.5456245889731187,Madiun_Dolopo
Madiun,Geger,0.5816644419306188,Madiun_Geger
Madiun,Gemarang,0.5743513102910159,Madiun_Gemarang
Madiun,Jiwan,0.5636587143248911,Madiun_Jiwan
Madiun,Kare,0.5226108536887947,Madiun_Kare
Madiun,Kebonsari,0.5469214518281859,Madiun_Kebonsari
Madiun,Madiun,0.569148788139965,Madiun_Madiun
Madiun,Mejayan,0.5768592760180997,Madiun_Mejayan
Madiun,Pilangkenceng,0.6037410868543224,Madiun_Pilangkenceng
Madiun,Saradan,0.5771028104248693,Madiun_Saradan
Madiun,Sawahan,0.5851407892760835,Madiun_Sawahan
Madiun,Wonoasri,0.5821162274000511,Madiun_Wonoasri
Madiun,Wungu,0.5613771303859543,Madiun_Wungu
Magelang,Bandongan,0.5570301787909372,Magelang_Bandongan
Magelang,Borobudur,0.5598921155641743,Magelang_Borobudur
Magelang,Candimulyo,0.5178539360965833,Magelang_Candimulyo
Magelang,Dukun,0.5080249032013736,Magelang_Dukun
Magelang,Grabag,0.595018448527736,Magelang_Grabag
Magelang,Kajoran,0.6095308880489995,Magelang_Kajoran
Magelang,Kaliangkrik,0.5927402799642734,Magelang_Kaliangkrik
Magelang,Mertoyudan,0.5282623105652523,Magelang_Mertoyudan
Magelang,Mungkid,0.5335054723054726,Magelang_Mungkid
Magelang,Muntilan,0.5763758553537967,Magelang_Muntilan
Magelang,Ngablak,0.5933028427884462,Magelang_Ngablak
Magelang,Ngluwar,0.5378328530087045,Magelang_Ngluwar
Magelang,Pakis,0.5400975495093139,Magelang_Pakis
Magelang,Salam,0.5331176657449879,Magelang_Salam
Magelang,Salaman,0.5728239482395826,Magelang_Salaman
Magelang,Sawangan,0.5118456713221418,Magelang_Sawangan
Magelang,Secang,0.5635342043577336,Magelang_Secang
Magelang,Srumbung,0.544963525689996,Magelang_Srumbung
Magelang,Tegalrejo,0.5323197813624284,Magelang_Tegalrejo
Magelang,Tempuran,0.5299940887543829,Magelang_Tempuran
Magelang,Windusari,0.6001624621938086,Magelang_Windusari
Magetan,Barat,0.5698693097751921,Magetan_Barat
Magetan,Bendo,0.5303222646634415,Magetan_Bendo
Magetan,Karangrejo,0.5920243532611181,Magetan_Karangrejo
Magetan,Karas,0.5851410362513306,Magetan_Karas
Magetan,Kartoharjo,0.56997599573629,Magetan_Kartoharjo
Magetan,Kawedanan,0.5123763954999252,Magetan_Kawedanan
Magetan,Lembeyan,0.5325379506888024,Magetan_Lembeyan
Magetan,Magetan,0.5416844753285934,Magetan_Magetan
Magetan,Maospati,0.591773552264729,Magetan_Maospati
Magetan,Ngariboyo,0.5453198837110604,Magetan_Ngariboyo
Magetan,Nguntoronadi,0.5428657261812835,Magetan_Nguntoronadi
Magetan,Panekan,0.514164775094187,Magetan_Panekan
Magetan,Parang,0.5221243844390906,Magetan_Parang
Magetan,Plaosan,0.5390537833511516,Magetan_Plaosan
Magetan,Poncol,0.5402466005013218,Magetan_Poncol
Magetan,Sidorejo,0.513604814509536,Magetan_Sidorejo
Magetan,Sukomoro,0.5818124225447759,Magetan_Sukomoro
Magetan,Takeran,0.5554541431564651,Magetan_Takeran
Majalengka,Argapura,0.654070798809034,Majalengka_Argapura
Majalengka,Banjaran,0.62954323746429,Majalengka_Banjaran
Majalengka,Bantarujeg,0.6132772779336247,Majalengka_Bantarujeg
Majalengka,Cigasong,0.6167756961820424,Majalengka_Cigasong
Majalengka,Cikijing,0.6185818439558377,Majalengka_Cikijing
Majalengka,Cingambul,0.6337469593959533,Majalengka_Cingambul
Majalengka,Dawuan,0.6486454429385542,Majalengka_Dawuan
Majalengka,Jatitujuh,0.7200447800565448,Majalengka_Jatitujuh
Majalengka,Jatiwangi,0.6686834857780675,Majalengka_Jatiwangi
Majalengka,Kadipaten,0.6403688135222189,Majalengka_Kadipaten
Majalengka,Kasokandel,0.6140876144924905,Majalengka_Kasokandel
Majalengka,Kertajati,0.6772299223652166,Majalengka_Kertajati
Majalengka,Lemahsugih,0.5992736616153025,Majalengka_Lemahsugih
Majalengka,Leuwimunding,0.6525705913367678,Majalengka_Leuwimunding
Majalengka,Ligung,0.726710602795897,Majalengka_Ligung
Majalengka,Maja,0.6093760941500881,Majalengka_Maja
Majalengka,Majalengka,0.6157051822188817,Majalengka_Majalengka
Majalengka,Malausma,0.6231661477239651,Majalengka_Malausma
Majalengka,Palasah,0.6681091504728499,Majalengka_Palasah
Majalengka,Panyingkiran,0.5961012908488138,Majalengka_Panyingkiran
Majalengka,Rajagaluh,0.6668829402451689,Majalengka_Rajagaluh
Majalengka,Sindang,0.6423911356445409,Majalengka_Sindang
Majalengka,Sindangwangi,0.6624344160569389,Majalengka_Sindangwangi
Majalengka,Sukahaji,0.6189620870787276,Majalengka_Sukahaji
Majalengka,Sumberjaya,0.7227936085156674,Majalengka_Sumberjaya
Majalengka,Talaga,0.6342971983726625,Majalengka_Talaga
Malang,Ampelgading,0.5059568538960181,Malang_Ampelgading
Malang,Bantur,0.49133186254749744,Malang_Bantur
Malang,Bululawang,0.5392085523953174,Malang_Bululawang
Malang,Dampit,0.47379643980030994,Malang_Dampit
Malang,Dau,0.5456090750752516,Malang_Dau
Malang,Donomulyo,0.5290624265053833,Malang_Donomulyo
Malang,Gedangan,0.47222728379291856,Malang_Gedangan
Malang,Gondanglegi,0.5112364865182978,Malang_Gondanglegi
Malang,Jabung,0.5040067204037789,Malang_Jabung
Malang,Kalipare,0.45075310571781174,Malang_Kalipare
Malang,Karangploso,0.5340204690734102,Malang_Karangploso
Malang,Kasembon,0.5123134329722564,Malang_Kasembon
Malang,Kepanjen,0.534400668449198,Malang_Kepanjen
Malang,Kromengan,0.4947180566165863,Malang_Kromengan
Malang,Lawang,0.5240663540707656,Malang_Lawang
Malang,Ngajum,0.5201875588463827,Malang_Ngajum
Malang,Ngantang,0.5547888615082885,Malang_Ngantang
Malang,Pagak,0.4612732969301085,Malang_Pagak
Malang,Pagelaran,0.49937446716510214,Malang_Pagelaran
Malang,Pakis,0.5386980752907224,Malang_Pakis
Malang,Pakisaji,0.5529739890828127,Malang_Pakisaji
Malang,Poncokusumo,0.5419599709114415,Malang_Poncokusumo
Malang,Pujon,0.5723314088302477,Malang_Pujon
Malang,Singosari,0.5220952250364014,Malang_Singosari
Malang,Sumbermanjing Wetan,0.5021997335653683,Malang_Sumbermanjing Wetan
Malang,Sumberpucung,0.4994147140441259,Malang_Sumberpucung
Malang,Tajinan,0.5320234239616594,Malang_Tajinan
Malang,Tirtoyudo,0.5044549179234936,Malang_Tirtoyudo
Malang,Tumpang,0.5173594606374017,Malang_Tumpang
Malang,Turen,0.5081946133931429,Malang_Turen
Malang,Wagir,0.539359455740338,Malang_Wagir
Malang,Wajak,0.47402681041009237,Malang_Wajak
Malang,Wonosari,0.5145940647587709,Malang_Wonosari
Mojokerto,Bangsal,0.6703865565806747,Mojokerto_Bangsal
Mojokerto,Dawarblandong,0.6506105577429107,Mojokerto_Dawarblandong
Mojokerto,Dlanggu,0.6315781070236954,Mojokerto_Dlanggu
Mojokerto,Gedeg,0.652686809105927,Mojokerto_Gedeg
Mojokerto,Gondang,0.5630286514139453,Mojokerto_Gondang
Mojokerto,Jatirejo,0.5795494072920541,Mojokerto_Jatirejo
Mojokerto,Jetis,0.6838800180211948,Mojokerto_Jetis
Mojokerto,Kemlagi,0.640619033417563,Mojokerto_Kemlagi
Mojokerto,Kutorejo,0.6518516467192941,Mojokerto_Kutorejo
Mojokerto,Mojoanyar,0.6794346266478625,Mojokerto_Mojoanyar
Mojokerto,Mojosari,0.6829097306288485,Mojokerto_Mojosari
Mojokerto,Ngoro,0.6657008011424421,Mojokerto_Ngoro
Mojokerto,Pacet,0.5652841423282597,Mojokerto_Pacet
Mojokerto,Pungging,0.6620710221151401,Mojokerto_Pungging
Mojokerto,Puri,0.6714847445038624,Mojokerto_Puri
Mojokerto,Sooko,0.6530791112482288,Mojokerto_Sooko
Mojokerto,Trawas,0.5799859607712546,Mojokerto_Trawas
Mojokerto,Trowulan,0.6323479660862019,Mojokerto_Trowulan
Nan,Nan,0.6924903591721318,Nan_Nan
Nganjuk,Bagor,0.6042396059822535,Nganjuk_Bagor
Nganjuk,Baron,0.5986648467545531,Nganjuk_Baron
Nganjuk,Berbek,0.5806969346013466,Nganjuk_Berbek
Nganjuk,Gondang,0.586080572368808,Nganjuk_Gondang
Nganjuk,Jatikalen,0.5880025113775118,Nganjuk_Jatikalen
Nganjuk,Kertosono,0.6177713241007361,Nganjuk_Kertosono
Nganjuk,Lengkong,0.5655296231546237,Nganjuk_Lengkong
Nganjuk,Loceret,0.5543827334430281,Nganjuk_Loceret
Nganjuk,Nganjuk,0.6163326480708835,Nganjuk_Nganjuk
Nganjuk,Ngetos,0.5665150232120818,Nganjuk_Ngetos
Nganjuk,Ngluyu,0.5769666343460462,Nganjuk_Ngluyu
Nganjuk,Ngronggot,0.6094943073266605,Nganjuk_Ngronggot
Nganjuk,Pace,0.571517701416231,Nganjuk_Pace
Nganjuk,Patianrowo,0.5777837009395833,Nganjuk_Patianrowo
Nganjuk,Prambon,0.5932833904657435,Nganjuk_Prambon
Nganjuk,Rejoso,0.6065737804678983,Nganjuk_Rejoso
Nganjuk,Sawahan,0.5122747987306812,Nganjuk_Sawahan
Nganjuk,Sukomoro,0.6123639793213322,Nganjuk_Sukomoro
Nganjuk,Tanjunganom,0.5899669319242851,Nganjuk_Tanjunganom
Nganjuk,Wilangan,0.5885210222783751,Nganjuk_Wilangan
Ngawi,Bringin,0.5825039587863122,Ngawi_Bringin
Ngawi,Geneng,0.6004067871670816,Ngawi_Geneng
Ngawi,Gerih,0.5935388915006566,Ngawi_Gerih
Ngawi,Jogorogo,0.4999009124862066,Ngawi_Jogorogo
Ngawi,Karanganyar,0.567632775231305,Ngawi_Karanganyar
Ngawi,Karangjati,0.6192399793017442,Ngawi_Karangjati
Ngawi,Kasreman,0.6114446161681458,Ngawi_Kasreman
Ngawi,Kedunggalar,0.6041161718999954,Ngawi_Kedunggalar
Ngawi,Kendal,0.5336331859317159,Ngawi_Kendal
Ngawi,Kwadungan,0.5904125314228257,Ngawi_Kwadungan
Ngawi,Mantingan,0.552792091078856,Ngawi_Mantingan
Ngawi,Ngawi,0.6196200196861962,Ngawi_Ngawi
Ngawi,Ngrambe,0.5201728302743012,Ngawi_Ngrambe
Ngawi,Padas,0.6207020048578871,Ngawi_Padas
Ngawi,Pangkur,0.592226391582274,Ngawi_Pangkur
Ngawi,Paron,0.5883112441480088,Ngawi_Paron
Ngawi,Pitu,0.5992395584807353,Ngawi_Pitu
Ngawi,Sine,0.4864960348475054,Ngawi_Sine
Ngawi,Widodaren,0.5522550655227129,Ngawi_Widodaren
Pacitan,Arjosari,0.5449190895276035,Pacitan_Arjosari
Pacitan,Bandar,0.5479487780193663,Pacitan_Bandar
Pacitan,Donorojo,0.5849806396046333,Pacitan_Donorojo
Pacitan,Kebonagung,0.552795701812807,Pacitan_Kebonagung
Pacitan,Nawangan,0.5631241135111877,Pacitan_Nawangan
Pacitan,Ngadirojo,0.5251655874826932,Pacitan_Ngadirojo
Pacitan,Pacitan,0.5442997357991167,Pacitan_Pacitan
Pacitan,Pringkuku,0.5471014576067207,Pacitan_Pringkuku
Pacitan,Punung,0.5565100099247159,Pacitan_Punung
Pacitan,Sudimoro,0.531769380619381,Pacitan_Sudimoro
Pacitan,Tegalombo,0.5599005707141155,Pacitan_Tegalombo
Pacitan,Tulakan,0.532696162789739,Pacitan_Tulakan
Pamekasan,Batumarmar,0.5788431771273104,Pamekasan_Batumarmar
Pamekasan,Galis,0.6544527477854103,Pamekasan_Galis
Pamekasan,Kadur,0.5934018028153476,Pamekasan_Kadur
Pamekasan,Larangan,0.6111002280828904,Pamekasan_Larangan
Pamekasan,Pademawu,0.632091972449635,Pamekasan_Pademawu
Pamekasan,Pakong,0.6199864879015031,Pamekasan_Pakong
Pamekasan,Palengaan,0.6343909128882814,Pamekasan_Palengaan
Pamekasan,Pamekasan,0.6687563585537272,Pamekasan_Pamekasan
Pamekasan,Pasean,0.587427491832213,Pamekasan_Pasean
Pamekasan,Pegantenan,0.5981973317961705,Pamekasan_Pegantenan
Pamekasan,Proppo,0.6608315611289296,Pamekasan_Proppo
Pamekasan,Tlanakan,0.6391458079931763,Pamekasan_Tlanakan
Pamekasan,Waru,0.5719951294233803,Pamekasan_Waru
Pandeglang,Angsana,0.5472606390341683,Pandeglang_Angsana
Pandeglang,Banjar,0.5991059511867559,Pandeglang_Banjar
Pandeglang,Bojong,0.584055942535277,Pandeglang_Bojong
Pandeglang,Cadasari,0.5990348028906078,Pandeglang_Cadasari
Pandeglang,Carita,0.5666726782849073,Pandeglang_Carita
Pandeglang,Cibaliung,0.547624942214648,Pandeglang_Cibaliung
Pandeglang,Cibitung,0.558107794329853,Pandeglang_Cibitung
Pandeglang,Cigeulis,0.5441224146768263,Pandeglang_Cigeulis
Pandeglang,Cikedal,0.5828357047665099,Pandeglang_Cikedal
Pandeglang,Cikeusik,0.5579085272570564,Pandeglang_Cikeusik
Pandeglang,Cimanggu,0.6351734925205514,Pandeglang_Cimanggu
Pandeglang,Cimanuk,0.5827454011159118,Pandeglang_Cimanuk
Pandeglang,Cipeucang,0.5838224049943863,Pandeglang_Cipeucang
Pandeglang,Cisata,0.5772775359745175,Pandeglang_Cisata
Pandeglang,Jiput,0.5823053570096914,Pandeglang_Jiput
Pandeglang,Kaduhejo,0.5753315736035548,Pandeglang_Kaduhejo
Pandeglang,Karang Tanjung,0.6181923394716737,Pandeglang_Karang Tanjung
Pandeglang,Koroncong,0.6050903029461079,Pandeglang_Koroncong
Pandeglang,Labuan,0.6113573550460548,Pandeglang_Labuan
Pandeglang,Majasari,0.5999221319358314,Pandeglang_Majasari
Pandeglang,Mandalawangi,0.5842103242646588,Pandeglang_Mandalawangi
Pandeglang,Mekarjaya,0.5914043314013124,Pandeglang_Mekarjaya
Pandeglang,Menes,0.600241682122487,Pandeglang_Menes
Pandeglang,Munjul,0.5533638841550605,Pandeglang_Munjul
Pandeglang,Pagelaran,0.583626033100027,Pandeglang_Pagelaran
Pandeglang,Pandeglang,0.614414947453647,Pandeglang_Pandeglang
Pandeglang,Panimbang,0.590940185957833,Pandeglang_Panimbang
Pandeglang,Patia,0.6081708968963615,Pandeglang_Patia
Pandeglang,Picung,0.6021055302025117,Pandeglang_Picung
Pandeglang,Pulosari,0.5855397170940514,Pandeglang_Pulosari
Pandeglang,Saketi,0.5702315891109235,Pandeglang_Saketi
Pandeglang,Sindangresmi,0.5906949506032324,Pandeglang_Sindangresmi
Pandeglang,Sobang,0.5424282940915294,Pandeglang_Sobang
Pandeglang,Sukaresmi,0.6115095461727819,Pandeglang_Sukaresmi
Pandeglang,Sumur,0.5421320130849543,Pandeglang_Sumur
Pangandaran,Cigugur,0.5953824847495125,Pangandaran_Cigugur
Pangandaran,Cijulang,0.5868313566292668,Pangandaran_Cijulang
Pangandaran,Cimerak,0.5990519443748545,Pangandaran_Cimerak
Pangandaran,Kalipucang,0.558553377144012,Pangandaran_Kalipucang
Pangandaran,Langkaplancar,0.5974052042213035,Pangandaran_Langkaplancar
Pangandaran,Mangunjaya,0.6334126657140591,Pangandaran_Mangunjaya
Pangandaran,Padaherang,0.6179149808997334,Pangandaran_Padaherang
Pangandaran,Pangandaran,0.6059914382143489,Pangandaran_Pangandaran
Pangandaran,Parigi,0.5597213204580079,Pangandaran_Parigi
Pangandaran,Sidamulih,0.5907204314433419,Pangandaran_Sidamulih
Pasuruan,Bangil,0.7004347471156303,Pasuruan_Bangil
Pasuruan,Beji,0.7133977883056061,Pasuruan_Beji
Pasuruan,Gempol,0.6775431532347946,Pasuruan_Gempol
Pasuruan,Gondangwetan,0.6256001410354355,Pasuruan_Gondangwetan
Pasuruan,Grati,0.6138554623481097,Pasuruan_Grati
Pasuruan,Kejayan,0.6042195813989933,Pasuruan_Kejayan
Pasuruan,Kraton,0.6635753782165552,Pasuruan_Kraton
Pasuruan,Lekok,0.6573768977582447,Pasuruan_Lekok
Pasuruan,Lumbang,0.5552038709656355,Pasuruan_Lumbang
Pasuruan,Nguling,0.5995145908013557,Pasuruan_Nguling
Pasuruan,Pandaan,0.6169808508484982,Pasuruan_Pandaan
Pasuruan,Pasrepan,0.5582810593001767,Pasuruan_Pasrepan
Pasuruan,Pohjentrek,0.6604917229828999,Pasuruan_Pohjentrek
Pasuruan,Prigen,0.582453274013568,Pasuruan_Prigen
Pasuruan,Purwodadi,0.5272976469608823,Pasuruan_Purwodadi
Pasuruan,Purwosari,0.5356227486565723,Pasuruan_Purwosari
Pasuruan,Puspo,0.5072063815269695,Pasuruan_Puspo
Pasuruan,Rejoso,0.6770320259633732,Pasuruan_Rejoso
Pasuruan,Rembang,0.6632230952054485,Pasuruan_Rembang
Pasuruan,Sukorejo,0.6167143195040261,Pasuruan_Sukorejo
Pasuruan,Tosari,0.5514876941685765,Pasuruan_Tosari
Pasuruan,Tutur,0.5080079383035264,Pasuruan_Tutur
Pasuruan,Winongan,0.5915513323278031,Pasuruan_Winongan
Pasuruan,Wonorejo,0.5888741281594226,Pasuruan_Wonorejo
Pati,Batangan,0.6425916604894932,Pati_Batangan
Pati,Cluwak,0.5505817115718823,Pati_Cluwak
Pati,Dukuhseti,0.5199905370773018,Pati_Dukuhseti
Pati,Gabus,0.657414931800226,Pati_Gabus
Pati,Gembong,0.624841728352487,Pati_Gembong
Pati,Gunungwungkal,0.594131561721732,Pati_Gunungwungkal
Pati,Jaken,0.6878561060284747,Pati_Jaken
Pati,Jakenan,0.6780992043903812,Pati_Jakenan
Pati,Juwana,0.6498059045787378,Pati_Juwana
Pati,Kayen,0.686884650643474,Pati_Kayen
Pati,Margorejo,0.652276677081089,Pati_Margorejo
Pati,Margoyoso,0.5832840339399166,Pati_Margoyoso
Pati,Pati,0.6377654056727584,Pati_Pati
Pati,Pucakwangi,0.6612966144966147,Pati_Pucakwangi
Pati,Sukolilo,0.7015651022180435,Pati_Sukolilo
Pati,Tambakromo,0.6459750177926645,Pati_Tambakromo
Pati,Tayu,0.5923652424630754,Pati_Tayu
Pati,Tlogowungu,0.5840878934618876,Pati_Tlogowungu
Pati,Trangkil,0.5977903054461879,Pati_Trangkil
Pati,Wedarijaksa,0.6339266907928672,Pati_Wedarijaksa
Pati,Winong,0.6856765437177201,Pati_Winong
Pekalongan,Bojong,0.7964758040978632,Pekalongan_Bojong
Pekalongan,Buaran,0.8067569525245999,Pekalongan_Buaran
Pekalongan,Doro,0.7469646606661311,Pekalongan_Doro
Pekalongan,Kajen,0.7800477610624672,Pekalongan_Kajen
Pekalongan,Kandangserang,0.7010426806853279,Pekalongan_Kandangserang
Pekalongan,Karanganyar,0.7279086991439931,Pekalongan_Karanganyar
Pekalongan,Karangdadap,0.8030007965890325,Pekalongan_Karangdadap
Pekalongan,Kedungwuni,0.8136742602169076,Pekalongan_Kedungwuni
Pekalongan,Kesesi,0.7899278226675287,Pekalongan_Kesesi
Pekalongan,Lebakbarang,0.6651950227876697,Pekalongan_Lebakbarang
Pekalongan,Paninggaran,0.7004261566864509,Pekalongan_Paninggaran
Pekalongan,Petungkriyono,0.6553740032842973,Pekalongan_Petungkriyono
Pekalongan,Siwalan,0.8480861922391335,Pekalongan_Siwalan
Pekalongan,Sragi,0.7946494611597557,Pekalongan_Sragi
Pekalongan,Talun,0.7202146805808568,Pekalongan_Talun
Pekalongan,Tirto,0.827958254327372,Pekalongan_Tirto
Pekalongan,Wiradesa,0.7868896376499318,Pekalongan_Wiradesa
Pekalongan,Wonokerto,0.7706394589930198,Pekalongan_Wonokerto
Pekalongan,Wonopringgo,0.8104899063354948,Pekalongan_Wonopringgo
Pemalang,Ampelgading,0.8031015628162691,Pemalang_Ampelgading
Pemalang,Bantarbolang,0.7377759812083344,Pemalang_Bantarbolang
Pemalang,Belik,0.7111401678386975,Pemalang_Belik
Pemalang,Bodeh,0.7656833547171785,Pemalang_Bodeh
Pemalang,Comal,0.8385473719005455,Pemalang_Comal
Pemalang,Moga,0.707464993176758,Pemalang_Moga
Pemalang,Pemalang,0.7921452201393376,Pemalang_Pemalang
Pemalang,Petarukan,0.8479802229761984,Pemalang_Petarukan
Pemalang,Pulosari,0.6725293675278967,Pemalang_Pulosari
Pemalang,Randudongkal,0.7379092263945206,Pemalang_Randudongkal
Pemalang,Taman,0.7937260167936642,Pemalang_Taman
Pemalang,Ulujami,0.7925617333560836,Pemalang_Ulujami
Pemalang,Warungpring,0.7198694534223945,Pemalang_Warungpring
Pemalang,Watukumpul,0.7318240421343367,Pemalang_Watukumpul
Ponorogo,Babadan,0.5608075996672749,Ponorogo_Babadan
Ponorogo,Badegan,0.516699590115767,Ponorogo_Badegan
Ponorogo,Balong,0.5321166989872876,Ponorogo_Balong
Ponorogo,Bungkal,0.5366432880844649,Ponorogo_Bungkal
Ponorogo,Jambon,0.5120175293660592,Ponorogo_Jambon
Ponorogo,Jenangan,0.5519317318302617,Ponorogo_Jenangan
Ponorogo,Jetis,0.5566275019098551,Ponorogo_Jetis
Ponorogo,Kauman,0.5728082275567573,Ponorogo_Kauman
Ponorogo,Mlarak,0.5492325849760836,Ponorogo_Mlarak
Ponorogo,Ngebel,0.5121521927418987,Ponorogo_Ngebel
Ponorogo,Ngrayun,0.5813269727434588,Ponorogo_Ngrayun
Ponorogo,Ponorogo,0.569528898552428,Ponorogo_Ponorogo
Ponorogo,Pudak,0.5870748885531392,Ponorogo_Pudak
Ponorogo,Pulung,0.527201142811437,Ponorogo_Pulung
Ponorogo,Sambit,0.5448473330590982,Ponorogo_Sambit
Ponorogo,Sampung,0.512587777745131,Ponorogo_Sampung
Ponorogo,Sawoo,0.5263457635501756,Ponorogo_Sawoo
Ponorogo,Siman,0.5467211676352545,Ponorogo_Siman
Ponorogo,Slahung,0.516078554452084,Ponorogo_Slahung
Ponorogo,Sooko,0.5573153962480585,Ponorogo_Sooko
Ponorogo,Sukorejo,0.554806454329984,Ponorogo_Sukorejo
Probolinggo,Bantaran,0.5385847387906214,Probolinggo_Bantaran
Probolinggo,Banyuanyar,0.5516029855765152,Probolinggo_Banyuanyar
Probolinggo,Besuk,0.5122316214830922,Probolinggo_Besuk
Probolinggo,Dringu,0.6178283380018674,Probolinggo_Dringu
Probolinggo,Gading,0.49846695755225157,Probolinggo_Gading
Probolinggo,Gending,0.5924819933334641,Probolinggo_Gending
Probolinggo,Kotaanyar,0.5135146072881368,Probolinggo_Kotaanyar
Probolinggo,Kraksaan,0.5539548843313549,Probolinggo_Kraksaan
Probolinggo,Krejengan,0.5268746146010852,Probolinggo_Krejengan
Probolinggo,Krucil,0.5123657290421997,Probolinggo_Krucil
Probolinggo,Kuripan,0.5384718897115955,Probolinggo_Kuripan
Probolinggo,Leces,0.5614682869418164,Probolinggo_Leces
Probolinggo,Lumbang,0.5450711851873616,Probolinggo_Lumbang
Probolinggo,Maron,0.5400051174315883,Probolinggo_Maron
Probolinggo,Paiton,0.5685576446429388,Probolinggo_Paiton
Probolinggo,Pakuniran,0.47977702134466843,Probolinggo_Pakuniran
Probolinggo,Pejarakan,0.6004053394318102,Probolinggo_Pejarakan
Probolinggo,Sukapura,0.5668849010896222,Probolinggo_Sukapura
Probolinggo,Sumber,0.5357884579129163,Probolinggo_Sumber
Probolinggo,Sumberasih,0.5911513164939638,Probolinggo_Sumberasih
Probolinggo,Tegalsiwalan,0.5601209675944973,Probolinggo_Tegalsiwalan
Probolinggo,Tiris,0.4905771705418762,Probolinggo_Tiris
Probolinggo,Tongas,0.616438083974849,Probolinggo_Tongas
Probolinggo,Wonomerto,0.5588918855654151,Probolinggo_Wonomerto
Purbalingga,Bobotsari,0.6776929521458933,Purbalingga_Bobotsari
Purbalingga,Bojongsari,0.6620143201569669,Purbalingga_Bojongsari
Purbalingga,Bukateja,0.6251695915024085,Purbalingga_Bukateja
Purbalingga,Kaligondang,0.6547957847707846,Purbalingga_Kaligondang
Purbalingga,Kalimanah,0.6462955337146509,Purbalingga_Kalimanah
Purbalingga,Karanganyar,0.654639277715748,Purbalingga_Karanganyar
Purbalingga,Karangjambu,0.6780402275828746,Purbalingga_Karangjambu
Purbalingga,Karangmoncol,0.6934200350303293,Purbalingga_Karangmoncol
Purbalingga,Karangreja,0.6730184300993122,Purbalingga_Karangreja
Purbalingga,Kejobong,0.5730618343902398,Purbalingga_Kejobong
Purbalingga,Kemangkon,0.6598128361834241,Purbalingga_Kemangkon
Purbalingga,Kertanegara,0.6647653565388859,Purbalingga_Kertanegara
Purbalingga,Kutasari,0.6281562063753237,Purbalingga_Kutasari
Purbalingga,Mrebet,0.6506793582234756,Purbalingga_Mrebet
Purbalingga,Padamara,0.680569171188289,Purbalingga_Padamara
Purbalingga,Pengadegan,0.6339428945237767,Purbalingga_Pengadegan
Purbalingga,Purbalingga,0.6517247332732625,Purbalingga_Purbalingga
Purbalingga,Rembang,0.6707495959922432,Purbalingga_Rembang
Purwakarta,Babakancikao,0.6583897052122288,Purwakarta_Babakancikao
Purwakarta,Bojong,0.6570529287533933,Purwakarta_Bojong
Purwakarta,Bungursari,0.6786664921679628,Purwakarta_Bungursari
Purwakarta,Campaka,0.6546102895298718,Purwakarta_Campaka
Purwakarta,Cibatu,0.6365645935591755,Purwakarta_Cibatu
Purwakarta,Darangdan,0.678446145177492,Purwakarta_Darangdan
Purwakarta,Jatiluhur,0.6665948588820881,Purwakarta_Jatiluhur
Purwakarta,Kiarapedes,0.6379287508071566,Purwakarta_Kiarapedes
Purwakarta,Maniis,0.6826837564224565,Purwakarta_Maniis
Purwakarta,Pasawahan,0.6472866035753033,Purwakarta_Pasawahan
Purwakarta,Plered,0.6203496263368554,Purwakarta_Plered
Purwakarta,Pondoksalam,0.656277282014511,Purwakarta_Pondoksalam
Purwakarta,Purwakarta,0.6562969318091608,Purwakarta_Purwakarta
Purwakarta,Sukasari,0.667081194768424,Purwakarta_Sukasari
Purwakarta,Sukatani,0.6557766382138673,Purwakarta_Sukatani
Purwakarta,Tegalwaru,0.6767854047741046,Purwakarta_Tegalwaru
Purwakarta,Wanayasa,0.6637337330797858,Purwakarta_Wanayasa
Purworejo,Bagelen,0.6196091543561361,Purworejo_Bagelen
Purworejo,Banyuurip,0.6288865842791542,Purworejo_Banyuurip
Purworejo,Bayan,0.6359977359070242,Purworejo_Bayan
Purworejo,Bener,0.5606388740258711,Purworejo_Bener
Purworejo,Bruno,0.578829772953225,Purworejo_Bruno
Purworejo,Butuh,0.6313860782664191,Purworejo_Butuh
Purworejo,Gebang,0.5766885442472904,Purworejo_Gebang
Purworejo,Grabag,0.6591197691197694,Purworejo_Grabag
Purworejo,Kaligesing,0.5739283851253667,Purworejo_Kaligesing
Purworejo,Kemiri,0.5874791260511073,Purworejo_Kemiri
Purworejo,Kutoarjo,0.6407225694068579,Purworejo_Kutoarjo
Purworejo,Loano,0.5596324526694496,Purworejo_Loano
Purworejo,Ngombol,0.6542104005471653,Purworejo_Ngombol
Purworejo,Pituruh,0.6040983615541665,Purworejo_Pituruh
Purworejo,Purwodadi,0.6642830755673638,Purworejo_Purwodadi
Purworejo,Purworejo,0.5920447065834062,Purworejo_Purworejo
Rembang,Bulu,0.6054237161960843,Rembang_Bulu
Rembang,Gunem,0.5573830968481126,Rembang_Gunem
Rembang,Kaliori,0.7072147624305519,Rembang_Kaliori
Rembang,Kragan,0.531087324646458,Rembang_Kragan
Rembang,Lasem,0.562070056783602,Rembang_Lasem
Rembang,Pamotan,0.5308493776261581,Rembang_Pamotan
Rembang,Pancur,0.5115627151056719,Rembang_Pancur
Rembang,Rembang,0.6480735055879795,Rembang_Rembang
Rembang,Sale,0.545373456488472,Rembang_Sale
Rembang,Sarang,0.5737460910434597,Rembang_Sarang
Rembang,Sedan,0.5033488054858798,Rembang_Sedan
Rembang,Sluke,0.5605281118004803,Rembang_Sluke
Rembang,Sulang,0.6526339587313273,Rembang_Sulang
Rembang,Sumber,0.680042153314522,Rembang_Sumber
Sampang,Banyuates,0.5630260911087542,Sampang_Banyuates
Sampang,Camplong,0.684756175730015,Sampang_Camplong
Sampang,Jrengik,0.6884350112735563,Sampang_Jrengik
Sampang,Karangpenang,0.5964119413696038,Sampang_Karangpenang
Sampang,Kedungdung,0.6518317886791574,Sampang_Kedungdung
Sampang,Ketapang,0.5899242235318861,Sampang_Ketapang
Sampang,Omben,0.6565016216239902,Sampang_Omben
Sampang,Pangarengan,0.6732325454645119,Sampang_Pangarengan
Sampang,Robatal,0.6172665922742545,Sampang_Robatal
Sampang,Sampang,0.7075547415432869,Sampang_Sampang
Sampang,Sokobanah,0.5791701446042774,Sampang_Sokobanah
Sampang,Sreseh,0.6588359975679635,Sampang_Sreseh
Sampang,Tambelangan,0.6451419035642719,Sampang_Tambelangan
Sampang,Torjun,0.6723281403666855,Sampang_Torjun
Semarang,Ambarawa,0.6192535024057472,Semarang_Ambarawa
Semarang,Bancak,0.5763146278558041,Semarang_Bancak
Semarang,Bandungan,0.6257980671547233,Semarang_Bandungan
Semarang,Banyubiru,0.6197401670654765,Semarang_Banyubiru
Semarang,Bawen,0.6119002507726193,Semarang_Bawen
Semarang,Bergas,0.6142489688673901,Semarang_Bergas
Semarang,Bringin,0.6244719569646039,Semarang_Bringin
Semarang,Getasan,0.5632433051039087,Semarang_Getasan
Semarang,Jambu,0.6267248906580173,Semarang_Jambu
Semarang,Kaliwungu,0.5391059318132846,Semarang_Kaliwungu
Semarang,Pabelan,0.5575657163098338,Semarang_Pabelan
Semarang,Pringapus,0.6099667941535589,Semarang_Pringapus
Semarang,Sumowono,0.6070062301905179,Semarang_Sumowono
Semarang,Suruh,0.5414740413611158,Semarang_Suruh
Semarang,Susukan,0.5215577081415317,Semarang_Susukan
Semarang,Tengaran,0.5531594616597709,Semarang_Tengaran
Semarang,Tuntang,0.6187464837879698,Semarang_Tuntang
Semarang,Ungaran Barat,0.6427000165125553,Semarang_Ungaran Barat
Semarang,Ungaran Timur,0.6315508836193048,Semarang_Ungaran Timur
Serang,Anyar,0.5947526022824787,Serang_Anyar
Serang,Bandung,0.6798329474447125,Serang_Bandung
Serang,Baros,0.6326598358985357,Serang_Baros
Serang,Binuang,0.6768293464705233,Serang_Binuang
Serang,Bojonegara,0.6037412264635953,Serang_Bojonegara
Serang,Carenang,0.6572452322187612,Serang_Carenang
Serang,Cikande,0.6931310013515898,Serang_Cikande
Serang,Cikeusal,0.6478535281711754,Serang_Cikeusal
Serang,Cinangka,0.5711956753514804,Serang_Cinangka
Serang,Ciomas,0.5745071950409413,Serang_Ciomas
Serang,Ciruas,0.6515327083047675,Serang_Ciruas
Serang,Gunungsari,0.5929906459381691,Serang_Gunungsari
Serang,Jawilan,0.6344307210763093,Serang_Jawilan
Serang,Kibin,0.676644221791281,Serang_Kibin
Serang,Kopo,0.7199482414644183,Serang_Kopo
Serang,Kragilan,0.6596232883129947,Serang_Kragilan
Serang,Kramatwatu,0.663089559133677,Serang_Kramatwatu
Serang,Lebak Wangi,0.6620752419149479,Serang_Lebak Wangi
Serang,Mancak,0.623630038734915,Serang_Mancak
Serang,Pabuaran,0.5953943352227407,Serang_Pabuaran
Serang,Padarincang,0.5764205731660841,Serang_Padarincang
Serang,Pamarayan,0.654745935437112,Serang_Pamarayan
Serang,Petir,0.6255861548410312,Serang_Petir
Serang,Pontang,0.6483533657518955,Serang_Pontang
Serang,Pulo Ampel,0.5728914751914752,Serang_Pulo Ampel
Serang,Tanara,0.63304698047051,Serang_Tanara
Serang,Tirtayasa,0.5969270606844138,Serang_Tirtayasa
Serang,Tunjung Teja,0.6541390539027537,Serang_Tunjung Teja
Serang,Waringinkurung,0.6143812181110946,Serang_Waringinkurung
Sidoarjo,Balongbendo,0.7257006186623837,Sidoarjo_Balongbendo
Sidoarjo,Buduran,0.6706952147955245,Sidoarjo_Buduran
Sidoarjo,Candi,0.7056204868660753,Sidoarjo_Candi
Sidoarjo,Gedangan,0.705907916962638,Sidoarjo_Gedangan
Sidoarjo,Jabon,0.6555264020293434,Sidoarjo_Jabon
Sidoarjo,Krembung,0.6999102800793977,Sidoarjo_Krembung
Sidoarjo,Krian,0.7453200146258968,Sidoarjo_Krian
Sidoarjo,Porong,0.7270407230024882,Sidoarjo_Porong
Sidoarjo,Prambon,0.7041368285309462,Sidoarjo_Prambon
Sidoarjo,Sedati,0.6590448568201667,Sidoarjo_Sedati
Sidoarjo,Sidoarjo,0.685454497300086,Sidoarjo_Sidoarjo
Sidoarjo,Sukodono,0.7158493846023259,Sidoarjo_Sukodono
Sidoarjo,Taman,0.7154814172755353,Sidoarjo_Taman
Sidoarjo,Tanggulangin,0.6799468245806485,Sidoarjo_Tanggulangin
Sidoarjo,Tarik,0.6994485361044185,Sidoarjo_Tarik
Sidoarjo,Tulangan,0.703618083387201,Sidoarjo_Tulangan
Sidoarjo,Waru,0.6923942889240102,Sidoarjo_Waru
Sidoarjo,Wonoayu,0.7249514985444553,Sidoarjo_Wonoayu
Situbondo,Arjasa,0.4537906380341368,Situbondo_Arjasa
Situbondo,Asembagus,0.4544725970881548,Situbondo_Asembagus
Situbondo,Banyuglugur,0.528950225591402,Situbondo_Banyuglugur
Situbondo,Banyuputih,0.4499815983809798,Situbondo_Banyuputih
Situbondo,Besuki,0.5307857336677771,Situbondo_Besuki
Situbondo,Bungatan,0.5148958905473612,Situbondo_Bungatan
Situbondo,Jangkar,0.4712979375973187,Situbondo_Jangkar
Situbondo,Jatibanteng,0.5326785141329258,Situbondo_Jatibanteng
Situbondo,Kapongan,0.5399976036175731,Situbondo_Kapongan
Situbondo,Kendit,0.5374473598297131,Situbondo_Kendit
Situbondo,Mangaran,0.533058333170098,Situbondo_Mangaran
Situbondo,Mlandingan,0.5299376618479561,Situbondo_Mlandingan
Situbondo,Panarukan,0.5479253164276385,Situbondo_Panarukan
Situbondo,Panji,0.5074024238833068,Situbondo_Panji
Situbondo,Situbondo,0.5182644713903232,Situbondo_Situbondo
Situbondo,Suboh,0.5313345881242941,Situbondo_Suboh
Situbondo,Sumbermalang,0.5200918008462125,Situbondo_Sumbermalang
Sleman,Berbah,0.610152319000229,Sleman_Berbah
Sleman,Cangkringan,0.5328587321175555,Sleman_Cangkringan
Sleman,Depok,0.579230778861661,Sleman_Depok
Sleman,Gamping,0.5990608213681742,Sleman_Gamping
Sleman,Godean,0.6159918395330158,Sleman_Godean
Sleman,Kalasan,0.5629893347622449,Sleman_Kalasan
Sleman,Minggir,0.5557407139386241,Sleman_Minggir
Sleman,Mlati,0.6149436663010193,Sleman_Mlati
Sleman,Moyudan,0.5912487731996245,Sleman_Moyudan
Sleman,Ngaglik,0.594847121179474,Sleman_Ngaglik
Sleman,Ngemplak,0.5728709147062089,Sleman_Ngemplak
Sleman,Pakem,0.5369114099952335,Sleman_Pakem
Sleman,Prambanan,0.5451700168252799,Sleman_Prambanan
Sleman,Seyegan,0.5927877093494741,Sleman_Seyegan
Sleman,Sleman,0.5692884155060625,Sleman_Sleman
Sleman,Tempel,0.5356536580206861,Sleman_Tempel
Sleman,Turi,0.5226286856933917,Sleman_Turi
Sragen,Gemolong,0.5634481324231322,Sragen_Gemolong
Sragen,Gesi,0.5696567656200011,Sragen_Gesi
Sragen,Gondang,0.5451754466122113,Sragen_Gondang
Sragen,Jenar,0.5909725207798739,Sragen_Jenar
Sragen,Kalijambe,0.5809532746665097,Sragen_Kalijambe
Sragen,Karangmalang,0.5672867353235,Sragen_Karangmalang
Sragen,Kedawung,0.5611868554647967,Sragen_Kedawung
Sragen,Masaran,0.6100866697028462,Sragen_Masaran
Sragen,Miri,0.6080747918747914,Sragen_Miri
Sragen,Mondokan,0.6128850238426863,Sragen_Mondokan
Sragen,Ngrampal,0.5767219747572687,Sragen_Ngrampal
Sragen,Plupuh,0.6069039344642289,Sragen_Plupuh
Sragen,Sambirejo,0.5298235605897376,Sragen_Sambirejo
Sragen,Sambungmacan,0.5507859514668337,Sragen_Sambungmacan
Sragen,Sidoharjo,0.5743114130967069,Sragen_Sidoharjo
Sragen,Sragen,0.5987304176215938,Sragen_Sragen
Sragen,Sukodono,0.615948274764451,Sragen_Sukodono
Sragen,Sumberlawang,0.5976080600771775,Sragen_Sumberlawang
Sragen,Tangen,0.6143023723009017,Sragen_Tangen
Sragen,Tanon,0.6192745963187136,Sragen_Tanon
Subang,Binong,0.6727576578650111,Subang_Binong
Subang,Blanakan,0.5913030383015677,Subang_Blanakan
Subang,Ciasem,0.5968018367253661,Subang_Ciasem
Subang,Ciater,0.6595049657686655,Subang_Ciater
Subang,Cibogo,0.6109309360402237,Subang_Cibogo
Subang,Cijambe,0.5897600761467636,Subang_Cijambe
Subang,Cikaum,0.7121318418509597,Subang_Cikaum
Subang,Cipeundeuy,0.6574680317876137,Subang_Cipeundeuy
Subang,Cipunagara,0.6807095502536679,Subang_Cipunagara
Subang,Cisalak,0.6569688742458091,Subang_Cisalak
Subang,Compreng,0.6445832109067406,Subang_Compreng
Subang,Dawuan,0.6159028988813041,Subang_Dawuan
Subang,Jalancagak,0.6064445126253176,Subang_Jalancagak
Subang,Kalijati,0.6140576232419107,Subang_Kalijati
Subang,Kasomalang,0.6098370875684346,Subang_Kasomalang
Subang,Legonkulon,0.5704960936122702,Subang_Legonkulon
Subang,Pabuaran,0.6880436300627475,Subang_Pabuaran
Subang,Pagaden,0.679529296013584,Subang_Pagaden
Subang,Pagaden Barat,0.6753258409890763,Subang_Pagaden Barat
Subang,Pamanukan,0.5973358453637865,Subang_Pamanukan
Subang,Patokbeusi,0.6785859356329947,Subang_Patokbeusi
Subang,Purwadadi,0.6533394620085797,Subang_Purwadadi
Subang,Pusakajaya,0.6285660476778123,Subang_Pusakajaya
Subang,Pusakanagara,0.549903180806122,Subang_Pusakanagara
Subang,Sagalaherang,0.6376337756498748,Subang_Sagalaherang
Subang,Serangpanjang,0.62165093789939,Subang_Serangpanjang
Subang,Subang,0.6273411480504355,Subang_Subang
Subang,Sukasari,0.6072343145416677,Subang_Sukasari
Subang,Tambakdahan,0.6030601672836968,Subang_Tambakdahan
Subang,Tanjungsiang,0.6251005546569015,Subang_Tanjungsiang
Sukabumi,Bantargadung,0.5944605058168523,Sukabumi_Bantargadung
Sukabumi,Bojonggenteng,0.5930283743518261,Sukabumi_Bojonggenteng
Sukabumi,Caringin,0.6308629775281476,Sukabumi_Caringin
Sukabumi,Ciambar,0.619936091342438,Sukabumi_Ciambar
Sukabumi,Cibadak,0.6251902861672209,Sukabumi_Cibadak
Sukabumi,Cibitung,0.5458694243493005,Sukabumi_Cibitung
Sukabumi,Cicantayan,0.6064071505120266,Sukabumi_Cicantayan
Sukabumi,Cicurug,0.6421910641474107,Sukabumi_Cicurug
Sukabumi,Cidadap,0.5763171796985265,Sukabumi_Cidadap
Sukabumi,Cidahu,0.6051241588305054,Sukabumi_Cidahu
Sukabumi,Cidolog,0.5789775653912652,Sukabumi_Cidolog
Sukabumi,Ciemas,0.6383286455374694,Sukabumi_Ciemas
Sukabumi,Cikakak,0.6016127483112004,Sukabumi_Cikakak
Sukabumi,Cikembar,0.5953448564335562,Sukabumi_Cikembar
Sukabumi,Cikidang,0.6047150995547279,Sukabumi_Cikidang
Sukabumi,Cimanggu,0.5766469917165737,Sukabumi_Cimanggu
Sukabumi,Ciracap,0.5562780015564072,Sukabumi_Ciracap
Sukabumi,Cireunghas,0.623603285586103,Sukabumi_Cireunghas
Sukabumi,Cisaat,0.598472977332265,Sukabumi_Cisaat
Sukabumi,Cisolok,0.6057669357903879,Sukabumi_Cisolok
Sukabumi,Curugkembar,0.5698434106571106,Sukabumi_Curugkembar
Sukabumi,Gegerbitung,0.6392084537839181,Sukabumi_Gegerbitung
Sukabumi,Gunungguruh,0.6085111603910365,Sukabumi_Gunungguruh
Sukabumi,Jampangkulon,0.5641627831147181,Sukabumi_Jampangkulon
Sukabumi,Jampangtengah,0.6407084053029872,Sukabumi_Jampangtengah
Sukabumi,Kabandungan,0.6251139510644154,Sukabumi_Kabandungan
Sukabumi,Kadudampit,0.6427826748414982,Sukabumi_Kadudampit
Sukabumi,Kalapanunggal,0.6079242499158908,Sukabumi_Kalapanunggal
Sukabumi,Kalibunder,0.568376807978743,Sukabumi_Kalibunder
Sukabumi,Kebonpedes,0.6233288798061244,Sukabumi_Kebonpedes
Sukabumi,Lengkong,0.6297000039004682,Sukabumi_Lengkong
Sukabumi,Nagrak,0.6162873381348614,Sukabumi_Nagrak
Sukabumi,Nyalindung,0.6139435814013987,Sukabumi_Nyalindung
Sukabumi,Pabuaran,0.5910504963818433,Sukabumi_Pabuaran
Sukabumi,Palabuhanratu,0.5995474771788242,Sukabumi_Palabuhanratu
Sukabumi,Parakansalak,0.6248051043555684,Sukabumi_Parakansalak
Sukabumi,Parungkuda,0.5751180704744171,Sukabumi_Parungkuda
Sukabumi,Purabaya,0.6467295999580056,Sukabumi_Purabaya
Sukabumi,Sagaranten,0.5689821052958051,Sukabumi_Sagaranten
Sukabumi,Simpenan,0.5916264537578005,Sukabumi_Simpenan
Sukabumi,Sukabumi,0.6315755600608539,Sukabumi_Sukabumi
Sukabumi,Sukalarang,0.6279795434785369,Sukabumi_Sukalarang
Sukabumi,Sukaraja,0.6180300870526101,Sukabumi_Sukaraja
Sukabumi,Surade,0.556519697605456,Sukabumi_Surade
Sukabumi,Tegalbuleud,0.5561393426662778,Sukabumi_Tegalbuleud
Sukabumi,Waluran,0.5661513057032407,Sukabumi_Waluran
Sukabumi,Warungkiara,0.5970034850598314,Sukabumi_Warungkiara
Sukoharjo,Baki,0.6323715792377556,Sukoharjo_Baki
Sukoharjo,Bendosari,0.6206742690316219,Sukoharjo_Bendosari
Sukoharjo,Bulu,0.5523376633170753,Sukoharjo_Bulu
Sukoharjo,Gatak,0.6105281300398948,Sukoharjo_Gatak
Sukoharjo,Grogol,0.6215155491567252,Sukoharjo_Grogol
Sukoharjo,Kartasura,0.6141846472155293,Sukoharjo_Kartasura
Sukoharjo,Mojolaban,0.6307348687260455,Sukoharjo_Mojolaban
Sukoharjo,Nguter,0.6275106623768392,Sukoharjo_Nguter
Sukoharjo,Polokarto,0.6058188951571308,Sukoharjo_Polokarto
Sukoharjo,Sukoharjo,0.6391583868745636,Sukoharjo_Sukoharjo
Sukoharjo,Tawangsari,0.6472289968201735,Sukoharjo_Tawangsari
Sukoharjo,Weru,0.6138030144691913,Sukoharjo_Weru
Sumedang,Buahdua,0.6666124767389473,Sumedang_Buahdua
Sumedang,Cibugel,0.6641538973925972,Sumedang_Cibugel
Sumedang,Cimalaka,0.6613364454001449,Sumedang_Cimalaka
Sumedang,Cimanggung,0.6760013257468367,Sumedang_Cimanggung
Sumedang,Cisarua,0.6376189059134878,Sumedang_Cisarua
Sumedang,Cisitu,0.6593090063359411,Sumedang_Cisitu
Sumedang,Conggeang,0.604358010109945,Sumedang_Conggeang
Sumedang,Darmaraja,0.6356130170311286,Sumedang_Darmaraja
Sumedang,Ganeas,0.6602611218674687,Sumedang_Ganeas
Sumedang,Jatigede,0.624418836048712,Sumedang_Jatigede
Sumedang,Jatinangor,0.6769615384099906,Sumedang_Jatinangor
Sumedang,Jatinunggal,0.6096768727832196,Sumedang_Jatinunggal
Sumedang,Pamulihan,0.7046244972176087,Sumedang_Pamulihan
Sumedang,Paseh,0.629357664214011,Sumedang_Paseh
Sumedang,Rancakalong,0.6753959564773033,Sumedang_Rancakalong
Sumedang,Situraja,0.6459251235520583,Sumedang_Situraja
Sumedang,Sukasari,0.7001055023064311,Sumedang_Sukasari
Sumedang,Sumedang Selatan,0.6541031719742249,Sumedang_Sumedang Selatan
Sumedang,Sumedang Utara,0.6340854290961876,Sumedang_Sumedang Utara
Sumedang,Surian,0.6011040021897606,Sumedang_Surian
Sumedang,Tanjungkerta,0.6152029550343017,Sumedang_Tanjungkerta
Sumedang,Tanjungmedar,0.5983581181718179,Sumedang_Tanjungmedar
Sumedang,Tanjungsari,0.6789756408108575,Sumedang_Tanjungsari
Sumedang,Tomo,0.6044669542703595,Sumedang_Tomo
Sumedang,Ujungjaya,0.6470923130618946,Sumedang_Ujungjaya
Sumedang,Wado,0.6155344583349227,Sumedang_Wado
Sumenep,Ambunten,0.6434872105276902,Sumenep_Ambunten
Sumenep,Arjasa,0.5961681137919524,Sumenep_Arjasa
Sumenep,Batang Batang,0.6321769970655419,Sumenep_Batang Batang
Sumenep,Batuan,0.6289775713536548,Sumenep_Batuan
Sumenep,Batuputih,0.6106424712971923,Sumenep_Batuputih
Sumenep,Bluto,0.6016775401499084,Sumenep_Bluto
Sumenep,Dasuk,0.630393060740429,Sumenep_Dasuk
Sumenep,Dungkek,0.6244919265804715,Sumenep_Dungkek
Sumenep,Ganding,0.5848936423483635,Sumenep_Ganding
Sumenep,Gapura,0.6045171628079522,Sumenep_Gapura
Sumenep,Gayam,0.41121850237825486,Sumenep_Gayam
Sumenep,Giliginting,0.4068643816623695,Sumenep_Giliginting
Sumenep,Guluk-Guluk,0.5842753384300597,Sumenep_Guluk-Guluk
Sumenep,Kalianget,0.5971581631474817,Sumenep_Kalianget
Sumenep,Kangayan,0.5928624681304244,Sumenep_Kangayan
Sumenep,Kota Sumenep,0.6543686874013502,Sumenep_Kota Sumenep
Sumenep,Lenteng,0.6138128834014281,Sumenep_Lenteng
Sumenep,Manding,0.6552693455667139,Sumenep_Manding
Sumenep,Masalembu,0.7237381324557792,Sumenep_Masalembu
Sumenep,Nonggunong,0.41018761817817556,Sumenep_Nonggunong
Sumenep,Pasongsongan,0.5812161159531902,Sumenep_Pasongsongan
Sumenep,Pragaan,0.5935450892674576,Sumenep_Pragaan
Sumenep,Ra'As,0.35926911425347957,Sumenep_Ra'As
Sumenep,Rubaru,0.6407010889695101,Sumenep_Rubaru
Sumenep,Sapeken,0.3268589799261625,Sumenep_Sapeken
Sumenep,Saronggi,0.6282995903219587,Sumenep_Saronggi
Sumenep,Talango,0.4460679605654066,Sumenep_Talango
Tangerang,Balaraja,0.6780730914510325,Tangerang_Balaraja
Tangerang,Cikupa,0.7060484744014157,Tangerang_Cikupa
Tangerang,Cisauk,0.697266796928562,Tangerang_Cisauk
Tangerang,Cisoka,0.7382518430915492,Tangerang_Cisoka
Tangerang,Curug,0.7360594023623438,Tangerang_Curug
Tangerang,Gunung Kaler,0.7017599002304886,Tangerang_Gunung Kaler
Tangerang,Jambe,0.673891608881315,Tangerang_Jambe
Tangerang,Jayanti,0.7335418364315426,Tangerang_Jayanti
Tangerang,Kelapa Dua,0.7452705231043466,Tangerang_Kelapa Dua
Tangerang,Kemiri,0.7315348336304219,Tangerang_Kemiri
Tangerang,Kosambi,0.709191814557991,Tangerang_Kosambi
Tangerang,Kresek,0.7172002807649869,Tangerang_Kresek
Tangerang,Kronjo,0.7007739760239765,Tangerang_Kronjo
Tangerang,Legok,0.7091995026215617,Tangerang_Legok
Tangerang,Mauk,0.7005852369852369,Tangerang_Mauk
Tangerang,Mekar Baru,0.6588734463249168,Tangerang_Mekar Baru
Tangerang,Pagedangan,0.7263685895803546,Tangerang_Pagedangan
Tangerang,Pakuhaji,0.719707542620778,Tangerang_Pakuhaji
Tangerang,Panongan,0.720394884690473,Tangerang_Panongan
Tangerang,Pasar Kemis,0.7569017802458975,Tangerang_Pasar Kemis
Tangerang,Rajeg,0.7210583090112501,Tangerang_Rajeg
Tangerang,Sepatan,0.7362063103563103,Tangerang_Sepatan
Tangerang,Sepatan Timur,0.6952095607007376,Tangerang_Sepatan Timur
Tangerang,Sindang Jaya,0.7354038890847715,Tangerang_Sindang Jaya
Tangerang,Solear,0.6657277005674069,Tangerang_Solear
Tangerang,Sukadiri,0.7194808005719772,Tangerang_Sukadiri
Tangerang,Sukamulya,0.7258551797875329,Tangerang_Sukamulya
Tangerang,Teluknaga,0.6822438884644767,Tangerang_Teluknaga
Tangerang,Tigaraksa,0.712409558905147,Tangerang_Tigaraksa
Tasikmalaya,Bantarkalong,0.5983379231363752,Tasikmalaya_Bantarkalong
Tasikmalaya,Bojongasih,0.5895125290859812,Tasikmalaya_Bojongasih
Tasikmalaya,Bojonggambir,0.5963577699562223,Tasikmalaya_Bojonggambir
Tasikmalaya,Ciawi,0.602241125730135,Tasikmalaya_Ciawi
Tasikmalaya,Cibalong,0.5857216199950723,Tasikmalaya_Cibalong
Tasikmalaya,Cigalontang,0.6263681024685667,Tasikmalaya_Cigalontang
Tasikmalaya,Cikalong,0.560963468342803,Tasikmalaya_Cikalong
Tasikmalaya,Cikatomas,0.5714898323382847,Tasikmalaya_Cikatomas
Tasikmalaya,Cineam,0.585764482034993,Tasikmalaya_Cineam
Tasikmalaya,Cipatujah,0.5849900931885452,Tasikmalaya_Cipatujah
Tasikmalaya,Cisayong,0.6120933202246668,Tasikmalaya_Cisayong
Tasikmalaya,Culamega,0.5990655843640363,Tasikmalaya_Culamega
Tasikmalaya,Gunungtanjung,0.5892816035100089,Tasikmalaya_Gunungtanjung
Tasikmalaya,Jamanis,0.586873485690436,Tasikmalaya_Jamanis
Tasikmalaya,Jatiwaras,0.5802761656128531,Tasikmalaya_Jatiwaras
Tasikmalaya,Kadipaten,0.6098108226998318,Tasikmalaya_Kadipaten
Tasikmalaya,Karangjaya,0.5597488512605389,Tasikmalaya_Karangjaya
Tasikmalaya,Karangnunggal,0.5608446053430575,Tasikmalaya_Karangnunggal
Tasikmalaya,Leuwisari,0.5567084165662338,Tasikmalaya_Leuwisari
Tasikmalaya,Mangunreja,0.5876464905837198,Tasikmalaya_Mangunreja
Tasikmalaya,Manonjaya,0.5674199873483928,Tasikmalaya_Manonjaya
Tasikmalaya,Padakembang,0.5798099343295167,Tasikmalaya_Padakembang
Tasikmalaya,Pagerageung,0.6157713233962457,Tasikmalaya_Pagerageung
Tasikmalaya,Pancatengah,0.5597847895053008,Tasikmalaya_Pancatengah
Tasikmalaya,Parungponteng,0.5791563964930839,Tasikmalaya_Parungponteng
Tasikmalaya,Puspahiang,0.6058072538057058,Tasikmalaya_Puspahiang
Tasikmalaya,Rajapolah,0.6092260264073729,Tasikmalaya_Rajapolah
Tasikmalaya,Salawu,0.6227595721100363,Tasikmalaya_Salawu
Tasikmalaya,Salopa,0.5762549394533917,Tasikmalaya_Salopa
Tasikmalaya,Sariwangi,0.6158563833053767,Tasikmalaya_Sariwangi
Tasikmalaya,Singaparna,0.5750385502010892,Tasikmalaya_Singaparna
Tasikmalaya,Sodonghilir,0.5872912475896995,Tasikmalaya_Sodonghilir
Tasikmalaya,Sukahening,0.624017777466771,Tasikmalaya_Sukahening
Tasikmalaya,Sukaraja,0.5948614236898293,Tasikmalaya_Sukaraja
Tasikmalaya,Sukarame,0.5727972806862902,Tasikmalaya_Sukarame
Tasikmalaya,Sukaratu,0.6133986542697065,Tasikmalaya_Sukaratu
Tasikmalaya,Sukaresik,0.5772893012474282,Tasikmalaya_Sukaresik
Tasikmalaya,Tanjungjaya,0.5774985068680889,Tasikmalaya_Tanjungjaya
Tasikmalaya,Taraju,0.6168197566623264,Tasikmalaya_Taraju
Tegal,Adiwerna,0.7944221566015683,Tegal_Adiwerna
Tegal,Balapulang,0.6871789112847937,Tegal_Balapulang
Tegal,Bojong,0.680196437712614,Tegal_Bojong
Tegal,Bumijawa,0.6633701239936532,Tegal_Bumijawa
Tegal,Dukuhturi,0.7754563876525955,Tegal_Dukuhturi
Tegal,Dukuhwaru,0.7880799143666792,Tegal_Dukuhwaru
Tegal,Jatinegara,0.742647600112306,Tegal_Jatinegara
Tegal,Kedungbanteng,0.7592895739881038,Tegal_Kedungbanteng
Tegal,Kramat,0.7972250284029694,Tegal_Kramat
Tegal,Lebaksiu,0.701248066476008,Tegal_Lebaksiu
Tegal,Margasari,0.7304625885552354,Tegal_Margasari
Tegal,Pagerbarang,0.7617594701050584,Tegal_Pagerbarang
Tegal,Pangkah,0.7560043575705342,Tegal_Pangkah
Tegal,Slawi,0.752335409035409,Tegal_Slawi
Tegal,Suradadi,0.786428273523862,Tegal_Suradadi
Tegal,Talang,0.795391240295652,Tegal_Talang
Tegal,Tarub,0.7901399499193614,Tegal_Tarub
Tegal,Warureja,0.7986546156457921,Tegal_Warureja
Temanggung,Bansari,0.6098275345569464,Temanggung_Bansari
Temanggung,Bejen,0.6069519088582556,Temanggung_Bejen
Temanggung,Bulu,0.5937849405324634,Temanggung_Bulu
Temanggung,Candiroto,0.6143416369406309,Temanggung_Candiroto
Temanggung,Gemawang,0.5950328767465765,Temanggung_Gemawang
Temanggung,Jumo,0.6005209884714527,Temanggung_Jumo
Temanggung,Kaloran,0.6081894200398844,Temanggung_Kaloran
Temanggung,Kandangan,0.5995533324346792,Temanggung_Kandangan
Temanggung,Kedu,0.5825475976465913,Temanggung_Kedu
Temanggung,Kledung,0.6033096996141112,Temanggung_Kledung
Temanggung,Kranggan,0.5773504947924454,Temanggung_Kranggan
Temanggung,Ngadirejo,0.5960907517319279,Temanggung_Ngadirejo
Temanggung,Parakan,0.5884731110221049,Temanggung_Parakan
Temanggung,Pringsurat,0.5808805660283987,Temanggung_Pringsurat
Temanggung,Selopampang,0.5958753406552163,Temanggung_Selopampang
Temanggung,Temanggung,0.5993169062791354,Temanggung_Temanggung
Temanggung,Tembarak,0.6070400080140019,Temanggung_Tembarak
Temanggung,Tlogomulyo,0.5992021364256654,Temanggung_Tlogomulyo
Temanggung,Tretep,0.6125279545617781,Temanggung_Tretep
Temanggung,Wonoboyo,0.6117698613478025,Temanggung_Wonoboyo
Trenggalek,Bendungan,0.5546923299009213,Trenggalek_Bendungan
Trenggalek,Dongko,0.536287696952171,Trenggalek_Dongko
Trenggalek,Durenan,0.5312006832177114,Trenggalek_Durenan
Trenggalek,Gandusari,0.5293702099328264,Trenggalek_Gandusari
Trenggalek,Kampak,0.5187900244836007,Trenggalek_Kampak
Trenggalek,Karangan,0.5400806077909021,Trenggalek_Karangan
Trenggalek,Munjungan,0.5144867978512716,Trenggalek_Munjungan
Trenggalek,Panggul,0.5357777730525412,Trenggalek_Panggul
Trenggalek,Pogalan,0.5553429243099524,Trenggalek_Pogalan
Trenggalek,Pule,0.5594459729898584,Trenggalek_Pule
Trenggalek,Suruh,0.5368764544279251,Trenggalek_Suruh
Trenggalek,Trenggalek,0.5574154305618702,Trenggalek_Trenggalek
Trenggalek,Tugu,0.5600992620124969,Trenggalek_Tugu
Trenggalek,Watulimo,0.5667569435896059,Trenggalek_Watulimo
Tuban,Bancar,0.6472771676465947,Tuban_Bancar
Tuban,Bangilan,0.6592224339815672,Tuban_Bangilan
Tuban,Grabagan,0.6280539682539683,Tuban_Grabagan
Tuban,Jatirogo,0.6177024673468944,Tuban_Jatirogo
Tuban,Jenu,0.6508769791096413,Tuban_Jenu
Tuban,Kenduruan,0.5935172589278626,Tuban_Kenduruan
Tuban,Kerek,0.6475868053944678,Tuban_Kerek
Tuban,Merakurak,0.663759840692503,Tuban_Merakurak
Tuban,Montong,0.6530137542625934,Tuban_Montong
Tuban,Palang,0.5796154861907957,Tuban_Palang
Tuban,Parengan,0.627072313797314,Tuban_Parengan
Tuban,Plumpang,0.6366997557997561,Tuban_Plumpang
Tuban,Rengel,0.6211602702852702,Tuban_Rengel
Tuban,Semanding,0.6260883744136838,Tuban_Semanding
Tuban,Senori,0.6099298318124945,Tuban_Senori
Tuban,Singgahan,0.6641992349583684,Tuban_Singgahan
Tuban,Soko,0.5921021486683254,Tuban_Soko
Tuban,Tambakboyo,0.6883573959150585,Tuban_Tambakboyo
Tuban,Tuban,0.5659994980939256,Tuban_Tuban
Tuban,Widang,0.5729192183633359,Tuban_Widang
Tulungagung,Bandung,0.5652450078473296,Tulungagung_Bandung
Tulungagung,Besuki,0.5356319345257426,Tulungagung_Besuki
Tulungagung,Boyolangu,0.5815076230958585,Tulungagung_Boyolangu
Tulungagung,Campurdarat,0.5546507375751181,Tulungagung_Campurdarat
Tulungagung,Gondang,0.5345242699251215,Tulungagung_Gondang
Tulungagung,Kalidawir,0.5419434692758224,Tulungagung_Kalidawir
Tulungagung,Karangrejo,0.5494922666342944,Tulungagung_Karangrejo
Tulungagung,Kauman,0.5531864756932094,Tulungagung_Kauman
Tulungagung,Kedungwaru,0.6066098217142337,Tulungagung_Kedungwaru
Tulungagung,Nan,0.5631303645700706,Tulungagung_Nan
Tulungagung,Ngantru,0.5926145101630398,Tulungagung_Ngantru
Tulungagung,Ngunut,0.585208100396336,Tulungagung_Ngunut
Tulungagung,Pagerwojo,0.5444414842982956,Tulungagung_Pagerwojo
Tulungagung,Pakel,0.5696371137032902,Tulungagung_Pakel
Tulungagung,Pucanglaban,0.5363700179335631,Tulungagung_Pucanglaban
Tulungagung,Rejotangan,0.5345250210573741,Tulungagung_Rejotangan
Tulungagung,Sendang,0.5360978488487781,Tulungagung_Sendang
Tulungagung,Sumbergempol,0.5571575176457533,Tulungagung_Sumbergempol
Tulungagung,Tanggunggunung,0.5387662231215639,Tulungagung_Tanggunggunung
Tulungagung,Tulungagung,0.5938212189771009,Tulungagung_Tulungagung
Wonogiri,Baturetno,0.5613270354258746,Wonogiri_Baturetno
Wonogiri,Batuwarno,0.5523190592517218,Wonogiri_Batuwarno
Wonogiri,Bulukerto,0.5356142483763227,Wonogiri_Bulukerto
Wonogiri,Eromoko,0.6152515496371533,Wonogiri_Eromoko
Wonogiri,Girimarto,0.5231654414213237,Wonogiri_Girimarto
Wonogiri,Giritontro,0.5749336273032093,Wonogiri_Giritontro
Wonogiri,Giriwoyo,0.601882512894742,Wonogiri_Giriwoyo
Wonogiri,Jatipurno,0.5772896324263967,Wonogiri_Jatipurno
Wonogiri,Jatiroto,0.5509109118435743,Wonogiri_Jatiroto
Wonogiri,Jatisrono,0.551670278861146,Wonogiri_Jatisrono
Wonogiri,Karangtengah,0.5471792624042625,Wonogiri_Karangtengah
Wonogiri,Kismantoro,0.5522172194248819,Wonogiri_Kismantoro
Wonogiri,Manyaran,0.5959852572264339,Wonogiri_Manyaran
Wonogiri,Ngadirojo,0.5641962220785753,Wonogiri_Ngadirojo
Wonogiri,Nguntoronadi,0.5418629008676226,Wonogiri_Nguntoronadi
Wonogiri,Paranggupito,0.5712263300253237,Wonogiri_Paranggupito
Wonogiri,Pracimantoro,0.616209552891209,Wonogiri_Pracimantoro
Wonogiri,Puhpelem,0.5331011299587927,Wonogiri_Puhpelem
Wonogiri,Purwantoro,0.555215703130719,Wonogiri_Purwantoro
Wonogiri,Selogiri,0.5754247192350138,Wonogiri_Selogiri
Wonogiri,Sidoharjo,0.5536916063125044,Wonogiri_Sidoharjo
Wonogiri,Slogohimo,0.5515694033520658,Wonogiri_Slogohimo
Wonogiri,Tirtomoyo,0.5192567945556337,Wonogiri_Tirtomoyo
Wonogiri,Wonogiri,0.5853546308266899,Wonogiri_Wonogiri
Wonogiri,Wuryantoro,0.5713142923124348,Wonogiri_Wuryantoro
Wonosobo,Garung,0.626020348442407,Wonosobo_Garung
Wonosobo,Kalibawang,0.5947765165690859,Wonosobo_Kalibawang
Wonosobo,Kalikajar,0.6039787136066549,Wonosobo_Kalikajar
Wonosobo,Kaliwiro,0.6006443000927523,Wonosobo_Kaliwiro
Wonosobo,Kejajar,0.6165449183169769,Wonosobo_Kejajar
Wonosobo,Kepil,0.60888287818133,Wonosobo_Kepil
Wonosobo,Kertek,0.61098594656977,Wonosobo_Kertek
Wonosobo,Leksono,0.6244490311803779,Wonosobo_Leksono
Wonosobo,Mojotengah,0.6375553898543838,Wonosobo_Mojotengah
Wonosobo,Sapuran,0.6095483083737727,Wonosobo_Sapuran
Wonosobo,Selomerto,0.5985941194254661,Wonosobo_Selomerto
Wonosobo,Sukoharjo,0.6213617739931206,Wonosobo_Sukoharjo
Wonosobo,Wadaslintang,0.5800415636479106,Wonosobo_Wadaslintang
Wonosobo,Watumalang,0.6444737494359787,Wonosobo_Watumalang
Wonosobo,Wonosobo,0.6148957272947212,Wonosobo_Wonosobo
