WADMKK,WADMKC,probability,JOIN_ID
Adm. Kep. Seribu,Kepulauan Seribu Selatan,0.6826089901928136,Adm. Kep. Seribu_Kepulauan Seribu Selatan
Adm. Kep. Seribu,Kepulauan Seribu Utara,0.7521226035850745,Adm. Kep. Seribu_Kepulauan Seribu Utara
Bandung,Arjasari,0.6720742374774978,Bandung_Arjasari
Bandung,Baleendah,0.6751132977034783,Bandung_Baleendah
Bandung,Banjaran,0.6541756821112956,Bandung_Banjaran
Bandung,Bojongsoang,0.7029894694677298,Bandung_Bojongsoang
Bandung,Cangkuang,0.6647284996221524,Bandung_Cangkuang
Bandung,Cicalengka,0.6252875666816845,Bandung_Cicalengka
Bandung,Cikancung,0.6087676811750338,Bandung_Cikancung
Bandung,Cilengkrang,0.6228059134554588,Bandung_Cilengkrang
Bandung,Cileunyi,0.663036857477038,Bandung_Cileunyi
Bandung,Cimaung,0.6333306224219535,Bandung_Cimaung
Bandung,Cimenyan,0.661920155877983,Bandung_Cimenyan
Bandung,Ciparay,0.6384025731940692,Bandung_Ciparay
Bandung,Ciwidey,0.6170282840654358,Bandung_Ciwidey
Bandung,Dayeuhkolot,0.6862045437209623,Bandung_Dayeuhkolot
Bandung,Ibun,0.6071924824917083,Bandung_Ibun
Bandung,Katapang,0.7199576574201286,Bandung_Katapang
Bandung,Kertasari,0.6388809706976889,Bandung_Kertasari
Bandung,Kutawaringin,0.6554614381748282,Bandung_Kutawaringin
Bandung,Majalaya,0.6713390101299136,Bandung_Majalaya
Bandung,Margaasih,0.7292360571317593,Bandung_Margaasih
Bandung,Margahayu,0.7028079457283114,Bandung_Margahayu
Bandung,Nagreg,0.591713839462911,Bandung_Nagreg
Bandung,Pacet,0.640753679988742,Bandung_Pacet
Bandung,Pameungpeuk,0.7199505949331395,Bandung_Pameungpeuk
Bandung,Pangalengan,0.6386050127890684,Bandung_Pangalengan
Bandung,Paseh,0.6003104391738294,Bandung_Paseh
Bandung,Pasirjambu,0.6021834067806977,Bandung_Pasirjambu
Bandung,Rancabali,0.5913043835249715,Bandung_Rancabali
Bandung,Rancaekek,0.6513076124358729,Bandung_Rancaekek
Bandung,Solokanjeruk,0.6595296988290118,Bandung_Solokanjeruk
Bandung,Soreang,0.6747278931852454,Bandung_Soreang
Bandung Barat,Batujajar,0.6829443425253793,Bandung Barat_Batujajar
Bandung Barat,Cihampelas,0.6672146709070075,Bandung Barat_Cihampelas
Bandung Barat,Cikalongwetan,0.6155959900026512,Bandung Barat_Cikalongwetan
Bandung Barat,Cililin,0.6292928396165233,Bandung Barat_Cililin
Bandung Barat,Cipatat,0.6211298630104781,Bandung Barat_Cipatat
Bandung Barat,Cipeundeuy,0.5738639514186007,Bandung Barat_Cipeundeuy
Bandung Barat,Cipongkor,0.6061488041714048,Bandung Barat_Cipongkor
Bandung Barat,Cisarua,0.6402218845911564,Bandung Barat_Cisarua
Bandung Barat,Gununghalu,0.6161447139805499,Bandung Barat_Gununghalu
Bandung Barat,Lembang,0.6492970776987028,Bandung Barat_Lembang
Bandung Barat,Ngamprah,0.6528439514733628,Bandung Barat_Ngamprah
Bandung Barat,Padalarang,0.6480840608737665,Bandung Barat_Padalarang
Bandung Barat,Parongpong,0.6441149245749084,Bandung Barat_Parongpong
Bandung Barat,Rongga,0.6109942881097731,Bandung Barat_Rongga
Bandung Barat,Saguling,0.6071288789240449,Bandung Barat_Saguling
Bandung Barat,Sindangkerta,0.5982486783770067,Bandung Barat_Sindangkerta
Bangkalan,Arosbaya,0.6804009250553363,Bangkalan_Arosbaya
Bangkalan,Bangkalan,0.7109369773759087,Bangkalan_Bangkalan
Bangkalan,Blega,0.6580948047996033,Bangkalan_Blega
Bangkalan,Burneh,0.6885169534713643,Bangkalan_Burneh
Bangkalan,Galis,0.6391062002162219,Bangkalan_Galis
Bangkalan,Geger,0.6226637809395923,Bangkalan_Geger
Bangkalan,Kamal,0.66423179043179,Bangkalan_Kamal
Bangkalan,Klampis,0.6744198443713147,Bangkalan_Klampis
Bangkalan,Kokop,0.6214271425779537,Bangkalan_Kokop
Bangkalan,Konang,0.6242911672787436,Bangkalan_Konang
Bangkalan,Kwanyar,0.6550830969340252,Bangkalan_Kwanyar
Bangkalan,Labang,0.6497751920594025,Bangkalan_Labang
Bangkalan,Modung,0.6115050654539819,Bangkalan_Modung
Bangkalan,Sepulu,0.651277158738264,Bangkalan_Sepulu
Bangkalan,Socah,0.7108113764030942,Bangkalan_Socah
Bangkalan,Tanah Merah,0.6681278117307525,Bangkalan_Tanah Merah
Bangkalan,Tanjung Bumi,0.6908854795024673,Bangkalan_Tanjung Bumi
Bangkalan,Tragah,0.6643545079791207,Bangkalan_Tragah
Banjarnegara,Banjarmangu,0.6640484301751377,Banjarnegara_Banjarmangu
Banjarnegara,Banjarnegara,0.6794821054867543,Banjarnegara_Banjarnegara
Banjarnegara,Batur,0.6815493439705891,Banjarnegara_Batur
Banjarnegara,Bawang,0.6082146970781692,Banjarnegara_Bawang
Banjarnegara,Kalibening,0.6464980011818248,Banjarnegara_Kalibening
Banjarnegara,Karangkobar,0.6642636712960238,Banjarnegara_Karangkobar
Banjarnegara,Madukara,0.6771035580881605,Banjarnegara_Madukara
Banjarnegara,Mandiraja,0.5562753854438116,Banjarnegara_Mandiraja
Banjarnegara,Pagedongan,0.5969577172827174,Banjarnegara_Pagedongan
Banjarnegara,Pagentan,0.6980680796327855,Banjarnegara_Pagentan
Banjarnegara,Pandanarum,0.6331231676925226,Banjarnegara_Pandanarum
Banjarnegara,Pejawaran,0.6576815773374974,Banjarnegara_Pejawaran
Banjarnegara,Punggelan,0.5763665865629543,Banjarnegara_Punggelan
Banjarnegara,Purwanegara,0.5902132527708428,Banjarnegara_Purwanegara
Banjarnegara,Purworeja Klampok,0.5798780224782599,Banjarnegara_Purworeja Klampok
Banjarnegara,Rakit,0.5691301220470776,Banjarnegara_Rakit
Banjarnegara,Sigaluh,0.6466756069437957,Banjarnegara_Sigaluh
Banjarnegara,Susukan,0.5870781621820373,Banjarnegara_Susukan
Banjarnegara,Wanadadi,0.6214177466324526,Banjarnegara_Wanadadi
Banjarnegara,Wanayasa,0.6407723149399618,Banjarnegara_Wanayasa
Bantul,Bambanglipuro,0.7041986998924781,Bantul_Bambanglipuro
Bantul,Banguntapan,0.7170072544586842,Bantul_Banguntapan
Bantul,Bantul,0.734149701898615,Bantul_Bantul
Bantul,Dlingo,0.5777812866117146,Bantul_Dlingo
Bantul,Imogiri,0.6457239183015195,Bantul_Imogiri
Bantul,Jetis,0.7272375355209312,Bantul_Jetis
Bantul,Kasihan,0.7477188493595629,Bantul_Kasihan
Bantul,Kretek,0.7010308453328572,Bantul_Kretek
Bantul,Pajangan,0.6878469847880584,Bantul_Pajangan
Bantul,Pandak,0.7204562526338543,Bantul_Pandak
Bantul,Piyungan,0.6524229825338335,Bantul_Piyungan
Bantul,Pleret,0.6672203712055628,Bantul_Pleret
Bantul,Pundong,0.6816301504680463,Bantul_Pundong
Bantul,Sanden,0.7361418365441182,Bantul_Sanden
Bantul,Sedayu,0.6931116358901978,Bantul_Sedayu
Bantul,Sewon,0.7519846972773033,Bantul_Sewon
Bantul,Srandakan,0.7280023982046798,Bantul_Srandakan
Banyumas,Ajibarang,0.5884595416470851,Banyumas_Ajibarang
Banyumas,Banyumas,0.5973074227563445,Banyumas_Banyumas
Banyumas,Baturraden,0.5686934222811931,Banyumas_Baturraden
Banyumas,Cilongok,0.6260684065275046,Banyumas_Cilongok
Banyumas,Gumelar,0.5758480333497414,Banyumas_Gumelar
Banyumas,Jatilawang,0.6359165508820684,Banyumas_Jatilawang
Banyumas,Kalibagor,0.6078504055799719,Banyumas_Kalibagor
Banyumas,Karanglewas,0.5797278836574502,Banyumas_Karanglewas
Banyumas,Kebasen,0.6285474841655233,Banyumas_Kebasen
Banyumas,Kedungbanteng,0.6004079167068385,Banyumas_Kedungbanteng
Banyumas,Kembaran,0.6207953375056318,Banyumas_Kembaran
Banyumas,Kemranjen,0.652490109514031,Banyumas_Kemranjen
Banyumas,Lumbir,0.5374988568726233,Banyumas_Lumbir
Banyumas,Patikraja,0.5773311526107193,Banyumas_Patikraja
Banyumas,Pekuncen,0.6129916866262893,Banyumas_Pekuncen
Banyumas,Purwojati,0.5618680452244696,Banyumas_Purwojati
Banyumas,Purwokerto Barat,0.6094029740813025,Banyumas_Purwokerto Barat
Banyumas,Purwokerto Selatan,0.6340366916847946,Banyumas_Purwokerto Selatan
Banyumas,Purwokerto Timur,0.6415959035962561,Banyumas_Purwokerto Timur
Banyumas,Purwokerto Utara,0.6469148932323511,Banyumas_Purwokerto Utara
Banyumas,Rawalo,0.599417665393632,Banyumas_Rawalo
Banyumas,Sokaraja,0.6575943533590588,Banyumas_Sokaraja
Banyumas,Somagede,0.5962252575359439,Banyumas_Somagede
Banyumas,Sumbang,0.607109368309101,Banyumas_Sumbang
Banyumas,Sumpiuh,0.6441142008423795,Banyumas_Sumpiuh
Banyumas,Tambak,0.6477608391713708,Banyumas_Tambak
Banyumas,Wangon,0.5797655713166195,Banyumas_Wangon
Banyuwangi,Bangorejo,0.5061621378965032,Banyuwangi_Bangorejo
Banyuwangi,Banyuwangi,0.5726059276980329,Banyuwangi_Banyuwangi
Banyuwangi,Blimbingsari,0.5031169860840911,Banyuwangi_Blimbingsari
Banyuwangi,Cluring,0.5003048473112715,Banyuwangi_Cluring
Banyuwangi,Gambiran,0.47833502832736585,Banyuwangi_Gambiran
Banyuwangi,Genteng,0.478173095205448,Banyuwangi_Genteng
Banyuwangi,Giri,0.47789314264167193,Banyuwangi_Giri
Banyuwangi,Glagah,0.46493023806259076,Banyuwangi_Glagah
Banyuwangi,Glenmore,0.43917095094448017,Banyuwangi_Glenmore
Banyuwangi,Kabat,0.4650209101356159,Banyuwangi_Kabat
Banyuwangi,Kalibaru,0.47666640075610633,Banyuwangi_Kalibaru
Banyuwangi,Kalipuro,0.4190902307969243,Banyuwangi_Kalipuro
Banyuwangi,Licin,0.4516339885604587,Banyuwangi_Licin
Banyuwangi,Muncar,0.5364788334214806,Banyuwangi_Muncar
Banyuwangi,Pesanggaran,0.4566126385052853,Banyuwangi_Pesanggaran
Banyuwangi,Purwoharjo,0.5444748936486926,Banyuwangi_Purwoharjo
Banyuwangi,Rogojampi,0.48549095871448805,Banyuwangi_Rogojampi
Banyuwangi,Sempu,0.45444098421358486,Banyuwangi_Sempu
Banyuwangi,Siliragung,0.44673788450111984,Banyuwangi_Siliragung
Banyuwangi,Singojuruh,0.47627269087121993,Banyuwangi_Singojuruh
Banyuwangi,Songgon,0.4462540376290373,Banyuwangi_Songgon
Banyuwangi,Srono,0.4958003458529776,Banyuwangi_Srono
Banyuwangi,Tegaldlimo,0.4760107459533928,Banyuwangi_Tegaldlimo
Banyuwangi,Tegalsari,0.4692989768401532,Banyuwangi_Tegalsari
Banyuwangi,Wongsorejo,0.5209790345275638,Banyuwangi_Wongsorejo
Batang,Bandar,0.65964678785461,Batang_Bandar
Batang,Banyuputih,0.7098619341041591,Batang_Banyuputih
Batang,Batang,0.7780686000274238,Batang_Batang
Batang,Bawang,0.654559839833369,Batang_Bawang
Batang,Blado,0.6619642484966012,Batang_Blado
Batang,Gringsing,0.7433243958899132,Batang_Gringsing
Batang,Kandeman,0.7687479919867695,Batang_Kandeman
Batang,Limpung,0.6553886765300899,Batang_Limpung
Batang,Pecalungan,0.634349616768043,Batang_Pecalungan
Batang,Reban,0.6725252605237898,Batang_Reban
Batang,Subah,0.6822662989077124,Batang_Subah
Batang,Tersono,0.6483932293560053,Batang_Tersono
Batang,Tulis,0.6969828890865692,Batang_Tulis
Batang,Warungasem,0.7664321956571959,Batang_Warungasem
Batang,Wonotunggal,0.6318956836526545,Batang_Wonotunggal
Bekasi,Babelan,0.7233152862513036,Bekasi_Babelan
Bekasi,Bojongmangu,0.6979336426138659,Bekasi_Bojongmangu
Bekasi,Cabangbungin,0.7173848340428063,Bekasi_Cabangbungin
Bekasi,Cibarusah,0.7246576443327081,Bekasi_Cibarusah
Bekasi,Cibitung,0.7298687552023735,Bekasi_Cibitung
Bekasi,Cikarang Barat,0.7376564235281996,Bekasi_Cikarang Barat
Bekasi,Cikarang Pusat,0.7506523383460959,Bekasi_Cikarang Pusat
Bekasi,Cikarang Selatan,0.7486424640099056,Bekasi_Cikarang Selatan
Bekasi,Cikarang Timur,0.7365104953937267,Bekasi_Cikarang Timur
Bekasi,Cikarang Utara,0.7518426674012856,Bekasi_Cikarang Utara
Bekasi,Karang Bahagia,0.7277127913433912,Bekasi_Karang Bahagia
Bekasi,Kedung Waringin,0.7366781343337341,Bekasi_Kedung Waringin
Bekasi,Muaragembong,0.6965334915944048,Bekasi_Muaragembong
Bekasi,Pebayuran,0.7268375711559417,Bekasi_Pebayuran
Bekasi,Serang Baru,0.7244588420857639,Bekasi_Serang Baru
Bekasi,Setu,0.7074290507041147,Bekasi_Setu
Bekasi,Sukakarya,0.7445998118564177,Bekasi_Sukakarya
Bekasi,Sukatani,0.7510500150845615,Bekasi_Sukatani
Bekasi,Sukawangi,0.7157580577231506,Bekasi_Sukawangi
Bekasi,Tambelang,0.7398556186313419,Bekasi_Tambelang
Bekasi,Tambun Selatan,0.7048229201894333,Bekasi_Tambun Selatan
Bekasi,Tambun Utara,0.7319959211736572,Bekasi_Tambun Utara
Bekasi,Tarumajaya,0.6899184664044837,Bekasi_Tarumajaya
Blitar,Bakung,0.575677258377187,Blitar_Bakung
Blitar,Binangun,0.5292217484622656,Blitar_Binangun
Blitar,Doko,0.462974652901278,Blitar_Doko
Blitar,Gandusari,0.4740900339856222,Blitar_Gandusari
Blitar,Garum,0.5093585848362162,Blitar_Garum
Blitar,Kademangan,0.569373701574513,Blitar_Kademangan
Blitar,Kanigoro,0.5808048595891845,Blitar_Kanigoro
Blitar,Kesamben,0.5027839215737822,Blitar_Kesamben
Blitar,Nan,0.6123914365914738,Blitar_Nan
Blitar,Nglegok,0.4793302097970829,Blitar_Nglegok
Blitar,Panggungrejo,0.5661864207344081,Blitar_Panggungrejo
Blitar,Ponggok,0.6152913661415981,Blitar_Ponggok
Blitar,Sanankulon,0.629293218666438,Blitar_Sanankulon
Blitar,Selopuro,0.5203077634353949,Blitar_Selopuro
Blitar,Selorejo,0.4753863327590879,Blitar_Selorejo
Blitar,Srengat,0.6492737295384351,Blitar_Srengat
Blitar,Sutojayan,0.566901346641864,Blitar_Sutojayan
Blitar,Talun,0.540382975151783,Blitar_Talun
Blitar,Udanawu,0.6253575956723012,Blitar_Udanawu
Blitar,Wates,0.5029047846288557,Blitar_Wates
Blitar,Wlingi,0.4420221986656568,Blitar_Wlingi
Blitar,Wonodadi,0.6391183071830125,Blitar_Wonodadi
Blitar,Wonotirto,0.5468727833913589,Blitar_Wonotirto
Blora,Banjarejo,0.7023767092823189,Blora_Banjarejo
Blora,Blora,0.6653309812736283,Blora_Blora
Blora,Bogorejo,0.6096705944528759,Blora_Bogorejo
Blora,Cepu,0.7161674917712441,Blora_Cepu
Blora,Japah,0.6663947784680355,Blora_Japah
Blora,Jati,0.6481209957406151,Blora_Jati
Blora,Jepon,0.6603243346961214,Blora_Jepon
Blora,Jiken,0.6268335811393924,Blora_Jiken
Blora,Kedungtuban,0.6833389516838807,Blora_Kedungtuban
Blora,Kradenan,0.6594124045888756,Blora_Kradenan
Blora,Kunduran,0.7059353098320965,Blora_Kunduran
Blora,Ngawen,0.6846335188126584,Blora_Ngawen
Blora,Randublatung,0.6670628444577732,Blora_Randublatung
Blora,Sambong,0.627588462467215,Blora_Sambong
Blora,Todanan,0.6724983433585972,Blora_Todanan
Blora,Tunjungan,0.6915542096285504,Blora_Tunjungan
Bogor,Babakan Madang,0.6232433688458876,Bogor_Babakan Madang
Bogor,Bojong Gede,0.6799141093823725,Bogor_Bojong Gede
Bogor,Caringin,0.5937365971337379,Bogor_Caringin
Bogor,Cariu,0.622746275579677,Bogor_Cariu
Bogor,Ciampea,0.6621440263984382,Bogor_Ciampea
Bogor,Ciawi,0.613613232476158,Bogor_Ciawi
Bogor,Cibinong,0.7109483897571705,Bogor_Cibinong
Bogor,Cibungbulang,0.6562736896325504,Bogor_Cibungbulang
Bogor,Cigombong,0.5984913181694963,Bogor_Cigombong
Bogor,Cigudeg,0.5572447040337178,Bogor_Cigudeg
Bogor,Cijeruk,0.6022589741461305,Bogor_Cijeruk
Bogor,Cileungsi,0.7264213936552811,Bogor_Cileungsi
Bogor,Ciomas,0.67660693297884,Bogor_Ciomas
Bogor,Cisarua,0.6576197898077154,Bogor_Cisarua
Bogor,Ciseeng,0.6617430140283722,Bogor_Ciseeng
Bogor,Citeureup,0.6613398189643964,Bogor_Citeureup
Bogor,Dramaga,0.6567943906893198,Bogor_Dramaga
Bogor,Gunung Putri,0.701194172065531,Bogor_Gunung Putri
Bogor,Gunung Sindur,0.6866130284910337,Bogor_Gunung Sindur
Bogor,Jasinga,0.5248331789125908,Bogor_Jasinga
Bogor,Jonggol,0.6296478488430148,Bogor_Jonggol
Bogor,Kemang,0.6979768153186126,Bogor_Kemang
Bogor,Klapanunggal,0.6685303095090618,Bogor_Klapanunggal
Bogor,Leuwiliang,0.6069659495408773,Bogor_Leuwiliang
Bogor,Leuwisadeng,0.5769746044403584,Bogor_Leuwisadeng
Bogor,Megamendung,0.6052466921041272,Bogor_Megamendung
Bogor,Nanggung,0.6293011515078131,Bogor_Nanggung
Bogor,Pamijahan,0.5866721487338407,Bogor_Pamijahan
Bogor,Parung,0.6779162758475418,Bogor_Parung
Bogor,Parung Panjang,0.6619380480792884,Bogor_Parung Panjang
Bogor,Ranca Bungur,0.6500317138342326,Bogor_Ranca Bungur
Bogor,Rumpin,0.5636817299238724,Bogor_Rumpin
Bogor,Sukajaya,0.6574658847793573,Bogor_Sukajaya
Bogor,Sukamakmur,0.6769447979800196,Bogor_Sukamakmur
Bogor,Sukaraja,0.6461376702960714,Bogor_Sukaraja
Bogor,Tajurhalang,0.6811883991490769,Bogor_Tajurhalang
Bogor,Tamansari,0.6187927119597448,Bogor_Tamansari
Bogor,Tanjungsari,0.6276848515968535,Bogor_Tanjungsari
Bogor,Tenjo,0.6035972779980894,Bogor_Tenjo
Bogor,Tenjolaya,0.6177443582494712,Bogor_Tenjolaya
Bojonegoro,Balen,0.6172177688152923,Bojonegoro_Balen
Bojonegoro,Baureno,0.6364834470826732,Bojonegoro_Baureno
Bojonegoro,Bojonegoro,0.6840222471972471,Bojonegoro_Bojonegoro
Bojonegoro,Bubulan,0.6443585872083147,Bojonegoro_Bubulan
Bojonegoro,Dander,0.6769106268860134,Bojonegoro_Dander
Bojonegoro,Gayam,0.6578488427731836,Bojonegoro_Gayam
Bojonegoro,Gondang,0.6291338856027308,Bojonegoro_Gondang
Bojonegoro,Kalitidu,0.6548699804495465,Bojonegoro_Kalitidu
Bojonegoro,Kanor,0.6247378772586203,Bojonegoro_Kanor
Bojonegoro,Kapas,0.6468750589108172,Bojonegoro_Kapas
Bojonegoro,Kasiman,0.694798496387543,Bojonegoro_Kasiman
Bojonegoro,Kedewan,0.5933122873351572,Bojonegoro_Kedewan
Bojonegoro,Kedungadem,0.6255221332082389,Bojonegoro_Kedungadem
Bojonegoro,Kepohbaru,0.6481365908944858,Bojonegoro_Kepohbaru
Bojonegoro,Malo,0.6493620792099489,Bojonegoro_Malo
Bojonegoro,Margomulyo,0.6218904897390193,Bojonegoro_Margomulyo
Bojonegoro,Ngambon,0.6494338713067409,Bojonegoro_Ngambon
Bojonegoro,Ngasem,0.6741671666568722,Bojonegoro_Ngasem
Bojonegoro,Ngraho,0.6920076130878361,Bojonegoro_Ngraho
Bojonegoro,Padangan,0.6844883232273696,Bojonegoro_Padangan
Bojonegoro,Purwosari,0.6638534802925268,Bojonegoro_Purwosari
Bojonegoro,Sekar,0.6123332617855435,Bojonegoro_Sekar
Bojonegoro,Sugihwaras,0.5955573758285059,Bojonegoro_Sugihwaras
Bojonegoro,Sukosewu,0.6690642282897702,Bojonegoro_Sukosewu
Bojonegoro,Sumberejo,0.6414407985547306,Bojonegoro_Sumberejo
Bojonegoro,Tambakrejo,0.6295878681269146,Bojonegoro_Tambakrejo
Bojonegoro,Temayang,0.6194875439412963,Bojonegoro_Temayang
Bojonegoro,Trucuk,0.6875074147472752,Bojonegoro_Trucuk
Bondowoso,Binakal,0.43766776295599796,Bondowoso_Binakal
Bondowoso,Bondowoso,0.5719027069679545,Bondowoso_Bondowoso
Bondowoso,Botolinggo,0.4854510930246221,Bondowoso_Botolinggo
Bondowoso,Cermee,0.5216318883730646,Bondowoso_Cermee
Bondowoso,Curahdami,0.46572957075604104,Bondowoso_Curahdami
Bondowoso,Grujugan,0.4375035737138674,Bondowoso_Grujugan
Bondowoso,Jambesari Darus Sholah,0.4817832563987731,Bondowoso_Jambesari Darus Sholah
Bondowoso,Klabang,0.4741152606088734,Bondowoso_Klabang
Bondowoso,Maesan,0.4230750292191466,Bondowoso_Maesan
Bondowoso,Pakem,0.4562368580765635,Bondowoso_Pakem
Bondowoso,Prajekan,0.5465608212049387,Bondowoso_Prajekan
Bondowoso,Pujer,0.47506999988404625,Bondowoso_Pujer
Bondowoso,Sempol,0.5053929443105909,Bondowoso_Sempol
Bondowoso,Sukosari,0.5185841285658218,Bondowoso_Sukosari
Bondowoso,Sumberwringin,0.4504450554347611,Bondowoso_Sumberwringin
Bondowoso,Taman Krocok,0.49064518009599106,Bondowoso_Taman Krocok
Bondowoso,Tamanan,0.4879772734927902,Bondowoso_Tamanan
Bondowoso,Tapen,0.5336157653500901,Bondowoso_Tapen
Bondowoso,Tegalampel,0.5224288780191253,Bondowoso_Tegalampel
Bondowoso,Tenggarang,0.5422078941784044,Bondowoso_Tenggarang
Bondowoso,Tlogosari,0.43470636567683624,Bondowoso_Tlogosari
Bondowoso,Wonosari,0.543861613996598,Bondowoso_Wonosari
Bondowoso,Wringin,0.4802805960379487,Bondowoso_Wringin
Boyolali,Ampel,0.6340079830137477,Boyolali_Ampel
Boyolali,Andong,0.6869903844120214,Boyolali_Andong
Boyolali,Banyudono,0.6850658279199666,Boyolali_Banyudono
Boyolali,Boyolali,0.6809484611564344,Boyolali_Boyolali
Boyolali,Cepogo,0.5999457530132973,Boyolali_Cepogo
Boyolali,Gladagsari,0.648634062952871,Boyolali_Gladagsari
Boyolali,Juwangi,0.6917903353125134,Boyolali_Juwangi
Boyolali,Karanggede,0.6495213501009588,Boyolali_Karanggede
Boyolali,Kemusu,0.7002795527943781,Boyolali_Kemusu
Boyolali,Klego,0.6439138054354424,Boyolali_Klego
Boyolali,Mojosongo,0.6486517507174993,Boyolali_Mojosongo
Boyolali,Musuk,0.6187519912195353,Boyolali_Musuk
Boyolali,Ngemplak,0.7027048397079724,Boyolali_Ngemplak
Boyolali,Nogosari,0.6961043506650736,Boyolali_Nogosari
Boyolali,Sambi,0.6855901186150168,Boyolali_Sambi
Boyolali,Sawit,0.6798441577600611,Boyolali_Sawit
Boyolali,Selo,0.6348820793155929,Boyolali_Selo
Boyolali,Simo,0.6594642091568563,Boyolali_Simo
Boyolali,Tamansari,0.5756028902602954,Boyolali_Tamansari
Boyolali,Teras,0.6724303782990683,Boyolali_Teras
Boyolali,Wonosamodro,0.600716639039746,Boyolali_Wonosamodro
Boyolali,Wonosegoro,0.6401764150824167,Boyolali_Wonosegoro
Brebes,Banjarharjo,0.6168232111881541,Brebes_Banjarharjo
Brebes,Bantarkawung,0.633508802482569,Brebes_Bantarkawung
Brebes,Brebes,0.7018208344305974,Brebes_Brebes
Brebes,Bulakamba,0.7048642390185227,Brebes_Bulakamba
Brebes,Bumiayu,0.6287152391831234,Brebes_Bumiayu
Brebes,Jatibarang,0.7005910052433536,Brebes_Jatibarang
Brebes,Kersana,0.7203372042989689,Brebes_Kersana
Brebes,Ketanggungan,0.6159874148293706,Brebes_Ketanggungan
Brebes,Larangan,0.6666709758981695,Brebes_Larangan
Brebes,Losari,0.7095778776846376,Brebes_Losari
Brebes,Paguyangan,0.6745006438111752,Brebes_Paguyangan
Brebes,Salem,0.6212770021965119,Brebes_Salem
Brebes,Sirampog,0.6832333405156932,Brebes_Sirampog
Brebes,Songgom,0.7247437297032763,Brebes_Songgom
Brebes,Tanjung,0.7176081725807731,Brebes_Tanjung
Brebes,Tonjong,0.6080791196705707,Brebes_Tonjong
Brebes,Wanasari,0.7130042649559276,Brebes_Wanasari
Ciamis,Banjaranyar,0.5113016023192495,Ciamis_Banjaranyar
Ciamis,Banjarsari,0.5335512448335982,Ciamis_Banjarsari
Ciamis,Baregbeg,0.5551232431073039,Ciamis_Baregbeg
Ciamis,Ciamis,0.5877070016990273,Ciamis_Ciamis
Ciamis,Cidolog,0.48639413217501437,Ciamis_Cidolog
Ciamis,Cihaurbeuti,0.5946833610938923,Ciamis_Cihaurbeuti
Ciamis,Cijeungjing,0.521203648802178,Ciamis_Cijeungjing
Ciamis,Cikoneng,0.5928068948356924,Ciamis_Cikoneng
Ciamis,Cimaragas,0.4966651697975225,Ciamis_Cimaragas
Ciamis,Cipaku,0.5695863764565829,Ciamis_Cipaku
Ciamis,Cisaga,0.5001500329735622,Ciamis_Cisaga
Ciamis,Jatinagara,0.6095723778219184,Ciamis_Jatinagara
Ciamis,Kawali,0.6280067996073411,Ciamis_Kawali
Ciamis,Lakbok,0.5435247902424376,Ciamis_Lakbok
Ciamis,Lumbung,0.5761627297644376,Ciamis_Lumbung
Ciamis,Pamarican,0.5359659415747652,Ciamis_Pamarican
Ciamis,Panawangan,0.6144429964275987,Ciamis_Panawangan
Ciamis,Panjalu,0.5916903310846862,Ciamis_Panjalu
Ciamis,Panumbangan,0.611525202748969,Ciamis_Panumbangan
Ciamis,Purwadadi,0.5352119019869024,Ciamis_Purwadadi
Ciamis,Rajadesa,0.6110255725116455,Ciamis_Rajadesa
Ciamis,Rancah,0.5706261663622394,Ciamis_Rancah
Ciamis,Sadananya,0.580469503723339,Ciamis_Sadananya
Ciamis,Sindangkasih,0.5977234412244897,Ciamis_Sindangkasih
Ciamis,Sukadana,0.5084639636612596,Ciamis_Sukadana
Ciamis,Sukamantri,0.67333493256164,Ciamis_Sukamantri
Ciamis,Tambaksari,0.5530972524656786,Ciamis_Tambaksari
Cianjur,Agrabinta,0.6112844727168254,Cianjur_Agrabinta
Cianjur,Bojongpicung,0.5984123110654896,Cianjur_Bojongpicung
Cianjur,Campaka,0.6091939101747926,Cianjur_Campaka
Cianjur,Campakamulya,0.6201843361231131,Cianjur_Campakamulya
Cianjur,Cianjur,0.6598375964559782,Cianjur_Cianjur
Cianjur,Cibeber,0.5976480989169066,Cianjur_Cibeber
Cianjur,Cibinong,0.578177426005367,Cianjur_Cibinong
Cianjur,Cidaun,0.6124761042878689,Cianjur_Cidaun
Cianjur,Cijati,0.5806570437732201,Cianjur_Cijati
Cianjur,Cikadu,0.5800351535719181,Cianjur_Cikadu
Cianjur,Cikalongkulon,0.5853864071801032,Cianjur_Cikalongkulon
Cianjur,Cilaku,0.6324434596964784,Cianjur_Cilaku
Cianjur,Cipanas,0.6705594805521279,Cianjur_Cipanas
Cianjur,Ciranjang,0.6219063849654459,Cianjur_Ciranjang
Cianjur,Cugenang,0.6050884704734548,Cianjur_Cugenang
Cianjur,Gekbrong,0.6108076106994433,Cianjur_Gekbrong
Cianjur,Haurwangi,0.6019524890591509,Cianjur_Haurwangi
Cianjur,Kadupandak,0.6171989365315267,Cianjur_Kadupandak
Cianjur,Karangtengah,0.6629854246445238,Cianjur_Karangtengah
Cianjur,Leles,0.567769362989951,Cianjur_Leles
Cianjur,Mande,0.5776428089482695,Cianjur_Mande
Cianjur,Naringgul,0.5634948935051874,Cianjur_Naringgul
Cianjur,Pacet,0.6319286946713419,Cianjur_Pacet
Cianjur,Pagelaran,0.6278407197377784,Cianjur_Pagelaran
Cianjur,Pasirkuda,0.6110779468897115,Cianjur_Pasirkuda
Cianjur,Sindangbarang,0.571853506950566,Cianjur_Sindangbarang
Cianjur,Sukaluyu,0.6356227704442107,Cianjur_Sukaluyu
Cianjur,Sukanagara,0.6344228812037632,Cianjur_Sukanagara
Cianjur,Sukaresmi,0.6042134252677643,Cianjur_Sukaresmi
Cianjur,Takokak,0.5787378352841624,Cianjur_Takokak
Cianjur,Tanggeung,0.6167518261150613,Cianjur_Tanggeung
Cianjur,Warungkondang,0.6003587144976059,Cianjur_Warungkondang
Cilacap,Adipala,0.7081548694167891,Cilacap_Adipala
Cilacap,Bantarsari,0.5762776619149682,Cilacap_Bantarsari
Cilacap,Binangun,0.7242449238068434,Cilacap_Binangun
Cilacap,Cilacap Selatan,0.6159708177787127,Cilacap_Cilacap Selatan
Cilacap,Cilacap Tengah,0.6946085609359978,Cilacap_Cilacap Tengah
Cilacap,Cilacap Utara,0.6954237227856425,Cilacap_Cilacap Utara
Cilacap,Cimanggu,0.6015172353895314,Cilacap_Cimanggu
Cilacap,Cipari,0.5330999742087982,Cilacap_Cipari
Cilacap,Dayeuhluhur,0.6037260343047544,Cilacap_Dayeuhluhur
Cilacap,Gandrungmangu,0.6045871339788523,Cilacap_Gandrungmangu
Cilacap,Jeruklegi,0.6029949480095367,Cilacap_Jeruklegi
Cilacap,Kampung Laut,0.6436705008441852,Cilacap_Kampung Laut
Cilacap,Karangpucung,0.5628072546839624,Cilacap_Karangpucung
Cilacap,Kawunganten,0.671450370355479,Cilacap_Kawunganten
Cilacap,Kedungreja,0.5986726284551365,Cilacap_Kedungreja
Cilacap,Kesugihan,0.686206873845109,Cilacap_Kesugihan
Cilacap,Kroya,0.7020670461289656,Cilacap_Kroya
Cilacap,Majenang,0.602592056320235,Cilacap_Majenang
Cilacap,Maos,0.6896234395721239,Cilacap_Maos
Cilacap,Nusawungu,0.6941984116588606,Cilacap_Nusawungu
Cilacap,Patimuan,0.6162756290493135,Cilacap_Patimuan
Cilacap,Sampang,0.6884262848262851,Cilacap_Sampang
Cilacap,Sidareja,0.5518816937964002,Cilacap_Sidareja
Cilacap,Wanareja,0.5743106888315144,Cilacap_Wanareja
Cirebon,Arjawinangun,0.7060105295700757,Cirebon_Arjawinangun
Cirebon,Astanajapura,0.7131082162721744,Cirebon_Astanajapura
Cirebon,Babakan,0.6853570409018815,Cirebon_Babakan
Cirebon,Beber,0.6426092042050298,Cirebon_Beber
Cirebon,Ciledug,0.6903380991344104,Cirebon_Ciledug
Cirebon,Ciwaringin,0.7088621885320291,Cirebon_Ciwaringin
Cirebon,Depok,0.6413697606315254,Cirebon_Depok
Cirebon,Dukupuntang,0.5980000293929139,Cirebon_Dukupuntang
Cirebon,Gebang,0.7297017861010384,Cirebon_Gebang
Cirebon,Gegesik,0.694612267557004,Cirebon_Gegesik
Cirebon,Gempol,0.6239865818220304,Cirebon_Gempol
Cirebon,Greged,0.6230598338385545,Cirebon_Greged
Cirebon,Gunung Jati,0.7243000131944666,Cirebon_Gunung Jati
Cirebon,Jamblang,0.7044324798420261,Cirebon_Jamblang
Cirebon,Kaliwedi,0.6784676271164927,Cirebon_Kaliwedi
Cirebon,Kapetakan,0.6875092176657194,Cirebon_Kapetakan
Cirebon,Karangsembung,0.6831762769547859,Cirebon_Karangsembung
Cirebon,Karangwareng,0.62930012510526,Cirebon_Karangwareng
Cirebon,Kedawung,0.706460688922248,Cirebon_Kedawung
Cirebon,Klangenan,0.6965010222473331,Cirebon_Klangenan
Cirebon,Lemahabang,0.6706510055090817,Cirebon_Lemahabang
Cirebon,Losari,0.6645158251105618,Cirebon_Losari
Cirebon,Mundu,0.7064740248476183,Cirebon_Mundu
Cirebon,Pabedilan,0.7247841304120717,Cirebon_Pabedilan
Cirebon,Pabuaran,0.6774353972887256,Cirebon_Pabuaran
Cirebon,Palimanan,0.6585077973349912,Cirebon_Palimanan
Cirebon,Pangenan,0.7437947964469901,Cirebon_Pangenan
Cirebon,Panguragan,0.6797438958959855,Cirebon_Panguragan
Cirebon,Pasaleman,0.5765211832629016,Cirebon_Pasaleman
Cirebon,Plered,0.7350608329646517,Cirebon_Plered
Cirebon,Plumbon,0.6642809182629107,Cirebon_Plumbon
Cirebon,Sedong,0.6238312190675621,Cirebon_Sedong
Cirebon,Sumber,0.6340098653086318,Cirebon_Sumber
Cirebon,Suranenggala,0.6879582576608113,Cirebon_Suranenggala
Cirebon,Susukan,0.6805209799040554,Cirebon_Susukan
Cirebon,Susukan Lebak,0.6848005032335794,Cirebon_Susukan Lebak
Cirebon,Talun,0.6572825092349404,Cirebon_Talun
Cirebon,Tengah Tani,0.7074963233514578,Cirebon_Tengah Tani
Cirebon,Waled,0.6675558499359847,Cirebon_Waled
Cirebon,Weru,0.6678849155727906,Cirebon_Weru
Demak,Bonang,0.7400800889789376,Demak_Bonang
Demak,Demak,0.7281517529358956,Demak_Demak
Demak,Dempet,0.7534086232757387,Demak_Dempet
Demak,Gajah,0.7397755252334299,Demak_Gajah
Demak,Guntur,0.7658589296993592,Demak_Guntur
Demak,Karanganyar,0.7434750434120404,Demak_Karanganyar
Demak,Karangawen,0.756407152391208,Demak_Karangawen
Demak,Karangtengah,0.7552926354691059,Demak_Karangtengah
Demak,Kebonagung,0.7496958207494855,Demak_Kebonagung
Demak,Mijen,0.7507363321233289,Demak_Mijen
Demak,Mranggen,0.7867291811278654,Demak_Mranggen
Demak,Sayung,0.7349183744360218,Demak_Sayung
Demak,Wedung,0.7665950317159396,Demak_Wedung
Demak,Wonosalam,0.7315425178898962,Demak_Wonosalam
Garut,Banjarwangi,0.5944971385167976,Garut_Banjarwangi
Garut,Banyuresmi,0.6063678537149126,Garut_Banyuresmi
Garut,Bayongbong,0.6561183843074712,Garut_Bayongbong
Garut,Bl. Limbangan,0.6150532944180004,Garut_Bl. Limbangan
Garut,Bungbulang,0.6016967272923152,Garut_Bungbulang
Garut,Caringin,0.6190175995573054,Garut_Caringin
Garut,Cibalong,0.5373907644642937,Garut_Cibalong
Garut,Cibatu,0.6131806349223534,Garut_Cibatu
Garut,Cibiuk,0.5935480870780411,Garut_Cibiuk
Garut,Cigedug,0.6387823596338301,Garut_Cigedug
Garut,Cihurip,0.5915262299791708,Garut_Cihurip
Garut,Cikajang,0.6356895792116383,Garut_Cikajang
Garut,Cikelet,0.5925753542209422,Garut_Cikelet
Garut,Cilawu,0.6641505404725992,Garut_Cilawu
Garut,Cisewu,0.5790718647365705,Garut_Cisewu
Garut,Cisompet,0.5762405416478944,Garut_Cisompet
Garut,Cisurupan,0.6687019795563914,Garut_Cisurupan
Garut,Garut Kota,0.6427851661410485,Garut_Garut Kota
Garut,Kadungora,0.5892861950141364,Garut_Kadungora
Garut,Karangpawitan,0.6369923266276207,Garut_Karangpawitan
Garut,Karangtengah,0.6097883835119129,Garut_Karangtengah
Garut,Kersamanah,0.627231582469818,Garut_Kersamanah
Garut,Leles,0.6141349047409423,Garut_Leles
Garut,Leuwigoong,0.5971205306131778,Garut_Leuwigoong
Garut,Malangbong,0.6185941741265275,Garut_Malangbong
Garut,Mekarmukti,0.5908090172898997,Garut_Mekarmukti
Garut,Pakenjeng,0.5913554692039985,Garut_Pakenjeng
Garut,Pameungpeuk,0.5520992169595111,Garut_Pameungpeuk
Garut,Pamulihan,0.6090689253556901,Garut_Pamulihan
Garut,Pangatikan,0.6192678682428678,Garut_Pangatikan
Garut,Pasirwangi,0.6553477209065441,Garut_Pasirwangi
Garut,Peundeuy,0.5390176991309342,Garut_Peundeuy
Garut,Samarang,0.627538529607647,Garut_Samarang
Garut,Selaawi,0.5971660156836632,Garut_Selaawi
Garut,Singajaya,0.6144837073057663,Garut_Singajaya
Garut,Sucinaraja,0.6316622645328523,Garut_Sucinaraja
Garut,Sukaresmi,0.6601323947294536,Garut_Sukaresmi
Garut,Sukawening,0.5938253598053134,Garut_Sukawening
Garut,Talegong,0.5954557249939602,Garut_Talegong
Garut,Tarogong Kaler,0.6261222385801332,Garut_Tarogong Kaler
Garut,Tarogong Kidul,0.6458265894751966,Garut_Tarogong Kidul
Garut,Wanaraja,0.6127523117405467,Garut_Wanaraja
Gresik,Balongpanggang,0.6147966221686811,Gresik_Balongpanggang
Gresik,Benjeng,0.5862522549346075,Gresik_Benjeng
Gresik,Bungah,0.6587274547691734,Gresik_Bungah
Gresik,Cerme,0.6365299534143193,Gresik_Cerme
Gresik,Driyorejo,0.6218268499474381,Gresik_Driyorejo
Gresik,Duduksampeyan,0.6581000767550307,Gresik_Duduksampeyan
Gresik,Dukun,0.6418252724399786,Gresik_Dukun
Gresik,Gresik,0.6587572770023232,Gresik_Gresik
Gresik,Kebomas,0.6759346804468319,Gresik_Kebomas
Gresik,Kedamean,0.6227949274323885,Gresik_Kedamean
Gresik,Manyar,0.6257869754772233,Gresik_Manyar
Gresik,Menganti,0.6299068101575068,Gresik_Menganti
Gresik,Panceng,0.5870310430883185,Gresik_Panceng
Gresik,Sangkapura,0.7452954098648751,Gresik_Sangkapura
Gresik,Sidayu,0.5909110471228117,Gresik_Sidayu
Gresik,Tambak,0.7203104171442832,Gresik_Tambak
Gresik,Ujungpangkah,0.6011253129223716,Gresik_Ujungpangkah
Gresik,Wringinanom,0.6153263321645679,Gresik_Wringinanom
Grobogan,Brati,0.7269481997448718,Grobogan_Brati
Grobogan,Gabus,0.6785118892382416,Grobogan_Gabus
Grobogan,Geyer,0.6604601356160175,Grobogan_Geyer
Grobogan,Godong,0.759029985269176,Grobogan_Godong
Grobogan,Grobogan,0.7272459998472754,Grobogan_Grobogan
Grobogan,Gubug,0.7431651739534095,Grobogan_Gubug
Grobogan,Karangrayung,0.712188087060028,Grobogan_Karangrayung
Grobogan,Kedungjati,0.6853168076963387,Grobogan_Kedungjati
Grobogan,Klambu,0.7519387243371257,Grobogan_Klambu
Grobogan,Kradenan,0.6834324925857028,Grobogan_Kradenan
Grobogan,Ngaringan,0.6898228389696255,Grobogan_Ngaringan
Grobogan,Penawangan,0.7551601871984222,Grobogan_Penawangan
Grobogan,Pulokulon,0.7110221543944825,Grobogan_Pulokulon
Grobogan,Purwodadi,0.7578863052925746,Grobogan_Purwodadi
Grobogan,Tanggungharjo,0.7327159782864487,Grobogan_Tanggungharjo
Grobogan,Tawangharjo,0.707723556913532,Grobogan_Tawangharjo
Grobogan,Tegowanu,0.7751413113699758,Grobogan_Tegowanu
Grobogan,Toroh,0.7107229173226448,Grobogan_Toroh
Grobogan,Wirosari,0.6769848519910039,Grobogan_Wirosari
Gunungkidul,Gedangsari,0.580229940795508,Gunungkidul_Gedangsari
Gunungkidul,Girisubo,0.5692430739195442,Gunungkidul_Girisubo
Gunungkidul,Karangmojo,0.5933797192315765,Gunungkidul_Karangmojo
Gunungkidul,Ngawen,0.5875745564892623,Gunungkidul_Ngawen
Gunungkidul,Nglipar,0.5656119463869463,Gunungkidul_Nglipar
Gunungkidul,Paliyan,0.6197871235412624,Gunungkidul_Paliyan
Gunungkidul,Panggang,0.6028696808036237,Gunungkidul_Panggang
Gunungkidul,Patuk,0.5467865819699511,Gunungkidul_Patuk
Gunungkidul,Playen,0.610869093927258,Gunungkidul_Playen
Gunungkidul,Ponjong,0.5687020888047574,Gunungkidul_Ponjong
Gunungkidul,Purwosari,0.6400942066046205,Gunungkidul_Purwosari
Gunungkidul,Rongkop,0.5648899101844145,Gunungkidul_Rongkop
Gunungkidul,Saptosari,0.5720674881619925,Gunungkidul_Saptosari
Gunungkidul,Semanu,0.5991216848167308,Gunungkidul_Semanu
Gunungkidul,Semin,0.556351203303061,Gunungkidul_Semin
Gunungkidul,Tanjungsari,0.5615380385266607,Gunungkidul_Tanjungsari
Gunungkidul,Tepus,0.5534201823632167,Gunungkidul_Tepus
Gunungkidul,Wonosari,0.6475681624370075,Gunungkidul_Wonosari
Indramayu,Anjatan,0.6222500863859219,Indramayu_Anjatan
Indramayu,Arahan,0.6576511130768098,Indramayu_Arahan
Indramayu,Balongan,0.6793103971278122,Indramayu_Balongan
Indramayu,Bangodua,0.5873481337357769,Indramayu_Bangodua
Indramayu,Bongas,0.5973917086525448,Indramayu_Bongas
Indramayu,Cantigi,0.6642058307447626,Indramayu_Cantigi
Indramayu,Cikedung,0.6185179288013922,Indramayu_Cikedung
Indramayu,Gabuswetan,0.5789205689305531,Indramayu_Gabuswetan
Indramayu,Gantar,0.6110483597413936,Indramayu_Gantar
Indramayu,Haurgeulis,0.5839376446118973,Indramayu_Haurgeulis
Indramayu,Indramayu,0.6765127477355808,Indramayu_Indramayu
Indramayu,Jatibarang,0.6657709594584982,Indramayu_Jatibarang
Indramayu,Juntinyuat,0.6703905478766162,Indramayu_Juntinyuat
Indramayu,Kandanghaur,0.6787054130853666,Indramayu_Kandanghaur
Indramayu,Karangampel,0.6790474047881941,Indramayu_Karangampel
Indramayu,Kedokan Bunder,0.6937269071553391,Indramayu_Kedokan Bunder
Indramayu,Kertasemaya,0.6691283981584292,Indramayu_Kertasemaya
Indramayu,Krangkeng,0.664935721880459,Indramayu_Krangkeng
Indramayu,Kroya,0.5590103160427465,Indramayu_Kroya
Indramayu,Lelea,0.6178831170359302,Indramayu_Lelea
Indramayu,Lohbener,0.6473434604696993,Indramayu_Lohbener
Indramayu,Losarang,0.6400519601810889,Indramayu_Losarang
Indramayu,Pasekan,0.5989713167895054,Indramayu_Pasekan
Indramayu,Patrol,0.6800196246907546,Indramayu_Patrol
Indramayu,Sindang,0.6323853481056272,Indramayu_Sindang
Indramayu,Sliyeg,0.6515691350187479,Indramayu_Sliyeg
Indramayu,Sukagumiwang,0.6835584680694855,Indramayu_Sukagumiwang
Indramayu,Sukra,0.679237282033412,Indramayu_Sukra
Indramayu,Terisi,0.554668828711708,Indramayu_Terisi
Indramayu,Tukdana,0.6556500405492933,Indramayu_Tukdana
Indramayu,Widasari,0.6276103736992281,Indramayu_Widasari
Jember,Ajung,0.5430828649171898,Jember_Ajung
Jember,Ambulu,0.5662618597175098,Jember_Ambulu
Jember,Arjasa,0.44565764642223477,Jember_Arjasa
Jember,Balung,0.5176319186756091,Jember_Balung
Jember,Bangsalsari,0.4466105815589936,Jember_Bangsalsari
Jember,Gumukmas,0.5479190508674625,Jember_Gumukmas
Jember,Jelbuk,0.40765122802034554,Jember_Jelbuk
Jember,Jenggawah,0.5444947410776358,Jember_Jenggawah
Jember,Jombang,0.5089915732272542,Jember_Jombang
Jember,Kalisat,0.4593343683587089,Jember_Kalisat
Jember,Kaliwates,0.5859725466913546,Jember_Kaliwates
Jember,Kencong,0.5247500658535086,Jember_Kencong
Jember,Ledokombo,0.4372449916096974,Jember_Ledokombo
Jember,Mayang,0.4451717351619828,Jember_Mayang
Jember,Mumbulsari,0.4758586882415832,Jember_Mumbulsari
Jember,Pakusari,0.5108379322784491,Jember_Pakusari
Jember,Panti,0.4455953812527339,Jember_Panti
Jember,Patrang,0.5368134064421984,Jember_Patrang
Jember,Puger,0.4899401377432339,Jember_Puger
Jember,Rambipuji,0.5356369713113119,Jember_Rambipuji
Jember,Semboro,0.5321413910401896,Jember_Semboro
Jember,Silo,0.43298861387150833,Jember_Silo
Jember,Sukorambi,0.4574578948322356,Jember_Sukorambi
Jember,Sukowono,0.4783524821077047,Jember_Sukowono
Jember,Sumberbaru,0.4395919235992765,Jember_Sumberbaru
Jember,Sumberjambe,0.4321731556369324,Jember_Sumberjambe
Jember,Sumbersari,0.5775120690463941,Jember_Sumbersari
Jember,Tanggul,0.45105474920676125,Jember_Tanggul
Jember,Tempurejo,0.48967141809858533,Jember_Tempurejo
Jember,Umbulsari,0.5040584140498598,Jember_Umbulsari
Jember,Wuluhan,0.5440553897083312,Jember_Wuluhan
Jepara,Bangsri,0.7440661504011727,Jepara_Bangsri
Jepara,Batealit,0.7549487756190918,Jepara_Batealit
Jepara,Donorojo,0.7795415300868463,Jepara_Donorojo
Jepara,Jepara,0.8220260413133476,Jepara_Jepara
Jepara,Kalinyamatan,0.8321982887530198,Jepara_Kalinyamatan
Jepara,Karimunjawa,0.6080914232825998,Jepara_Karimunjawa
Jepara,Kedung,0.7906453759795189,Jepara_Kedung
Jepara,Keling,0.716490589970891,Jepara_Keling
Jepara,Kembang,0.7194273943720538,Jepara_Kembang
Jepara,Mayong,0.7860895741260819,Jepara_Mayong
Jepara,Mlonggo,0.7690330671478505,Jepara_Mlonggo
Jepara,Nalumsari,0.7471982782340022,Jepara_Nalumsari
Jepara,Pakis Aji,0.7703044704144927,Jepara_Pakis Aji
Jepara,Pecangaan,0.8487599653614357,Jepara_Pecangaan
Jepara,Tahunan,0.8118250256623323,Jepara_Tahunan
Jepara,Welahan,0.8200859772083555,Jepara_Welahan
Jombang,Bandarkedungmulyo,0.6705842480895211,Jombang_Bandarkedungmulyo
Jombang,Bareng,0.49681137248544355,Jombang_Bareng
Jombang,Diwek,0.5639811786252962,Jombang_Diwek
Jombang,Gudo,0.5235165500564107,Jombang_Gudo
Jombang,Jogoroto,0.5764300412006291,Jombang_Jogoroto
Jombang,Jombang,0.5868332879195106,Jombang_Jombang
Jombang,Kabuh,0.5875243596187092,Jombang_Kabuh
Jombang,Kesamben,0.5316407232945929,Jombang_Kesamben
Jombang,Kudu,0.5625811433664373,Jombang_Kudu
Jombang,Megaluh,0.6103817356724579,Jombang_Megaluh
Jombang,Mojoagung,0.5934883376255665,Jombang_Mojoagung
Jombang,Mojowarno,0.5706952906140982,Jombang_Mojowarno
Jombang,Ngoro,0.537708026038289,Jombang_Ngoro
Jombang,Ngusikan,0.5468642282554044,Jombang_Ngusikan
Jombang,Perak,0.6799717550270279,Jombang_Perak
Jombang,Peterongan,0.5365126722606597,Jombang_Peterongan
Jombang,Plandaan,0.5537955260769503,Jombang_Plandaan
Jombang,Ploso,0.5656687200742153,Jombang_Ploso
Jombang,Sumobito,0.546478340656591,Jombang_Sumobito
Jombang,Tembelang,0.5070792131758847,Jombang_Tembelang
Jombang,Wonosalam,0.45891184695077875,Jombang_Wonosalam
Karanganyar,Colomadu,0.6794690906722282,Karanganyar_Colomadu
Karanganyar,Gondangrejo,0.6625977003064876,Karanganyar_Gondangrejo
Karanganyar,Jaten,0.7277502942915631,Karanganyar_Jaten
Karanganyar,Jatipuro,0.5808042664344892,Karanganyar_Jatipuro
Karanganyar,Jatiyoso,0.5772129020704095,Karanganyar_Jatiyoso
Karanganyar,Jenawi,0.5305505676727809,Karanganyar_Jenawi
Karanganyar,Jumantono,0.5865574931097748,Karanganyar_Jumantono
Karanganyar,Jumapolo,0.5640444207246434,Karanganyar_Jumapolo
Karanganyar,Karanganyar,0.645261864295752,Karanganyar_Karanganyar
Karanganyar,Karangpandan,0.5391739312468012,Karanganyar_Karangpandan
Karanganyar,Kebakkramat,0.690007104436708,Karanganyar_Kebakkramat
Karanganyar,Kerjo,0.5668080128017907,Karanganyar_Kerjo
Karanganyar,Matesih,0.5462970656192792,Karanganyar_Matesih
Karanganyar,Mojogedang,0.6317308512378647,Karanganyar_Mojogedang
Karanganyar,Ngargoyoso,0.5482985285354479,Karanganyar_Ngargoyoso
Karanganyar,Tasikmadu,0.7039419378369944,Karanganyar_Tasikmadu
Karanganyar,Tawangmangu,0.592035074505817,Karanganyar_Tawangmangu
Karawang,Banyusari,0.7043577556430501,Karawang_Banyusari
Karawang,Batujaya,0.6765639860998995,Karawang_Batujaya
Karawang,Ciampel,0.6618178001135434,Karawang_Ciampel
Karawang,Cibuaya,0.6568282713760267,Karawang_Cibuaya
Karawang,Cikampek,0.6989701315231376,Karawang_Cikampek
Karawang,Cilamaya Kulon,0.6664172209044604,Karawang_Cilamaya Kulon
Karawang,Cilamaya Wetan,0.6627089715238323,Karawang_Cilamaya Wetan
Karawang,Cilebar,0.6517866299764907,Karawang_Cilebar
Karawang,Jatisari,0.6601390514180256,Karawang_Jatisari
Karawang,Jayakerta,0.6623874902273507,Karawang_Jayakerta
Karawang,Karawang Barat,0.7702518410363881,Karawang_Karawang Barat
Karawang,Karawang Timur,0.7793946025060845,Karawang_Karawang Timur
Karawang,Klari,0.7139717093259936,Karawang_Klari
Karawang,Kota Baru,0.6927424673433457,Karawang_Kota Baru
Karawang,Kutawaluya,0.6970891496790106,Karawang_Kutawaluya
Karawang,Lemahabang,0.7669054602929485,Karawang_Lemahabang
Karawang,Majalaya,0.7180930184090671,Karawang_Majalaya
Karawang,Pakisjaya,0.6790551465906323,Karawang_Pakisjaya
Karawang,Pangkalan,0.6633158827698724,Karawang_Pangkalan
Karawang,Pedes,0.6570553334951942,Karawang_Pedes
Karawang,Purwasari,0.6930476245012893,Karawang_Purwasari
Karawang,Rawamerta,0.7325839853988463,Karawang_Rawamerta
Karawang,Rengasdengklok,0.7122101639588484,Karawang_Rengasdengklok
Karawang,Tegalwaru,0.6091581882275434,Karawang_Tegalwaru
Karawang,Telagasari,0.7547121088062266,Karawang_Telagasari
Karawang,Telukjambe Barat,0.7555432293264608,Karawang_Telukjambe Barat
Karawang,Telukjambe Timur,0.7642915241688734,Karawang_Telukjambe Timur
Karawang,Tempuran,0.672407484122345,Karawang_Tempuran
Karawang,Tirtajaya,0.6435134528612082,Karawang_Tirtajaya
Karawang,Tirtamulya,0.6843614762154507,Karawang_Tirtamulya
Kebumen,Adimulyo,0.6250087589139448,Kebumen_Adimulyo
Kebumen,Alian,0.590023402725807,Kebumen_Alian
Kebumen,Ambal,0.7092013948212088,Kebumen_Ambal
Kebumen,Ayah,0.630473817696114,Kebumen_Ayah
Kebumen,Bonorowo,0.6620234697964575,Kebumen_Bonorowo
Kebumen,Buayan,0.643423037791464,Kebumen_Buayan
Kebumen,Buluspesantren,0.7244608987160073,Kebumen_Buluspesantren
Kebumen,Gombong,0.6959002098606587,Kebumen_Gombong
Kebumen,Karanganyar,0.5867078720748279,Kebumen_Karanganyar
Kebumen,Karanggayam,0.6084604642195248,Kebumen_Karanggayam
Kebumen,Karangsambung,0.6065915484947267,Kebumen_Karangsambung
Kebumen,Kebumen,0.6897646260000748,Kebumen_Kebumen
Kebumen,Klirong,0.7223779239766082,Kebumen_Klirong
Kebumen,Kutowinangun,0.6828199691261612,Kebumen_Kutowinangun
Kebumen,Kuwarasan,0.6682802946451556,Kebumen_Kuwarasan
Kebumen,Mirit,0.7104008953207093,Kebumen_Mirit
Kebumen,Padureso,0.5890603562951137,Kebumen_Padureso
Kebumen,Pejagoan,0.5956842781249178,Kebumen_Pejagoan
Kebumen,Petanahan,0.7248657691723484,Kebumen_Petanahan
Kebumen,Poncowarno,0.5917481162475793,Kebumen_Poncowarno
Kebumen,Prembun,0.7107802629517024,Kebumen_Prembun
Kebumen,Puring,0.7242773540786701,Kebumen_Puring
Kebumen,Rowokele,0.6450417324610874,Kebumen_Rowokele
Kebumen,Sadang,0.6252622000653786,Kebumen_Sadang
Kebumen,Sempor,0.613328556584676,Kebumen_Sempor
Kebumen,Sruweng,0.5828748807378489,Kebumen_Sruweng
Kediri,Badas,0.5509204831116595,Kediri_Badas
Kediri,Banyakan,0.5175184197991846,Kediri_Banyakan
Kediri,Gampengrejo,0.5672346615802497,Kediri_Gampengrejo
Kediri,Grogol,0.5393110154044735,Kediri_Grogol
Kediri,Gurah,0.526634403745549,Kediri_Gurah
Kediri,Kandangan,0.4783972986688531,Kediri_Kandangan
Kediri,Kandat,0.5701756213944293,Kediri_Kandat
Kediri,Kayen Kidul,0.5263812026209085,Kediri_Kayen Kidul
Kediri,Kepung,0.500865441697135,Kediri_Kepung
Kediri,Kras,0.5525566423342736,Kediri_Kras
Kediri,Kunjang,0.5272913934105112,Kediri_Kunjang
Kediri,Mojo,0.49067748660008687,Kediri_Mojo
Kediri,Ngadiluwih,0.5491038403976485,Kediri_Ngadiluwih
Kediri,Ngancar,0.5120563757372956,Kediri_Ngancar
Kediri,Ngasem,0.5727353489218034,Kediri_Ngasem
Kediri,Pagu,0.5522915803924318,Kediri_Pagu
Kediri,Papar,0.5503386804372101,Kediri_Papar
Kediri,Pare,0.5682308707125644,Kediri_Pare
Kediri,Plemahan,0.5348697749103323,Kediri_Plemahan
Kediri,Plosoklaten,0.5154120591396906,Kediri_Plosoklaten
Kediri,Puncu,0.4739276373446252,Kediri_Puncu
Kediri,Purwoasri,0.5182875308729799,Kediri_Purwoasri
Kediri,Ringinrejo,0.5759292493454253,Kediri_Ringinrejo
Kediri,Semen,0.47985961405295735,Kediri_Semen
Kediri,Tarokan,0.5682032965400611,Kediri_Tarokan
Kediri,Wates,0.5563384406013661,Kediri_Wates
Kendal,Boja,0.6288106537358907,Kendal_Boja
Kendal,Brangsong,0.7916486887964709,Kendal_Brangsong
Kendal,Cepiring,0.8177527625005446,Kendal_Cepiring
Kendal,Gemuh,0.8030291154710153,Kendal_Gemuh
Kendal,Kaliwungu,0.8304110115374821,Kendal_Kaliwungu
Kendal,Kaliwungu Selatan,0.7067951786880631,Kendal_Kaliwungu Selatan
Kendal,Kangkung,0.801227521075303,Kendal_Kangkung
Kendal,Kendal,0.8118725721990424,Kendal_Kendal
Kendal,Limbangan,0.6194875774227993,Kendal_Limbangan
Kendal,Ngampel,0.818948402155008,Kendal_Ngampel
Kendal,Pageruyung,0.627471743497523,Kendal_Pageruyung
Kendal,Patean,0.6505402118721427,Kendal_Patean
Kendal,Patebon,0.800926237391667,Kendal_Patebon
Kendal,Pegandon,0.7648661535962893,Kendal_Pegandon
Kendal,Plantungan,0.6443707775903643,Kendal_Plantungan
Kendal,Ringinarum,0.8012846889824713,Kendal_Ringinarum
Kendal,Rowosari,0.7948007761845999,Kendal_Rowosari
Kendal,Singorojo,0.6196125025750464,Kendal_Singorojo
Kendal,Sukorejo,0.6800275211286821,Kendal_Sukorejo
Kendal,Weleri,0.793443736893737,Kendal_Weleri
Klaten,Bayat,0.6755975412978608,Klaten_Bayat
Klaten,Cawas,0.6911371951081028,Klaten_Cawas
Klaten,Ceper,0.6818492100607016,Klaten_Ceper
Klaten,Delanggu,0.6769830484273577,Klaten_Delanggu
Klaten,Gantiwarno,0.679229392992665,Klaten_Gantiwarno
Klaten,Jatinom,0.5889285769288969,Klaten_Jatinom
Klaten,Jogonalan,0.6844325904153271,Klaten_Jogonalan
Klaten,Juwiring,0.7042109257787639,Klaten_Juwiring
Klaten,Kalikotes,0.6920907990702475,Klaten_Kalikotes
Klaten,Karanganom,0.6485873522075132,Klaten_Karanganom
Klaten,Karangdowo,0.6859276759550845,Klaten_Karangdowo
Klaten,Karangnongko,0.5732224729194961,Klaten_Karangnongko
Klaten,Kebonarum,0.6557840796630638,Klaten_Kebonarum
Klaten,Kemalang,0.56466528040624,Klaten_Kemalang
Klaten,Klaten Selatan,0.6914017206420473,Klaten_Klaten Selatan
Klaten,Klaten Tengah,0.6719055899467256,Klaten_Klaten Tengah
Klaten,Klaten Utara,0.6540361804346692,Klaten_Klaten Utara
Klaten,Manisrenggo,0.6492909135154856,Klaten_Manisrenggo
Klaten,Ngawen,0.6441932246030914,Klaten_Ngawen
Klaten,Pedan,0.6869087191895656,Klaten_Pedan
Klaten,Polanharjo,0.671262501507817,Klaten_Polanharjo
Klaten,Prambanan,0.6887775326153405,Klaten_Prambanan
Klaten,Trucuk,0.6852440688568764,Klaten_Trucuk
Klaten,Tulung,0.6239015199130946,Klaten_Tulung
Klaten,Wedi,0.645782081447171,Klaten_Wedi
Klaten,Wonosari,0.692862257780096,Klaten_Wonosari
Kota Adm. Jakarta Barat,Cengkareng,0.6486087558812018,Kota Adm. Jakarta Barat_Cengkareng
Kota Adm. Jakarta Barat,Grogol Petamburan,0.6283876345189039,Kota Adm. Jakarta Barat_Grogol Petamburan
Kota Adm. Jakarta Barat,Kalideres,0.6736343829698586,Kota Adm. Jakarta Barat_Kalideres
Kota Adm. Jakarta Barat,Kebon Jeruk,0.6510134908693327,Kota Adm. Jakarta Barat_Kebon Jeruk
Kota Adm. Jakarta Barat,Kembangan,0.6802306306113681,Kota Adm. Jakarta Barat_Kembangan
Kota Adm. Jakarta Barat,Pal Merah,0.6246515378860682,Kota Adm. Jakarta Barat_Pal Merah
Kota Adm. Jakarta Barat,Taman Sari,0.6289611851015977,Kota Adm. Jakarta Barat_Taman Sari
Kota Adm. Jakarta Barat,Tambora,0.63714686653033,Kota Adm. Jakarta Barat_Tambora
Kota Adm. Jakarta Pusat,Cempaka Putih,0.6480189088001783,Kota Adm. Jakarta Pusat_Cempaka Putih
Kota Adm. Jakarta Pusat,Gambir,0.6605260236686034,Kota Adm. Jakarta Pusat_Gambir
Kota Adm. Jakarta Pusat,Johar Baru,0.636843445097961,Kota Adm. Jakarta Pusat_Johar Baru
Kota Adm. Jakarta Pusat,Kemayoran,0.6355815305591115,Kota Adm. Jakarta Pusat_Kemayoran
Kota Adm. Jakarta Pusat,Menteng,0.6855328829151951,Kota Adm. Jakarta Pusat_Menteng
Kota Adm. Jakarta Pusat,Sawah Besar,0.6426444377002793,Kota Adm. Jakarta Pusat_Sawah Besar
Kota Adm. Jakarta Pusat,Senen,0.6311469258314563,Kota Adm. Jakarta Pusat_Senen
Kota Adm. Jakarta Pusat,Tanah Abang,0.6931362125319145,Kota Adm. Jakarta Pusat_Tanah Abang
Kota Adm. Jakarta Selatan,Cilandak,0.7022115662717422,Kota Adm. Jakarta Selatan_Cilandak
Kota Adm. Jakarta Selatan,Jagakarsa,0.6875169140629256,Kota Adm. Jakarta Selatan_Jagakarsa
Kota Adm. Jakarta Selatan,Kebayoran Baru,0.688352111107024,Kota Adm. Jakarta Selatan_Kebayoran Baru
Kota Adm. Jakarta Selatan,Kebayoran Lama,0.6830495101647946,Kota Adm. Jakarta Selatan_Kebayoran Lama
Kota Adm. Jakarta Selatan,Mampang Prapatan,0.6823959533415008,Kota Adm. Jakarta Selatan_Mampang Prapatan
Kota Adm. Jakarta Selatan,Pancoran,0.6857291869207869,Kota Adm. Jakarta Selatan_Pancoran
Kota Adm. Jakarta Selatan,Pasar Minggu,0.7007994910662457,Kota Adm. Jakarta Selatan_Pasar Minggu
Kota Adm. Jakarta Selatan,Pesanggrahan,0.6640008316312763,Kota Adm. Jakarta Selatan_Pesanggrahan
Kota Adm. Jakarta Selatan,Setiabudi,0.6879696835690745,Kota Adm. Jakarta Selatan_Setiabudi
Kota Adm. Jakarta Selatan,Tebet,0.6641722381677858,Kota Adm. Jakarta Selatan_Tebet
Kota Adm. Jakarta Timur,Cakung,0.6750254363609121,Kota Adm. Jakarta Timur_Cakung
Kota Adm. Jakarta Timur,Cipayung,0.7150253215223392,Kota Adm. Jakarta Timur_Cipayung
Kota Adm. Jakarta Timur,Ciracas,0.6423951575170984,Kota Adm. Jakarta Timur_Ciracas
Kota Adm. Jakarta Timur,Duren Sawit,0.6576295247218118,Kota Adm. Jakarta Timur_Duren Sawit
Kota Adm. Jakarta Timur,Jatinegara,0.6583088349043827,Kota Adm. Jakarta Timur_Jatinegara
Kota Adm. Jakarta Timur,Kramatjati,0.6540848499521369,Kota Adm. Jakarta Timur_Kramatjati
Kota Adm. Jakarta Timur,Makasar,0.7356486167943189,Kota Adm. Jakarta Timur_Makasar
Kota Adm. Jakarta Timur,Matraman,0.6421110705103066,Kota Adm. Jakarta Timur_Matraman
Kota Adm. Jakarta Timur,Pasar Rebo,0.6590562805443977,Kota Adm. Jakarta Timur_Pasar Rebo
Kota Adm. Jakarta Timur,Pulogadung,0.6611200281726091,Kota Adm. Jakarta Timur_Pulogadung
Kota Adm. Jakarta Utara,Cilincing,0.6809142897332018,Kota Adm. Jakarta Utara_Cilincing
Kota Adm. Jakarta Utara,Kelapa Gading,0.6675637990817828,Kota Adm. Jakarta Utara_Kelapa Gading
Kota Adm. Jakarta Utara,Koja,0.6394479852792545,Kota Adm. Jakarta Utara_Koja
Kota Adm. Jakarta Utara,Pademangan,0.6856071752293478,Kota Adm. Jakarta Utara_Pademangan
Kota Adm. Jakarta Utara,Penjaringan,0.6802437199263316,Kota Adm. Jakarta Utara_Penjaringan
Kota Adm. Jakarta Utara,Tanjung Priok,0.6436914500513836,Kota Adm. Jakarta Utara_Tanjung Priok
Kota Bandung,Andir,0.6689000680176744,Kota Bandung_Andir
Kota Bandung,Antapani,0.6434947179583772,Kota Bandung_Antapani
Kota Bandung,Arcamanik,0.6533711344899021,Kota Bandung_Arcamanik
Kota Bandung,Astana Anyar,0.6307718396928517,Kota Bandung_Astana Anyar
Kota Bandung,Babakan Ciparay,0.649414771058125,Kota Bandung_Babakan Ciparay
Kota Bandung,Bandung Kidul,0.6721778883999067,Kota Bandung_Bandung Kidul
Kota Bandung,Bandung Kulon,0.6675264632408087,Kota Bandung_Bandung Kulon
Kota Bandung,Bandung Wetan,0.6420384166143823,Kota Bandung_Bandung Wetan
Kota Bandung,Batununggal,0.6736676393352456,Kota Bandung_Batununggal
Kota Bandung,Bojongloa Kaler,0.6461814432747973,Kota Bandung_Bojongloa Kaler
Kota Bandung,Bojongloa Kidul,0.6590740515676641,Kota Bandung_Bojongloa Kidul
Kota Bandung,Buahbatu,0.6449502594259662,Kota Bandung_Buahbatu
Kota Bandung,Cibeunying Kaler,0.6618282092539159,Kota Bandung_Cibeunying Kaler
Kota Bandung,Cibeunying Kidul,0.6460207052732859,Kota Bandung_Cibeunying Kidul
Kota Bandung,Cibiru,0.631281511507218,Kota Bandung_Cibiru
Kota Bandung,Cicendo,0.6462490109048528,Kota Bandung_Cicendo
Kota Bandung,Cidadap,0.6483922469190367,Kota Bandung_Cidadap
Kota Bandung,Cinambo,0.6827228602304718,Kota Bandung_Cinambo
Kota Bandung,Coblong,0.6590071469828538,Kota Bandung_Coblong
Kota Bandung,Gedebage,0.6701622157530923,Kota Bandung_Gedebage
Kota Bandung,Kiaracondong,0.6631939270825865,Kota Bandung_Kiaracondong
Kota Bandung,Lengkong,0.6427321359497425,Kota Bandung_Lengkong
Kota Bandung,Mandalajati,0.6543779123286191,Kota Bandung_Mandalajati
Kota Bandung,Panyileukan,0.681985759744361,Kota Bandung_Panyileukan
Kota Bandung,Rancasari,0.652865795214567,Kota Bandung_Rancasari
Kota Bandung,Regol,0.6558576288711063,Kota Bandung_Regol
Kota Bandung,Sukajadi,0.6301568179001719,Kota Bandung_Sukajadi
Kota Bandung,Sukasari,0.6537210433805737,Kota Bandung_Sukasari
Kota Bandung,Sumur Bandung,0.6417345785554093,Kota Bandung_Sumur Bandung
Kota Bandung,Ujungberung,0.6298059772271072,Kota Bandung_Ujungberung
Kota Banjar,Banjar,0.5695562991703861,Kota Banjar_Banjar
Kota Banjar,Langensari,0.6124577413814258,Kota Banjar_Langensari
Kota Banjar,Pataruman,0.5324381535131537,Kota Banjar_Pataruman
Kota Banjar,Purwaharja,0.5459919195957126,Kota Banjar_Purwaharja
Kota Batu,Batu,0.49947837023657404,Kota Batu_Batu
Kota Batu,Bumiaji,0.5120533852112799,Kota Batu_Bumiaji
Kota Batu,Junrejo,0.5084750035405202,Kota Batu_Junrejo
Kota Bekasi,Bantargebang,0.7350807563333368,Kota Bekasi_Bantargebang
Kota Bekasi,Bekasi Barat,0.6415257286640681,Kota Bekasi_Bekasi Barat
Kota Bekasi,Bekasi Selatan,0.660943497298942,Kota Bekasi_Bekasi Selatan
Kota Bekasi,Bekasi Timur,0.6534843595928229,Kota Bekasi_Bekasi Timur
Kota Bekasi,Bekasi Utara,0.6486194943411157,Kota Bekasi_Bekasi Utara
Kota Bekasi,Jatiasih,0.7199572438999273,Kota Bekasi_Jatiasih
Kota Bekasi,Jatisampurna,0.72118995128631,Kota Bekasi_Jatisampurna
Kota Bekasi,Medansatria,0.6608595580871391,Kota Bekasi_Medansatria
Kota Bekasi,Mustikajaya,0.7276890008064417,Kota Bekasi_Mustikajaya
Kota Bekasi,Pondokgede,0.670775167967455,Kota Bekasi_Pondokgede
Kota Bekasi,Pondokmelati,0.6780887359974413,Kota Bekasi_Pondokmelati
Kota Bekasi,Rawalumbu,0.6552132170719228,Kota Bekasi_Rawalumbu
Kota Blitar,Kepanjenkidul,0.652995660832116,Kota Blitar_Kepanjenkidul
Kota Blitar,Sananwetan,0.5932576716970678,Kota Blitar_Sananwetan
Kota Blitar,Sukorejo,0.6450827631089237,Kota Blitar_Sukorejo
Kota Bogor,Bogor Barat,0.6570299636758485,Kota Bogor_Bogor Barat
Kota Bogor,Bogor Selatan,0.6375598220415932,Kota Bogor_Bogor Selatan
Kota Bogor,Bogor Tengah,0.6532430916421285,Kota Bogor_Bogor Tengah
Kota Bogor,Bogor Timur,0.6623993051702676,Kota Bogor_Bogor Timur
Kota Bogor,Bogor Utara,0.6351953932773198,Kota Bogor_Bogor Utara
Kota Bogor,Tanah Sareal,0.6883642055882688,Kota Bogor_Tanah Sareal
Kota Cilegon,Cibeber,0.7205771728108787,Kota Cilegon_Cibeber
Kota Cilegon,Cilegon,0.7171714950091482,Kota Cilegon_Cilegon
Kota Cilegon,Citangkil,0.755373647216217,Kota Cilegon_Citangkil
Kota Cilegon,Ciwandan,0.6959736995641397,Kota Cilegon_Ciwandan
Kota Cilegon,Gerogol,0.6626933902535669,Kota Cilegon_Gerogol
Kota Cilegon,Jombang,0.7439962363573819,Kota Cilegon_Jombang
Kota Cilegon,Pulomerak,0.6285381129124207,Kota Cilegon_Pulomerak
Kota Cilegon,Purwakarta,0.6768949209124507,Kota Cilegon_Purwakarta
Kota Cimahi,Cimahi Selatan,0.6811102966110034,Kota Cimahi_Cimahi Selatan
Kota Cimahi,Cimahi Tengah,0.65243611824196,Kota Cimahi_Cimahi Tengah
Kota Cimahi,Cimahi Utara,0.6583556956564021,Kota Cimahi_Cimahi Utara
Kota Cirebon,Harjamukti,0.6944207491234848,Kota Cirebon_Harjamukti
Kota Cirebon,Kejaksan,0.6996799530086947,Kota Cirebon_Kejaksan
Kota Cirebon,Kesambi,0.6732544452261439,Kota Cirebon_Kesambi
Kota Cirebon,Lemahwungkuk,0.7097420625365938,Kota Cirebon_Lemahwungkuk
Kota Cirebon,Pekalipan,0.6540763816420936,Kota Cirebon_Pekalipan
Kota Depok,Beji,0.6882840621109565,Kota Depok_Beji
Kota Depok,Bojongsari,0.6785013413668178,Kota Depok_Bojongsari
Kota Depok,Cilodong,0.6801461403921524,Kota Depok_Cilodong
Kota Depok,Cimanggis,0.6745926812352104,Kota Depok_Cimanggis
Kota Depok,Cinere,0.6872217618090651,Kota Depok_Cinere
Kota Depok,Cipayung,0.6583120762536765,Kota Depok_Cipayung
Kota Depok,Limo,0.6791375983117439,Kota Depok_Limo
Kota Depok,Pancoran Mas,0.6600136968552972,Kota Depok_Pancoran Mas
Kota Depok,Sawangan,0.6869584953746312,Kota Depok_Sawangan
Kota Depok,Sukmajaya,0.6737295030735029,Kota Depok_Sukmajaya
Kota Depok,Tapos,0.6979026506155257,Kota Depok_Tapos
Kota Kediri,Kota,0.5929663163204181,Kota Kediri_Kota
Kota Kediri,Mojoroto,0.5582425332837095,Kota Kediri_Mojoroto
Kota Kediri,Pesantren,0.5745028581927186,Kota Kediri_Pesantren
Kota Madiun,Kartoharjo,0.6233693151275969,Kota Madiun_Kartoharjo
Kota Madiun,Manguharjo,0.6378363097428891,Kota Madiun_Manguharjo
Kota Madiun,Taman,0.61562319755408,Kota Madiun_Taman
Kota Magelang,Magelang Selatan,0.6245908444682573,Kota Magelang_Magelang Selatan
Kota Magelang,Magelang Tengah,0.6260752408654544,Kota Magelang_Magelang Tengah
Kota Magelang,Magelang Utara,0.6204821873770046,Kota Magelang_Magelang Utara
Kota Malang,Blimbing,0.6044991239153001,Kota Malang_Blimbing
Kota Malang,Kedungkandang,0.5528384123539293,Kota Malang_Kedungkandang
Kota Malang,Klojen,0.6024046964473434,Kota Malang_Klojen
Kota Malang,Lowokwaru,0.6204681833646227,Kota Malang_Lowokwaru
Kota Malang,Sukun,0.625114088036147,Kota Malang_Sukun
Kota Mojokerto,Kranggan,0.6379734471067291,Kota Mojokerto_Kranggan
Kota Mojokerto,Magersari,0.6422605397698281,Kota Mojokerto_Magersari
Kota Mojokerto,Prajuritkulon,0.6546922626221386,Kota Mojokerto_Prajuritkulon
Kota Pasuruan,Bugul Kidul,0.5687520307607771,Kota Pasuruan_Bugul Kidul
Kota Pasuruan,Gadingrejo,0.6340128351524638,Kota Pasuruan_Gadingrejo
Kota Pasuruan,Panggungrejo,0.6479065065137821,Kota Pasuruan_Panggungrejo
Kota Pasuruan,Purworejo,0.6186105392027994,Kota Pasuruan_Purworejo
Kota Pekalongan,Pekalongan Barat,0.7962751277446325,Kota Pekalongan_Pekalongan Barat
Kota Pekalongan,Pekalongan Selatan,0.8007564429704017,Kota Pekalongan_Pekalongan Selatan
Kota Pekalongan,Pekalongan Timur,0.8092786429238712,Kota Pekalongan_Pekalongan Timur
Kota Pekalongan,Pekalongan Utara,0.7980078626291744,Kota Pekalongan_Pekalongan Utara
Kota Probolinggo,Kademangan,0.6088321641473713,Kota Probolinggo_Kademangan
Kota Probolinggo,Kanigaran,0.6693446052141869,Kota Probolinggo_Kanigaran
Kota Probolinggo,Kedopok,0.6190902975172698,Kota Probolinggo_Kedopok
Kota Probolinggo,Mayangan,0.6773855322781792,Kota Probolinggo_Mayangan
Kota Probolinggo,Wonoasih,0.6483331149939106,Kota Probolinggo_Wonoasih
Kota Salatiga,Argomulyo,0.6448418256599422,Kota Salatiga_Argomulyo
Kota Salatiga,Sidomukti,0.6486356389396636,Kota Salatiga_Sidomukti
Kota Salatiga,Sidorejo,0.663259032721886,Kota Salatiga_Sidorejo
Kota Salatiga,Tingkir,0.6327461382548121,Kota Salatiga_Tingkir
Kota Semarang,Banyumanik,0.7178597887841344,Kota Semarang_Banyumanik
Kota Semarang,Candisari,0.6633284245100081,Kota Semarang_Candisari
Kota Semarang,Gajahmungkur,0.7476969852277902,Kota Semarang_Gajahmungkur
Kota Semarang,Gayamsari,0.740017086164609,Kota Semarang_Gayamsari
Kota Semarang,Genuk,0.8061274366156718,Kota Semarang_Genuk
Kota Semarang,Gunungpati,0.6991953304970381,Kota Semarang_Gunungpati
Kota Semarang,Mijen,0.7173224489668039,Kota Semarang_Mijen
Kota Semarang,Ngaliyan,0.7324246996635587,Kota Semarang_Ngaliyan
Kota Semarang,Pedurungan,0.7362871080673711,Kota Semarang_Pedurungan
Kota Semarang,Semarang Barat,0.793873925111696,Kota Semarang_Semarang Barat
Kota Semarang,Semarang Selatan,0.7672769908196376,Kota Semarang_Semarang Selatan
Kota Semarang,Semarang Tengah,0.7358343445769912,Kota Semarang_Semarang Tengah
Kota Semarang,Semarang Timur,0.7421410489836957,Kota Semarang_Semarang Timur
Kota Semarang,Semarang Utara,0.7543153056094233,Kota Semarang_Semarang Utara
Kota Semarang,Tembalang,0.749656731543075,Kota Semarang_Tembalang
Kota Semarang,Tugu,0.8147914033678738,Kota Semarang_Tugu
Kota Serang,Cipocok Jaya,0.704760230283992,Kota Serang_Cipocok Jaya
Kota Serang,Curug,0.6371695804195806,Kota Serang_Curug
Kota Serang,Kasemen,0.7014922188817967,Kota Serang_Kasemen
Kota Serang,Serang,0.7319243664058682,Kota Serang_Serang
Kota Serang,Taktakan,0.6128262501372829,Kota Serang_Taktakan
Kota Serang,Walantaka,0.6954006756229669,Kota Serang_Walantaka
Kota Sukabumi,Baros,0.6541332649892251,Kota Sukabumi_Baros
Kota Sukabumi,Cibeureum,0.6743375901862401,Kota Sukabumi_Cibeureum
Kota Sukabumi,Cikole,0.6281088920955451,Kota Sukabumi_Cikole
Kota Sukabumi,Citamiang,0.6610441876823113,Kota Sukabumi_Citamiang
Kota Sukabumi,Gunung Puyuh,0.6403298350414882,Kota Sukabumi_Gunung Puyuh
Kota Sukabumi,Lembursitu,0.6540354254964166,Kota Sukabumi_Lembursitu
Kota Sukabumi,Warudoyong,0.6736341367749649,Kota Sukabumi_Warudoyong
Kota Surabaya,Asem Rowo,0.6116561051006099,Kota Surabaya_Asem Rowo
Kota Surabaya,Benowo,0.6458628008472441,Kota Surabaya_Benowo
Kota Surabaya,Bubutan,0.5971457573472277,Kota Surabaya_Bubutan
Kota Surabaya,Bulak,0.6164004185357128,Kota Surabaya_Bulak
Kota Surabaya,Dukuh Pakis,0.6566070330941847,Kota Surabaya_Dukuh Pakis
Kota Surabaya,Gayungan,0.6100399890185495,Kota Surabaya_Gayungan
Kota Surabaya,Genteng,0.6029120431082504,Kota Surabaya_Genteng
Kota Surabaya,Gubeng,0.6064452043914116,Kota Surabaya_Gubeng
Kota Surabaya,Gunung Anyar,0.5923865325850617,Kota Surabaya_Gunung Anyar
Kota Surabaya,Jambangan,0.5951704384538756,Kota Surabaya_Jambangan
Kota Surabaya,Karang Pilang,0.6095248783895841,Kota Surabaya_Karang Pilang
Kota Surabaya,Kenjeran,0.6222702129569779,Kota Surabaya_Kenjeran
Kota Surabaya,Krembangan,0.6287549235078647,Kota Surabaya_Krembangan
Kota Surabaya,Lakarsantri,0.6197661460486541,Kota Surabaya_Lakarsantri
Kota Surabaya,Mulyorejo,0.6369333893230955,Kota Surabaya_Mulyorejo
Kota Surabaya,Pabean Cantian,0.6265700108714813,Kota Surabaya_Pabean Cantian
Kota Surabaya,Pakal,0.6343234299412321,Kota Surabaya_Pakal
Kota Surabaya,Rungkut,0.5638409526747763,Kota Surabaya_Rungkut
Kota Surabaya,Sambikerep,0.6592010723882241,Kota Surabaya_Sambikerep
Kota Surabaya,Sawahan,0.5985518956533664,Kota Surabaya_Sawahan
Kota Surabaya,Semampir,0.6519037904304162,Kota Surabaya_Semampir
Kota Surabaya,Simokerto,0.5957659260673965,Kota Surabaya_Simokerto
Kota Surabaya,Sukolilo,0.5968524313921375,Kota Surabaya_Sukolilo
Kota Surabaya,Sukomanunggal,0.6279854709961522,Kota Surabaya_Sukomanunggal
Kota Surabaya,Tambaksari,0.5968115193629899,Kota Surabaya_Tambaksari
Kota Surabaya,Tandes,0.611876287532557,Kota Surabaya_Tandes
Kota Surabaya,Tegalsari,0.6163083045265714,Kota Surabaya_Tegalsari
Kota Surabaya,Tenggilis Mejoyo,0.5984399997920892,Kota Surabaya_Tenggilis Mejoyo
Kota Surabaya,Wiyung,0.6061415874373308,Kota Surabaya_Wiyung
Kota Surabaya,Wonocolo,0.5950345219366118,Kota Surabaya_Wonocolo
Kota Surabaya,Wonokromo,0.6253807320989986,Kota Surabaya_Wonokromo
Kota Surakarta,Banjarsari,0.6647006972578279,Kota Surakarta_Banjarsari
Kota Surakarta,Jebres,0.6711728158704314,Kota Surakarta_Jebres
Kota Surakarta,Laweyan,0.6630156574715548,Kota Surakarta_Laweyan
Kota Surakarta,Pasar Kliwon,0.6570782270637633,Kota Surakarta_Pasar Kliwon
Kota Surakarta,Serengan,0.6588031271636632,Kota Surakarta_Serengan
Kota Tangerang,Batuceper,0.6582474289556332,Kota Tangerang_Batuceper
Kota Tangerang,Benda,0.7329668543254725,Kota Tangerang_Benda
Kota Tangerang,Cibodas,0.6804477541531991,Kota Tangerang_Cibodas
Kota Tangerang,Ciledug,0.6533558633145692,Kota Tangerang_Ciledug
Kota Tangerang,Cipondoh,0.6682032629117262,Kota Tangerang_Cipondoh
Kota Tangerang,Jatiuwung,0.688695515526785,Kota Tangerang_Jatiuwung
Kota Tangerang,Karang Tengah,0.6630337881674939,Kota Tangerang_Karang Tengah
Kota Tangerang,Karawaci,0.6877151898736533,Kota Tangerang_Karawaci
Kota Tangerang,Larangan,0.6400222802309861,Kota Tangerang_Larangan
Kota Tangerang,Neglasari,0.7507730906330244,Kota Tangerang_Neglasari
Kota Tangerang,Periuk,0.7245998822728699,Kota Tangerang_Periuk
Kota Tangerang,Pinang,0.7221360094995034,Kota Tangerang_Pinang
Kota Tangerang,Tangerang,0.7121115771465109,Kota Tangerang_Tangerang
Kota Tangerang Selatan,Ciputat,0.6844317041747745,Kota Tangerang Selatan_Ciputat
Kota Tangerang Selatan,Ciputat Timur,0.6729380634348225,Kota Tangerang Selatan_Ciputat Timur
Kota Tangerang Selatan,Pamulang,0.696505097625296,Kota Tangerang Selatan_Pamulang
Kota Tangerang Selatan,Pondok Aren,0.7155194233079174,Kota Tangerang Selatan_Pondok Aren
Kota Tangerang Selatan,Serpong,0.7173969609939788,Kota Tangerang Selatan_Serpong
Kota Tangerang Selatan,Serpong Utara,0.7081590499885753,Kota Tangerang Selatan_Serpong Utara
Kota Tangerang Selatan,Setu,0.7214622419677617,Kota Tangerang Selatan_Setu
Kota Tasikmalaya,Bungursari,0.5983265770186423,Kota Tasikmalaya_Bungursari
Kota Tasikmalaya,Cibeureum,0.624648342607861,Kota Tasikmalaya_Cibeureum
Kota Tasikmalaya,Cihideung,0.6389932694584403,Kota Tasikmalaya_Cihideung
Kota Tasikmalaya,Cipedes,0.6651192325615309,Kota Tasikmalaya_Cipedes
Kota Tasikmalaya,Indihiang,0.6680285554429168,Kota Tasikmalaya_Indihiang
Kota Tasikmalaya,Kawalu,0.5269819007789595,Kota Tasikmalaya_Kawalu
Kota Tasikmalaya,Mangkubumi,0.6023723429400278,Kota Tasikmalaya_Mangkubumi
Kota Tasikmalaya,Purbaratu,0.5798487696084444,Kota Tasikmalaya_Purbaratu
Kota Tasikmalaya,Tamansari,0.5601192034582502,Kota Tasikmalaya_Tamansari
Kota Tasikmalaya,Tawang,0.6335429256211376,Kota Tasikmalaya_Tawang
Kota Tegal,Margadana,0.68949302746617,Kota Tegal_Margadana
Kota Tegal,Tegal Barat,0.6955104771408283,Kota Tegal_Tegal Barat
Kota Tegal,Tegal Selatan,0.6717865250695071,Kota Tegal_Tegal Selatan
Kota Tegal,Tegal Timur,0.6930330788321097,Kota Tegal_Tegal Timur
Kota Yogyakarta,Danurejan,0.6737680108591468,Kota Yogyakarta_Danurejan
Kota Yogyakarta,Gedongtengen,0.6607926309538688,Kota Yogyakarta_Gedongtengen
Kota Yogyakarta,Gondokusuman,0.6693848972512704,Kota Yogyakarta_Gondokusuman
Kota Yogyakarta,Gondomanan,0.6710047518958876,Kota Yogyakarta_Gondomanan
Kota Yogyakarta,Jetis,0.6657699499331448,Kota Yogyakarta_Jetis
Kota Yogyakarta,Kotagede,0.6671111926773284,Kota Yogyakarta_Kotagede
Kota Yogyakarta,Kraton,0.6543770676520266,Kota Yogyakarta_Kraton
Kota Yogyakarta,Mantrijeron,0.6775395571338712,Kota Yogyakarta_Mantrijeron
Kota Yogyakarta,Mergangsan,0.6613704272164391,Kota Yogyakarta_Mergangsan
Kota Yogyakarta,Ngampilan,0.6668054975554569,Kota Yogyakarta_Ngampilan
Kota Yogyakarta,Pakualaman,0.6818545929045522,Kota Yogyakarta_Pakualaman
Kota Yogyakarta,Tegalrejo,0.6568937212598572,Kota Yogyakarta_Tegalrejo
Kota Yogyakarta,Umbulharjo,0.656071185608374,Kota Yogyakarta_Umbulharjo
Kota Yogyakarta,Wirobrajan,0.6757244103525482,Kota Yogyakarta_Wirobrajan
Kudus,Bae,0.748953419215803,Kudus_Bae
Kudus,Dawe,0.7035383477137394,Kudus_Dawe
Kudus,Gebog,0.7226162951843721,Kudus_Gebog
Kudus,Jati,0.8027670497716936,Kudus_Jati
Kudus,Jekulo,0.7104881801119423,Kudus_Jekulo
Kudus,Kaliwungu,0.8301528291969463,Kudus_Kaliwungu
Kudus,Kota Kudus,0.7130772312034963,Kudus_Kota Kudus
Kudus,Mejobo,0.7789350713681475,Kudus_Mejobo
Kudus,Undaan,0.7516098183035079,Kudus_Undaan
Kulon Progo,Galur,0.7520040028598848,Kulon Progo_Galur
Kulon Progo,Girimulyo,0.5930722195952122,Kulon Progo_Girimulyo
Kulon Progo,Kalibawang,0.572088850412974,Kulon Progo_Kalibawang
Kulon Progo,Kokap,0.5948822586961183,Kulon Progo_Kokap
Kulon Progo,Lendah,0.7511390059956116,Kulon Progo_Lendah
Kulon Progo,Nanggulan,0.6372359430415578,Kulon Progo_Nanggulan
Kulon Progo,Panjatan,0.7351882798926518,Kulon Progo_Panjatan
Kulon Progo,Pengasih,0.614522053620006,Kulon Progo_Pengasih
Kulon Progo,Samigaluh,0.5803776054460312,Kulon Progo_Samigaluh
Kulon Progo,Sentolo,0.7316464185806257,Kulon Progo_Sentolo
Kulon Progo,Temon,0.7148697850567043,Kulon Progo_Temon
Kulon Progo,Wates,0.7173065268065263,Kulon Progo_Wates
Kuningan,Ciawigebang,0.6218926681104351,Kuningan_Ciawigebang
Kuningan,Cibeureum,0.6066628282985146,Kuningan_Cibeureum
Kuningan,Cibingbin,0.5701928173583022,Kuningan_Cibingbin
Kuningan,Cidahu,0.5945075535575539,Kuningan_Cidahu
Kuningan,Cigandamekar,0.6043409469214072,Kuningan_Cigandamekar
Kuningan,Cigugur,0.6131868329383034,Kuningan_Cigugur
Kuningan,Cilebak,0.5623417594293032,Kuningan_Cilebak
Kuningan,Cilimus,0.6136583900390047,Kuningan_Cilimus
Kuningan,Cimahi,0.5806392109973431,Kuningan_Cimahi
Kuningan,Ciniru,0.5915026648637379,Kuningan_Ciniru
Kuningan,Cipicung,0.6026172940836251,Kuningan_Cipicung
Kuningan,Ciwaru,0.5844683329847468,Kuningan_Ciwaru
Kuningan,Darma,0.6382105311460624,Kuningan_Darma
Kuningan,Garawangi,0.5888471608800558,Kuningan_Garawangi
Kuningan,Hantara,0.6094405201800761,Kuningan_Hantara
Kuningan,Jalaksana,0.6178417519118805,Kuningan_Jalaksana
Kuningan,Japara,0.6124341736035656,Kuningan_Japara
Kuningan,Kadugede,0.6450636453864828,Kuningan_Kadugede
Kuningan,Kalimanggis,0.6204212506390178,Kuningan_Kalimanggis
Kuningan,Karang Kancana,0.6187853347480332,Kuningan_Karang Kancana
Kuningan,Kramatmulya,0.6328596855252029,Kuningan_Kramatmulya
Kuningan,Kuningan,0.6228962191508681,Kuningan_Kuningan
Kuningan,Lebakwangi,0.6201145767373324,Kuningan_Lebakwangi
Kuningan,Luragung,0.5487596387616511,Kuningan_Luragung
Kuningan,Maleber,0.5878945902586048,Kuningan_Maleber
Kuningan,Mandirancan,0.6093466951978984,Kuningan_Mandirancan
Kuningan,Nusaherang,0.6465744623473,Kuningan_Nusaherang
Kuningan,Pancalang,0.6128167408204616,Kuningan_Pancalang
Kuningan,Pasawahan,0.6385907645779211,Kuningan_Pasawahan
Kuningan,Selajambe,0.6059751019038219,Kuningan_Selajambe
Kuningan,Sindangagung,0.6518731704417515,Kuningan_Sindangagung
Kuningan,Subang,0.5764849944622441,Kuningan_Subang
Lamongan,Babat,0.6572711854880583,Lamongan_Babat
Lamongan,Bluluk,0.5906587605205248,Lamongan_Bluluk
Lamongan,Brondong,0.6272167430866346,Lamongan_Brondong
Lamongan,Deket,0.6807568418853255,Lamongan_Deket
Lamongan,Glagah,0.6543495648486363,Lamongan_Glagah
Lamongan,Kalitengah,0.6776354258830266,Lamongan_Kalitengah
Lamongan,Karangbinangun,0.6666947510349989,Lamongan_Karangbinangun
Lamongan,Karanggeneng,0.6952562922715402,Lamongan_Karanggeneng
Lamongan,Kedungpring,0.6536843692599109,Lamongan_Kedungpring
Lamongan,Kembangbahu,0.5650793930957242,Lamongan_Kembangbahu
Lamongan,Lamongan,0.6726263431271173,Lamongan_Lamongan
Lamongan,Laren,0.647925072115707,Lamongan_Laren
Lamongan,Maduran,0.6916564076790085,Lamongan_Maduran
Lamongan,Mantup,0.5570866114277878,Lamongan_Mantup
Lamongan,Modo,0.5834028356662255,Lamongan_Modo
Lamongan,Ngimbang,0.5755097745391862,Lamongan_Ngimbang
Lamongan,Paciran,0.6352002954905434,Lamongan_Paciran
Lamongan,Pucuk,0.6816908010891755,Lamongan_Pucuk
Lamongan,Sambeng,0.5613516204383848,Lamongan_Sambeng
Lamongan,Sarirejo,0.5978346375674548,Lamongan_Sarirejo
Lamongan,Sekaran,0.6508983768209775,Lamongan_Sekaran
Lamongan,Solokuro,0.5756512209496727,Lamongan_Solokuro
Lamongan,Sugio,0.6298021643131547,Lamongan_Sugio
Lamongan,Sukodadi,0.6432202456298433,Lamongan_Sukodadi
Lamongan,Sukorame,0.6162821957024743,Lamongan_Sukorame
Lamongan,Tikung,0.6198150021890734,Lamongan_Tikung
Lamongan,Turi,0.6824193558419567,Lamongan_Turi
Lebak,Banjarsari,0.6520861757523522,Lebak_Banjarsari
Lebak,Bayah,0.6838861091799997,Lebak_Bayah
Lebak,Bojongmanik,0.6023433881583314,Lebak_Bojongmanik
Lebak,Cibadak,0.6449655420869415,Lebak_Cibadak
Lebak,Cibeber,0.6587778936854835,Lebak_Cibeber
Lebak,Cigemlong,0.6699452594896144,Lebak_Cigemlong
Lebak,Cihara,0.6529199214633477,Lebak_Cihara
Lebak,Cijaku,0.6659093898037447,Lebak_Cijaku
Lebak,Cikulur,0.5891038071405718,Lebak_Cikulur
Lebak,Cileles,0.5816165536409396,Lebak_Cileles
Lebak,Cilograng,0.6755963061467755,Lebak_Cilograng
Lebak,Cimarga,0.5540626550025979,Lebak_Cimarga
Lebak,Cipanas,0.577827232408115,Lebak_Cipanas
Lebak,Cirinten,0.6193359310729333,Lebak_Cirinten
Lebak,Curug Bitung,0.541154601162733,Lebak_Curug Bitung
Lebak,Gunungkencana,0.6654002458431302,Lebak_Gunungkencana
Lebak,Kalanganyar,0.5962123583932405,Lebak_Kalanganyar
Lebak,Lebakgedong,0.6307174612968732,Lebak_Lebakgedong
Lebak,Leuwidamar,0.5833499688325591,Lebak_Leuwidamar
Lebak,Maja,0.5755097657484148,Lebak_Maja
Lebak,Malingping,0.6618994895970901,Lebak_Malingping
Lebak,Muncang,0.5836853564735915,Lebak_Muncang
Lebak,Panggarangan,0.6812704143914718,Lebak_Panggarangan
Lebak,Rangkasbitung,0.6217560055957115,Lebak_Rangkasbitung
Lebak,Sajira,0.5213764931147284,Lebak_Sajira
Lebak,Sobang,0.6031901711139381,Lebak_Sobang
Lebak,Wanasalam,0.7209761746509424,Lebak_Wanasalam
Lebak,Warunggunung,0.584352470046515,Lebak_Warunggunung
Lumajang,Candipuro,0.47054854557207465,Lumajang_Candipuro
Lumajang,Gucialit,0.43454177606878824,Lumajang_Gucialit
Lumajang,Jatiroto,0.5037137547875539,Lumajang_Jatiroto
Lumajang,Kedungjajang,0.4700053348955827,Lumajang_Kedungjajang
Lumajang,Klakah,0.4238886266038744,Lumajang_Klakah
Lumajang,Kunir,0.504209729521454,Lumajang_Kunir
Lumajang,Lumajang,0.5743166248354328,Lumajang_Lumajang
Lumajang,Padang,0.4548902583055061,Lumajang_Padang
Lumajang,Pasirian,0.4559770675240089,Lumajang_Pasirian
Lumajang,Pasrujambe,0.4657614483555657,Lumajang_Pasrujambe
Lumajang,Pronojiwo,0.46350862960568806,Lumajang_Pronojiwo
Lumajang,Randuagung,0.47011239675357347,Lumajang_Randuagung
Lumajang,Ranuyoso,0.43092312919278875,Lumajang_Ranuyoso
Lumajang,Rowokangkung,0.48790191336100647,Lumajang_Rowokangkung
Lumajang,Senduro,0.46437462749668607,Lumajang_Senduro
Lumajang,Sukodono,0.5436279054279052,Lumajang_Sukodono
Lumajang,Sumbersuko,0.5006266655609906,Lumajang_Sumbersuko
Lumajang,Tekung,0.5032474987001306,Lumajang_Tekung
Lumajang,Tempeh,0.4948104520006997,Lumajang_Tempeh
Lumajang,Tempursari,0.43801799409740544,Lumajang_Tempursari
Lumajang,Yosowilangun,0.5322405984108767,Lumajang_Yosowilangun
Madiun,Balerejo,0.5731728499828346,Madiun_Balerejo
Madiun,Dagangan,0.5509790123275413,Madiun_Dagangan
Madiun,Dolopo,0.602566024171907,Madiun_Dolopo
Madiun,Geger,0.6318856865356864,Madiun_Geger
Madiun,Gemarang,0.5293457878378928,Madiun_Gemarang
Madiun,Jiwan,0.6224398813346954,Madiun_Jiwan
Madiun,Kare,0.5556997325601811,Madiun_Kare
Madiun,Kebonsari,0.5308599955599955,Madiun_Kebonsari
Madiun,Madiun,0.6030298821491547,Madiun_Madiun
Madiun,Mejayan,0.5900102964029432,Madiun_Mejayan
Madiun,Pilangkenceng,0.66434814395271,Madiun_Pilangkenceng
Madiun,Saradan,0.605737281982753,Madiun_Saradan
Madiun,Sawahan,0.5890685004108377,Madiun_Sawahan
Madiun,Wonoasri,0.6132676187589501,Madiun_Wonoasri
Madiun,Wungu,0.5563640308779628,Madiun_Wungu
Magelang,Bandongan,0.5815728151630231,Magelang_Bandongan
Magelang,Borobudur,0.6002510086261281,Magelang_Borobudur
Magelang,Candimulyo,0.5788908113558268,Magelang_Candimulyo
Magelang,Dukun,0.5830483043902196,Magelang_Dukun
Magelang,Grabag,0.5811470857144231,Magelang_Grabag
Magelang,Kajoran,0.6376539214073316,Magelang_Kajoran
Magelang,Kaliangkrik,0.617214597940759,Magelang_Kaliangkrik
Magelang,Mertoyudan,0.6547933534759811,Magelang_Mertoyudan
Magelang,Mungkid,0.65048346245258,Magelang_Mungkid
Magelang,Muntilan,0.6666437643091933,Magelang_Muntilan
Magelang,Ngablak,0.5843311666800435,Magelang_Ngablak
Magelang,Ngluwar,0.6745695600323673,Magelang_Ngluwar
Magelang,Pakis,0.5864567827434298,Magelang_Pakis
Magelang,Salam,0.6230802737614756,Magelang_Salam
Magelang,Salaman,0.6136329641396254,Magelang_Salaman
Magelang,Sawangan,0.5862004784459538,Magelang_Sawangan
Magelang,Secang,0.6160221145993967,Magelang_Secang
Magelang,Srumbung,0.5878540830819221,Magelang_Srumbung
Magelang,Tegalrejo,0.6038988977577585,Magelang_Tegalrejo
Magelang,Tempuran,0.5775392802787965,Magelang_Tempuran
Magelang,Windusari,0.6118001718545115,Magelang_Windusari
Magetan,Barat,0.6268098021155561,Magetan_Barat
Magetan,Bendo,0.6210351498175027,Magetan_Bendo
Magetan,Karangrejo,0.6479209830914431,Magetan_Karangrejo
Magetan,Karas,0.6797566934270094,Magetan_Karas
Magetan,Kartoharjo,0.6262067437034929,Magetan_Kartoharjo
Magetan,Kawedanan,0.6365669441162849,Magetan_Kawedanan
Magetan,Lembeyan,0.5777644299637704,Magetan_Lembeyan
Magetan,Magetan,0.6149574315700076,Magetan_Magetan
Magetan,Maospati,0.6590046232920849,Magetan_Maospati
Magetan,Ngariboyo,0.5934121887409411,Magetan_Ngariboyo
Magetan,Nguntoronadi,0.5483648222692343,Magetan_Nguntoronadi
Magetan,Panekan,0.5827210195300345,Magetan_Panekan
Magetan,Parang,0.5875626644090637,Magetan_Parang
Magetan,Plaosan,0.5947245719364911,Magetan_Plaosan
Magetan,Poncol,0.5452454855000518,Magetan_Poncol
Magetan,Sidorejo,0.5574835193616151,Magetan_Sidorejo
Magetan,Sukomoro,0.6814887966007165,Magetan_Sukomoro
Magetan,Takeran,0.5972239784123687,Magetan_Takeran
Majalengka,Argapura,0.6536654415244201,Majalengka_Argapura
Majalengka,Banjaran,0.663658659196203,Majalengka_Banjaran
Majalengka,Bantarujeg,0.6334623395887379,Majalengka_Bantarujeg
Majalengka,Cigasong,0.6018184275476839,Majalengka_Cigasong
Majalengka,Cikijing,0.6725514150881796,Majalengka_Cikijing
Majalengka,Cingambul,0.6647664760525492,Majalengka_Cingambul
Majalengka,Dawuan,0.6606529262257081,Majalengka_Dawuan
Majalengka,Jatitujuh,0.6297459546988957,Majalengka_Jatitujuh
Majalengka,Jatiwangi,0.6110744745364712,Majalengka_Jatiwangi
Majalengka,Kadipaten,0.6214284755062616,Majalengka_Kadipaten
Majalengka,Kasokandel,0.5855997146558292,Majalengka_Kasokandel
Majalengka,Kertajati,0.6076472317843831,Majalengka_Kertajati
Majalengka,Lemahsugih,0.6262982718367445,Majalengka_Lemahsugih
Majalengka,Leuwimunding,0.6089155961790683,Majalengka_Leuwimunding
Majalengka,Ligung,0.6345164083594419,Majalengka_Ligung
Majalengka,Maja,0.649399024575578,Majalengka_Maja
Majalengka,Majalengka,0.6044862200598315,Majalengka_Majalengka
Majalengka,Malausma,0.6271696824866381,Majalengka_Malausma
Majalengka,Palasah,0.616918470968316,Majalengka_Palasah
Majalengka,Panyingkiran,0.6018473623383837,Majalengka_Panyingkiran
Majalengka,Rajagaluh,0.6207317637241433,Majalengka_Rajagaluh
Majalengka,Sindang,0.5997545614363776,Majalengka_Sindang
Majalengka,Sindangwangi,0.618866265710775,Majalengka_Sindangwangi
Majalengka,Sukahaji,0.6167962689978218,Majalengka_Sukahaji
Majalengka,Sumberjaya,0.6447419222848014,Majalengka_Sumberjaya
Majalengka,Talaga,0.6696538200467044,Majalengka_Talaga
Malang,Ampelgading,0.437674844436609,Malang_Ampelgading
Malang,Bantur,0.4926119901340487,Malang_Bantur
Malang,Bululawang,0.5730844904588309,Malang_Bululawang
Malang,Dampit,0.44798107807225446,Malang_Dampit
Malang,Dau,0.4769568181818176,Malang_Dau
Malang,Donomulyo,0.5097628055295239,Malang_Donomulyo
Malang,Gedangan,0.4823894735381576,Malang_Gedangan
Malang,Gondanglegi,0.5632358437838687,Malang_Gondanglegi
Malang,Jabung,0.45046668769826625,Malang_Jabung
Malang,Kalipare,0.5484916644939462,Malang_Kalipare
Malang,Karangploso,0.49819803312531474,Malang_Karangploso
Malang,Kasembon,0.43900926070833196,Malang_Kasembon
Malang,Kepanjen,0.5645320518920361,Malang_Kepanjen
Malang,Kromengan,0.5072083193981798,Malang_Kromengan
Malang,Lawang,0.48201604566832723,Malang_Lawang
Malang,Ngajum,0.45839676954452474,Malang_Ngajum
Malang,Ngantang,0.5010690120680833,Malang_Ngantang
Malang,Pagak,0.5291859133823127,Malang_Pagak
Malang,Pagelaran,0.5699140203965279,Malang_Pagelaran
Malang,Pakis,0.5771814118381053,Malang_Pakis
Malang,Pakisaji,0.5358087614999375,Malang_Pakisaji
Malang,Poncokusumo,0.4724405841234786,Malang_Poncokusumo
Malang,Pujon,0.4822121958450903,Malang_Pujon
Malang,Singosari,0.48803595998174,Malang_Singosari
Malang,Sumbermanjing Wetan,0.44044521050844543,Malang_Sumbermanjing Wetan
Malang,Sumberpucung,0.5446466190595045,Malang_Sumberpucung
Malang,Tajinan,0.49728249686419024,Malang_Tajinan
Malang,Tirtoyudo,0.44806757556169285,Malang_Tirtoyudo
Malang,Tumpang,0.4658231271231642,Malang_Tumpang
Malang,Turen,0.5825260708942196,Malang_Turen
Malang,Wagir,0.46920059733097486,Malang_Wagir
Malang,Wajak,0.48797193242862574,Malang_Wajak
Malang,Wonosari,0.4503135352951139,Malang_Wonosari
Mojokerto,Bangsal,0.5946585898449671,Mojokerto_Bangsal
Mojokerto,Dawarblandong,0.5857851968293146,Mojokerto_Dawarblandong
Mojokerto,Dlanggu,0.5836279801897445,Mojokerto_Dlanggu
Mojokerto,Gedeg,0.6042200717411242,Mojokerto_Gedeg
Mojokerto,Gondang,0.4734121557578986,Mojokerto_Gondang
Mojokerto,Jatirejo,0.477364038120462,Mojokerto_Jatirejo
Mojokerto,Jetis,0.6406815207410409,Mojokerto_Jetis
Mojokerto,Kemlagi,0.5871596668037841,Mojokerto_Kemlagi
Mojokerto,Kutorejo,0.5835547794740515,Mojokerto_Kutorejo
Mojokerto,Mojoanyar,0.5961366789643104,Mojokerto_Mojoanyar
Mojokerto,Mojosari,0.6104941464881867,Mojokerto_Mojosari
Mojokerto,Ngoro,0.5812604749223943,Mojokerto_Ngoro
Mojokerto,Pacet,0.4499504396961822,Mojokerto_Pacet
Mojokerto,Pungging,0.5837335936337482,Mojokerto_Pungging
Mojokerto,Puri,0.6073034429622661,Mojokerto_Puri
Mojokerto,Sooko,0.5592257681774707,Mojokerto_Sooko
Mojokerto,Trawas,0.44925763087102066,Mojokerto_Trawas
Mojokerto,Trowulan,0.5914853998942231,Mojokerto_Trowulan
Nan,Nan,0.5785377568295137,Nan_Nan
Nganjuk,Bagor,0.6358919856983697,Nganjuk_Bagor
Nganjuk,Baron,0.6474642416750777,Nganjuk_Baron
Nganjuk,Berbek,0.6152336111609703,Nganjuk_Berbek
Nganjuk,Gondang,0.6634785915408979,Nganjuk_Gondang
Nganjuk,Jatikalen,0.6128231035218654,Nganjuk_Jatikalen
Nganjuk,Kertosono,0.6521618992462648,Nganjuk_Kertosono
Nganjuk,Lengkong,0.5988606851868458,Nganjuk_Lengkong
Nganjuk,Loceret,0.5836812520812517,Nganjuk_Loceret
Nganjuk,Nganjuk,0.6446383181747734,Nganjuk_Nganjuk
Nganjuk,Ngetos,0.5603538987156627,Nganjuk_Ngetos
Nganjuk,Ngluyu,0.5822623474908303,Nganjuk_Ngluyu
Nganjuk,Ngronggot,0.6052085084849793,Nganjuk_Ngronggot
Nganjuk,Pace,0.6473455196764019,Nganjuk_Pace
Nganjuk,Patianrowo,0.6518448242780386,Nganjuk_Patianrowo
Nganjuk,Prambon,0.5152469763294841,Nganjuk_Prambon
Nganjuk,Rejoso,0.6532332459517047,Nganjuk_Rejoso
Nganjuk,Sawahan,0.5541619324517923,Nganjuk_Sawahan
Nganjuk,Sukomoro,0.6649143620416166,Nganjuk_Sukomoro
Nganjuk,Tanjunganom,0.6193280699692465,Nganjuk_Tanjunganom
Nganjuk,Wilangan,0.6038726781826997,Nganjuk_Wilangan
Ngawi,Bringin,0.6311042965204727,Ngawi_Bringin
Ngawi,Geneng,0.6073057398226126,Ngawi_Geneng
Ngawi,Gerih,0.6840793315731765,Ngawi_Gerih
Ngawi,Jogorogo,0.5554013046903511,Ngawi_Jogorogo
Ngawi,Karanganyar,0.6253260833430714,Ngawi_Karanganyar
Ngawi,Karangjati,0.6538517913459088,Ngawi_Karangjati
Ngawi,Kasreman,0.6682308064226793,Ngawi_Kasreman
Ngawi,Kedunggalar,0.6592191811628709,Ngawi_Kedunggalar
Ngawi,Kendal,0.6119896256830835,Ngawi_Kendal
Ngawi,Kwadungan,0.557331409457416,Ngawi_Kwadungan
Ngawi,Mantingan,0.6558061626951216,Ngawi_Mantingan
Ngawi,Ngawi,0.6521611466706669,Ngawi_Ngawi
Ngawi,Ngrambe,0.5742993734516552,Ngawi_Ngrambe
Ngawi,Padas,0.6097077075916859,Ngawi_Padas
Ngawi,Pangkur,0.5957863234632588,Ngawi_Pangkur
Ngawi,Paron,0.6440817161167375,Ngawi_Paron
Ngawi,Pitu,0.6270730174624137,Ngawi_Pitu
Ngawi,Sine,0.5564267311644614,Ngawi_Sine
Ngawi,Widodaren,0.6464690148756208,Ngawi_Widodaren
Pacitan,Arjosari,0.5638779255058666,Pacitan_Arjosari
Pacitan,Bandar,0.5397399190077204,Pacitan_Bandar
Pacitan,Donorojo,0.5922299848843965,Pacitan_Donorojo
Pacitan,Kebonagung,0.5916613415995767,Pacitan_Kebonagung
Pacitan,Nawangan,0.5526795382120459,Pacitan_Nawangan
Pacitan,Ngadirojo,0.5885486848119201,Pacitan_Ngadirojo
Pacitan,Pacitan,0.6252344021991078,Pacitan_Pacitan
Pacitan,Pringkuku,0.5986344882241939,Pacitan_Pringkuku
Pacitan,Punung,0.5963834061363472,Pacitan_Punung
Pacitan,Sudimoro,0.5814604702487055,Pacitan_Sudimoro
Pacitan,Tegalombo,0.5614167222698178,Pacitan_Tegalombo
Pacitan,Tulakan,0.5729257549639901,Pacitan_Tulakan
Pamekasan,Batumarmar,0.6486397495100654,Pamekasan_Batumarmar
Pamekasan,Galis,0.5886980181583119,Pamekasan_Galis
Pamekasan,Kadur,0.6245759380635137,Pamekasan_Kadur
Pamekasan,Larangan,0.5820186962856838,Pamekasan_Larangan
Pamekasan,Pademawu,0.6056580410912048,Pamekasan_Pademawu
Pamekasan,Pakong,0.6414395229392504,Pamekasan_Pakong
Pamekasan,Palengaan,0.612938930789742,Pamekasan_Palengaan
Pamekasan,Pamekasan,0.6489272983552391,Pamekasan_Pamekasan
Pamekasan,Pasean,0.6222004122640344,Pamekasan_Pasean
Pamekasan,Pegantenan,0.6267890111668813,Pamekasan_Pegantenan
Pamekasan,Proppo,0.6314921106164512,Pamekasan_Proppo
Pamekasan,Tlanakan,0.6138565902544604,Pamekasan_Tlanakan
Pamekasan,Waru,0.6192857626472553,Pamekasan_Waru
Pandeglang,Angsana,0.6998391439314046,Pandeglang_Angsana
Pandeglang,Banjar,0.5880799055519642,Pandeglang_Banjar
Pandeglang,Bojong,0.6623263827675593,Pandeglang_Bojong
Pandeglang,Cadasari,0.5623555593548677,Pandeglang_Cadasari
Pandeglang,Carita,0.654335541266661,Pandeglang_Carita
Pandeglang,Cibaliung,0.7224424572952486,Pandeglang_Cibaliung
Pandeglang,Cibitung,0.7198729147013977,Pandeglang_Cibitung
Pandeglang,Cigeulis,0.6568189034325306,Pandeglang_Cigeulis
Pandeglang,Cikedal,0.6835400556959378,Pandeglang_Cikedal
Pandeglang,Cikeusik,0.7062686539638552,Pandeglang_Cikeusik
Pandeglang,Cimanggu,0.6677319964950769,Pandeglang_Cimanggu
Pandeglang,Cimanuk,0.603489159354799,Pandeglang_Cimanuk
Pandeglang,Cipeucang,0.5572568292923608,Pandeglang_Cipeucang
Pandeglang,Cisata,0.6498088353788093,Pandeglang_Cisata
Pandeglang,Jiput,0.665403378331557,Pandeglang_Jiput
Pandeglang,Kaduhejo,0.5817649675593227,Pandeglang_Kaduhejo
Pandeglang,Karang Tanjung,0.5781852533193139,Pandeglang_Karang Tanjung
Pandeglang,Koroncong,0.571544555738601,Pandeglang_Koroncong
Pandeglang,Labuan,0.7454879992814208,Pandeglang_Labuan
Pandeglang,Majasari,0.5962914910358461,Pandeglang_Majasari
Pandeglang,Mandalawangi,0.5896772822054609,Pandeglang_Mandalawangi
Pandeglang,Mekarjaya,0.5845565573420886,Pandeglang_Mekarjaya
Pandeglang,Menes,0.6218207181812495,Pandeglang_Menes
Pandeglang,Munjul,0.6693153910502987,Pandeglang_Munjul
Pandeglang,Pagelaran,0.7432657754268439,Pandeglang_Pagelaran
Pandeglang,Pandeglang,0.5992588472090844,Pandeglang_Pandeglang
Pandeglang,Panimbang,0.7659642108235764,Pandeglang_Panimbang
Pandeglang,Patia,0.7797600477352031,Pandeglang_Patia
Pandeglang,Picung,0.7110641655128502,Pandeglang_Picung
Pandeglang,Pulosari,0.604322061772299,Pandeglang_Pulosari
Pandeglang,Saketi,0.6354526117778488,Pandeglang_Saketi
Pandeglang,Sindangresmi,0.6938931536815441,Pandeglang_Sindangresmi
Pandeglang,Sobang,0.6730079054330601,Pandeglang_Sobang
Pandeglang,Sukaresmi,0.7058170268671817,Pandeglang_Sukaresmi
Pandeglang,Sumur,0.7198531995781995,Pandeglang_Sumur
Pangandaran,Cigugur,0.46688111822817724,Pangandaran_Cigugur
Pangandaran,Cijulang,0.47052331875211156,Pangandaran_Cijulang
Pangandaran,Cimerak,0.4676076416187872,Pangandaran_Cimerak
Pangandaran,Kalipucang,0.5638662908986443,Pangandaran_Kalipucang
Pangandaran,Langkaplancar,0.5325265651015655,Pangandaran_Langkaplancar
Pangandaran,Mangunjaya,0.5385144920439039,Pangandaran_Mangunjaya
Pangandaran,Padaherang,0.5321452064275598,Pangandaran_Padaherang
Pangandaran,Pangandaran,0.5416867981691516,Pangandaran_Pangandaran
Pangandaran,Parigi,0.4872989293386352,Pangandaran_Parigi
Pangandaran,Sidamulih,0.5192812223723992,Pangandaran_Sidamulih
Pasuruan,Bangil,0.5608089695735983,Pasuruan_Bangil
Pasuruan,Beji,0.6011552979098645,Pasuruan_Beji
Pasuruan,Gempol,0.5930114827381077,Pasuruan_Gempol
Pasuruan,Gondangwetan,0.5334107196467102,Pasuruan_Gondangwetan
Pasuruan,Grati,0.6133528503660077,Pasuruan_Grati
Pasuruan,Kejayan,0.5477678265576872,Pasuruan_Kejayan
Pasuruan,Kraton,0.5827826668859174,Pasuruan_Kraton
Pasuruan,Lekok,0.5802287286243166,Pasuruan_Lekok
Pasuruan,Lumbang,0.4851462142432729,Pasuruan_Lumbang
Pasuruan,Nguling,0.6513182798711435,Pasuruan_Nguling
Pasuruan,Pandaan,0.5881734015382621,Pasuruan_Pandaan
Pasuruan,Pasrepan,0.4541365814268289,Pasuruan_Pasrepan
Pasuruan,Pohjentrek,0.5699247940569919,Pasuruan_Pohjentrek
Pasuruan,Prigen,0.45831454386686565,Pasuruan_Prigen
Pasuruan,Purwodadi,0.44255256533201415,Pasuruan_Purwodadi
Pasuruan,Purwosari,0.5136464024804179,Pasuruan_Purwosari
Pasuruan,Puspo,0.46704871174576995,Pasuruan_Puspo
Pasuruan,Rejoso,0.5580364353482774,Pasuruan_Rejoso
Pasuruan,Rembang,0.5808981787218628,Pasuruan_Rembang
Pasuruan,Sukorejo,0.5840412896958561,Pasuruan_Sukorejo
Pasuruan,Tosari,0.5209133733913144,Pasuruan_Tosari
Pasuruan,Tutur,0.4496973259111027,Pasuruan_Tutur
Pasuruan,Winongan,0.5694789764329237,Pasuruan_Winongan
Pasuruan,Wonorejo,0.5485634781283387,Pasuruan_Wonorejo
Pati,Batangan,0.7176874411106609,Pati_Batangan
Pati,Cluwak,0.725288017543319,Pati_Cluwak
Pati,Dukuhseti,0.7563643975391657,Pati_Dukuhseti
Pati,Gabus,0.7790649761229479,Pati_Gabus
Pati,Gembong,0.7392821265441284,Pati_Gembong
Pati,Gunungwungkal,0.7321248352973637,Pati_Gunungwungkal
Pati,Jaken,0.7126778498591188,Pati_Jaken
Pati,Jakenan,0.7593499347315908,Pati_Jakenan
Pati,Juwana,0.7289295764606909,Pati_Juwana
Pati,Kayen,0.716951446231787,Pati_Kayen
Pati,Margorejo,0.7362897680683388,Pati_Margorejo
Pati,Margoyoso,0.7648321321179679,Pati_Margoyoso
Pati,Pati,0.7650641324275997,Pati_Pati
Pati,Pucakwangi,0.6903013605933105,Pati_Pucakwangi
Pati,Sukolilo,0.7605355894565254,Pati_Sukolilo
Pati,Tambakromo,0.7081040024475007,Pati_Tambakromo
Pati,Tayu,0.7229809843149625,Pati_Tayu
Pati,Tlogowungu,0.711470842061647,Pati_Tlogowungu
Pati,Trangkil,0.7485276318127813,Pati_Trangkil
Pati,Wedarijaksa,0.7423461205050319,Pati_Wedarijaksa
Pati,Winong,0.7406423511730788,Pati_Winong
Pekalongan,Bojong,0.7393157059296642,Pekalongan_Bojong
Pekalongan,Buaran,0.7974627765061473,Pekalongan_Buaran
Pekalongan,Doro,0.6364738061837181,Pekalongan_Doro
Pekalongan,Kajen,0.6174838203448534,Pekalongan_Kajen
Pekalongan,Kandangserang,0.6540644728270164,Pekalongan_Kandangserang
Pekalongan,Karanganyar,0.6184485831181703,Pekalongan_Karanganyar
Pekalongan,Karangdadap,0.7326066683316684,Pekalongan_Karangdadap
Pekalongan,Kedungwuni,0.7767632053256938,Pekalongan_Kedungwuni
Pekalongan,Kesesi,0.69803920297825,Pekalongan_Kesesi
Pekalongan,Lebakbarang,0.6222719016621497,Pekalongan_Lebakbarang
Pekalongan,Paninggaran,0.6350057359756329,Pekalongan_Paninggaran
Pekalongan,Petungkriyono,0.6637694816621285,Pekalongan_Petungkriyono
Pekalongan,Siwalan,0.8102743895662893,Pekalongan_Siwalan
Pekalongan,Sragi,0.7584324852287967,Pekalongan_Sragi
Pekalongan,Talun,0.611008877399053,Pekalongan_Talun
Pekalongan,Tirto,0.8030665856055446,Pekalongan_Tirto
Pekalongan,Wiradesa,0.7622521685830512,Pekalongan_Wiradesa
Pekalongan,Wonokerto,0.7761057948587364,Pekalongan_Wonokerto
Pekalongan,Wonopringgo,0.7724095676985264,Pekalongan_Wonopringgo
Pemalang,Ampelgading,0.7623372165913456,Pemalang_Ampelgading
Pemalang,Bantarbolang,0.6408644973905462,Pemalang_Bantarbolang
Pemalang,Belik,0.6596639661097915,Pemalang_Belik
Pemalang,Bodeh,0.6470183287649657,Pemalang_Bodeh
Pemalang,Comal,0.8170130398049394,Pemalang_Comal
Pemalang,Moga,0.6215391803672761,Pemalang_Moga
Pemalang,Pemalang,0.7227333985555215,Pemalang_Pemalang
Pemalang,Petarukan,0.7338286984926574,Pemalang_Petarukan
Pemalang,Pulosari,0.6200709635136107,Pemalang_Pulosari
Pemalang,Randudongkal,0.6431968278052295,Pemalang_Randudongkal
Pemalang,Taman,0.7425625912167202,Pemalang_Taman
Pemalang,Ulujami,0.8093389195558194,Pemalang_Ulujami
Pemalang,Warungpring,0.6055902678619046,Pemalang_Warungpring
Pemalang,Watukumpul,0.6451776462548957,Pemalang_Watukumpul
Ponorogo,Babadan,0.5653960657763293,Ponorogo_Babadan
Ponorogo,Badegan,0.5529033468509472,Ponorogo_Badegan
Ponorogo,Balong,0.5662727864765389,Ponorogo_Balong
Ponorogo,Bungkal,0.5732221930374405,Ponorogo_Bungkal
Ponorogo,Jambon,0.584038167011037,Ponorogo_Jambon
Ponorogo,Jenangan,0.5633360028860027,Ponorogo_Jenangan
Ponorogo,Jetis,0.5659924340202573,Ponorogo_Jetis
Ponorogo,Kauman,0.5989685110211425,Ponorogo_Kauman
Ponorogo,Mlarak,0.5883102050254526,Ponorogo_Mlarak
Ponorogo,Ngebel,0.49710054433011097,Ponorogo_Ngebel
Ponorogo,Ngrayun,0.5687285775713791,Ponorogo_Ngrayun
Ponorogo,Ponorogo,0.5987205313692157,Ponorogo_Ponorogo
Ponorogo,Pudak,0.542059450130193,Ponorogo_Pudak
Ponorogo,Pulung,0.5667901726068905,Ponorogo_Pulung
Ponorogo,Sambit,0.5635029665123317,Ponorogo_Sambit
Ponorogo,Sampung,0.5363015434256145,Ponorogo_Sampung
Ponorogo,Sawoo,0.5507762267488273,Ponorogo_Sawoo
Ponorogo,Siman,0.5836657478486424,Ponorogo_Siman
Ponorogo,Slahung,0.5791827058906002,Ponorogo_Slahung
Ponorogo,Sooko,0.5469210745137212,Ponorogo_Sooko
Ponorogo,Sukorejo,0.5661252275502275,Ponorogo_Sukorejo
Probolinggo,Bantaran,0.5480977253139016,Probolinggo_Bantaran
Probolinggo,Banyuanyar,0.5361000847965244,Probolinggo_Banyuanyar
Probolinggo,Besuk,0.5573218369865423,Probolinggo_Besuk
Probolinggo,Dringu,0.6449383683310154,Probolinggo_Dringu
Probolinggo,Gading,0.44939373388049836,Probolinggo_Gading
Probolinggo,Gending,0.6094660929713558,Probolinggo_Gending
Probolinggo,Kotaanyar,0.5236057728219489,Probolinggo_Kotaanyar
Probolinggo,Kraksaan,0.5804145730860123,Probolinggo_Kraksaan
Probolinggo,Krejengan,0.5672375336651648,Probolinggo_Krejengan
Probolinggo,Krucil,0.468226100731054,Probolinggo_Krucil
Probolinggo,Kuripan,0.5034949763781406,Probolinggo_Kuripan
Probolinggo,Leces,0.5616354200847606,Probolinggo_Leces
Probolinggo,Lumbang,0.5104009581414751,Probolinggo_Lumbang
Probolinggo,Maron,0.5524217131174932,Probolinggo_Maron
Probolinggo,Paiton,0.589962880824026,Probolinggo_Paiton
Probolinggo,Pakuniran,0.4506742829066357,Probolinggo_Pakuniran
Probolinggo,Pejarakan,0.6218559998223308,Probolinggo_Pejarakan
Probolinggo,Sukapura,0.5425697718861806,Probolinggo_Sukapura
Probolinggo,Sumber,0.4732166382636968,Probolinggo_Sumber
Probolinggo,Sumberasih,0.5996117347908363,Probolinggo_Sumberasih
Probolinggo,Tegalsiwalan,0.5495889839692472,Probolinggo_Tegalsiwalan
Probolinggo,Tiris,0.45018920021327147,Probolinggo_Tiris
Probolinggo,Tongas,0.6203786499448262,Probolinggo_Tongas
Probolinggo,Wonomerto,0.5843177767803527,Probolinggo_Wonomerto
Purbalingga,Bobotsari,0.57685773641846,Purbalingga_Bobotsari
Purbalingga,Bojongsari,0.5897625690299491,Purbalingga_Bojongsari
Purbalingga,Bukateja,0.6367241263638324,Purbalingga_Bukateja
Purbalingga,Kaligondang,0.5823857226212539,Purbalingga_Kaligondang
Purbalingga,Kalimanah,0.657453227981169,Purbalingga_Kalimanah
Purbalingga,Karanganyar,0.5860655401386475,Purbalingga_Karanganyar
Purbalingga,Karangjambu,0.613483697358935,Purbalingga_Karangjambu
Purbalingga,Karangmoncol,0.6244014160781239,Purbalingga_Karangmoncol
Purbalingga,Karangreja,0.5823064085467335,Purbalingga_Karangreja
Purbalingga,Kejobong,0.5798585450946183,Purbalingga_Kejobong
Purbalingga,Kemangkon,0.6457438167439716,Purbalingga_Kemangkon
Purbalingga,Kertanegara,0.6161165248150545,Purbalingga_Kertanegara
Purbalingga,Kutasari,0.5890083600036813,Purbalingga_Kutasari
Purbalingga,Mrebet,0.5718045192767329,Purbalingga_Mrebet
Purbalingga,Padamara,0.6640245974718935,Purbalingga_Padamara
Purbalingga,Pengadegan,0.5524073618007882,Purbalingga_Pengadegan
Purbalingga,Purbalingga,0.6813700657185949,Purbalingga_Purbalingga
Purbalingga,Rembang,0.6224293740678465,Purbalingga_Rembang
Purwakarta,Babakancikao,0.6256925975984804,Purwakarta_Babakancikao
Purwakarta,Bojong,0.6144713207176875,Purwakarta_Bojong
Purwakarta,Bungursari,0.6538884563216877,Purwakarta_Bungursari
Purwakarta,Campaka,0.6210455274258995,Purwakarta_Campaka
Purwakarta,Cibatu,0.5925636272329818,Purwakarta_Cibatu
Purwakarta,Darangdan,0.6410001186827089,Purwakarta_Darangdan
Purwakarta,Jatiluhur,0.5923373154221877,Purwakarta_Jatiluhur
Purwakarta,Kiarapedes,0.6002079518463067,Purwakarta_Kiarapedes
Purwakarta,Maniis,0.5860926269407348,Purwakarta_Maniis
Purwakarta,Pasawahan,0.5861788314731862,Purwakarta_Pasawahan
Purwakarta,Plered,0.6282234380104402,Purwakarta_Plered
Purwakarta,Pondoksalam,0.5830434666640552,Purwakarta_Pondoksalam
Purwakarta,Purwakarta,0.626862537254995,Purwakarta_Purwakarta
Purwakarta,Sukasari,0.6009032744631468,Purwakarta_Sukasari
Purwakarta,Sukatani,0.596518795706609,Purwakarta_Sukatani
Purwakarta,Tegalwaru,0.5967278657722211,Purwakarta_Tegalwaru
Purwakarta,Wanayasa,0.6154192010546149,Purwakarta_Wanayasa
Purworejo,Bagelen,0.5955704716355695,Purworejo_Bagelen
Purworejo,Banyuurip,0.6776369789738987,Purworejo_Banyuurip
Purworejo,Bayan,0.6730015170502015,Purworejo_Bayan
Purworejo,Bener,0.5838089745327409,Purworejo_Bener
Purworejo,Bruno,0.5818810638813013,Purworejo_Bruno
Purworejo,Butuh,0.667881967095512,Purworejo_Butuh
Purworejo,Gebang,0.565159365318426,Purworejo_Gebang
Purworejo,Grabag,0.7016075632142194,Purworejo_Grabag
Purworejo,Kaligesing,0.5894710314195608,Purworejo_Kaligesing
Purworejo,Kemiri,0.5328858199439521,Purworejo_Kemiri
Purworejo,Kutoarjo,0.6725968766957159,Purworejo_Kutoarjo
Purworejo,Loano,0.569962108163816,Purworejo_Loano
Purworejo,Ngombol,0.7200583454385311,Purworejo_Ngombol
Purworejo,Pituruh,0.5979994989807732,Purworejo_Pituruh
Purworejo,Purwodadi,0.7201733287352482,Purworejo_Purwodadi
Purworejo,Purworejo,0.6064368174414663,Purworejo_Purworejo
Rembang,Bulu,0.6281755829997313,Rembang_Bulu
Rembang,Gunem,0.6310370029703992,Rembang_Gunem
Rembang,Kaliori,0.722083226500022,Rembang_Kaliori
Rembang,Kragan,0.634462270082858,Rembang_Kragan
Rembang,Lasem,0.6692933251389133,Rembang_Lasem
Rembang,Pamotan,0.6833372068420055,Rembang_Pamotan
Rembang,Pancur,0.6573674635735779,Rembang_Pancur
Rembang,Rembang,0.6885568303815202,Rembang_Rembang
Rembang,Sale,0.6146994860368389,Rembang_Sale
Rembang,Sarang,0.674612796190737,Rembang_Sarang
Rembang,Sedan,0.6417875777816953,Rembang_Sedan
Rembang,Sluke,0.6229449506290062,Rembang_Sluke
Rembang,Sulang,0.7033021803617775,Rembang_Sulang
Rembang,Sumber,0.7044136387262543,Rembang_Sumber
Sampang,Banyuates,0.6605367817949459,Sampang_Banyuates
Sampang,Camplong,0.669569618290206,Sampang_Camplong
Sampang,Jrengik,0.6773511851839245,Sampang_Jrengik
Sampang,Karangpenang,0.6279117782037655,Sampang_Karangpenang
Sampang,Kedungdung,0.6628083371822525,Sampang_Kedungdung
Sampang,Ketapang,0.6567619519807971,Sampang_Ketapang
Sampang,Omben,0.6384954127571771,Sampang_Omben
Sampang,Pangarengan,0.6494129125776184,Sampang_Pangarengan
Sampang,Robatal,0.6584255518484214,Sampang_Robatal
Sampang,Sampang,0.667632939540679,Sampang_Sampang
Sampang,Sokobanah,0.6455688312126765,Sampang_Sokobanah
Sampang,Sreseh,0.6563581051301638,Sampang_Sreseh
Sampang,Tambelangan,0.6400184356493177,Sampang_Tambelangan
Sampang,Torjun,0.6690971614299009,Sampang_Torjun
Semarang,Ambarawa,0.6375747362888234,Semarang_Ambarawa
Semarang,Bancak,0.6252643230464857,Semarang_Bancak
Semarang,Bandungan,0.621210345536816,Semarang_Bandungan
Semarang,Banyubiru,0.575033912700868,Semarang_Banyubiru
Semarang,Bawen,0.6478243717172562,Semarang_Bawen
Semarang,Bergas,0.6274393659860026,Semarang_Bergas
Semarang,Bringin,0.589689106492285,Semarang_Bringin
Semarang,Getasan,0.6203481147507464,Semarang_Getasan
Semarang,Jambu,0.5905016428551307,Semarang_Jambu
Semarang,Kaliwungu,0.5812886691481896,Semarang_Kaliwungu
Semarang,Pabelan,0.5974134277592533,Semarang_Pabelan
Semarang,Pringapus,0.635265253162122,Semarang_Pringapus
Semarang,Sumowono,0.6311457385321935,Semarang_Sumowono
Semarang,Suruh,0.5887681901030617,Semarang_Suruh
Semarang,Susukan,0.6613376904771286,Semarang_Susukan
Semarang,Tengaran,0.6734886474985191,Semarang_Tengaran
Semarang,Tuntang,0.6056745258716671,Semarang_Tuntang
Semarang,Ungaran Barat,0.6415100440609375,Semarang_Ungaran Barat
Semarang,Ungaran Timur,0.6561147195711862,Semarang_Ungaran Timur
Serang,Anyar,0.6414960404175223,Serang_Anyar
Serang,Bandung,0.6695663539075299,Serang_Bandung
Serang,Baros,0.5545181720345856,Serang_Baros
Serang,Binuang,0.6801433728705663,Serang_Binuang
Serang,Bojonegara,0.6834035817066427,Serang_Bojonegara
Serang,Carenang,0.6836262075385916,Serang_Carenang
Serang,Cikande,0.6688321415426676,Serang_Cikande
Serang,Cikeusal,0.6273955100455099,Serang_Cikeusal
Serang,Cinangka,0.6443222135812745,Serang_Cinangka
Serang,Ciomas,0.5891975715566323,Serang_Ciomas
Serang,Ciruas,0.7127962119579764,Serang_Ciruas
Serang,Gunungsari,0.5502150626826373,Serang_Gunungsari
Serang,Jawilan,0.6993804916255648,Serang_Jawilan
Serang,Kibin,0.6942030968945052,Serang_Kibin
Serang,Kopo,0.6622596804192269,Serang_Kopo
Serang,Kragilan,0.6948268786682866,Serang_Kragilan
Serang,Kramatwatu,0.7477429482282419,Serang_Kramatwatu
Serang,Lebak Wangi,0.6808590421876024,Serang_Lebak Wangi
Serang,Mancak,0.6060338317885182,Serang_Mancak
Serang,Pabuaran,0.5688511741202195,Serang_Pabuaran
Serang,Padarincang,0.6028068198247041,Serang_Padarincang
Serang,Pamarayan,0.6183833408421641,Serang_Pamarayan
Serang,Petir,0.5864769366598308,Serang_Petir
Serang,Pontang,0.6637055416032199,Serang_Pontang
Serang,Pulo Ampel,0.6586731194091923,Serang_Pulo Ampel
Serang,Tanara,0.665352910900589,Serang_Tanara
Serang,Tirtayasa,0.639908955612671,Serang_Tirtayasa
Serang,Tunjung Teja,0.5990824827133652,Serang_Tunjung Teja
Serang,Waringinkurung,0.6284988015195092,Serang_Waringinkurung
Sidoarjo,Balongbendo,0.6326143257069727,Sidoarjo_Balongbendo
Sidoarjo,Buduran,0.6068225577570007,Sidoarjo_Buduran
Sidoarjo,Candi,0.6068488458479949,Sidoarjo_Candi
Sidoarjo,Gedangan,0.6320323988962536,Sidoarjo_Gedangan
Sidoarjo,Jabon,0.5587557682513569,Sidoarjo_Jabon
Sidoarjo,Krembung,0.5822806587719125,Sidoarjo_Krembung
Sidoarjo,Krian,0.6395891009317481,Sidoarjo_Krian
Sidoarjo,Porong,0.6313678542561671,Sidoarjo_Porong
Sidoarjo,Prambon,0.6459077598528059,Sidoarjo_Prambon
Sidoarjo,Sedati,0.572330694142459,Sidoarjo_Sedati
Sidoarjo,Sidoarjo,0.621286404204671,Sidoarjo_Sidoarjo
Sidoarjo,Sukodono,0.6117086773563555,Sidoarjo_Sukodono
Sidoarjo,Taman,0.5997908433070204,Sidoarjo_Taman
Sidoarjo,Tanggulangin,0.6029845558036738,Sidoarjo_Tanggulangin
Sidoarjo,Tarik,0.6343633439058358,Sidoarjo_Tarik
Sidoarjo,Tulangan,0.5795794902465957,Sidoarjo_Tulangan
Sidoarjo,Waru,0.6065047485194545,Sidoarjo_Waru
Sidoarjo,Wonoayu,0.5667181726769961,Sidoarjo_Wonoayu
Situbondo,Arjasa,0.5186766907928669,Situbondo_Arjasa
Situbondo,Asembagus,0.47253994548623024,Situbondo_Asembagus
Situbondo,Banyuglugur,0.5212608378549548,Situbondo_Banyuglugur
Situbondo,Banyuputih,0.5467188469683046,Situbondo_Banyuputih
Situbondo,Besuki,0.5632382867906082,Situbondo_Besuki
Situbondo,Bungatan,0.46171832067141627,Situbondo_Bungatan
Situbondo,Jangkar,0.5636658680758523,Situbondo_Jangkar
Situbondo,Jatibanteng,0.4742421158906448,Situbondo_Jatibanteng
Situbondo,Kapongan,0.6113516310066215,Situbondo_Kapongan
Situbondo,Kendit,0.5131758196052307,Situbondo_Kendit
Situbondo,Mangaran,0.579682754904194,Situbondo_Mangaran
Situbondo,Mlandingan,0.48874478358758505,Situbondo_Mlandingan
Situbondo,Panarukan,0.5735903874170497,Situbondo_Panarukan
Situbondo,Panji,0.5931768009261414,Situbondo_Panji
Situbondo,Situbondo,0.5923040845901899,Situbondo_Situbondo
Situbondo,Suboh,0.5280002463790074,Situbondo_Suboh
Situbondo,Sumbermalang,0.4812321480806769,Situbondo_Sumbermalang
Sleman,Berbah,0.7092366710364806,Sleman_Berbah
Sleman,Cangkringan,0.5836114103349923,Sleman_Cangkringan
Sleman,Depok,0.6984585541393961,Sleman_Depok
Sleman,Gamping,0.7376581564576938,Sleman_Gamping
Sleman,Godean,0.72346380659531,Sleman_Godean
Sleman,Kalasan,0.7133695453411762,Sleman_Kalasan
Sleman,Minggir,0.6948983617460414,Sleman_Minggir
Sleman,Mlati,0.7303737999645139,Sleman_Mlati
Sleman,Moyudan,0.7102642660925906,Sleman_Moyudan
Sleman,Ngaglik,0.7018442983659295,Sleman_Ngaglik
Sleman,Ngemplak,0.7001891571019646,Sleman_Ngemplak
Sleman,Pakem,0.6060497581584792,Sleman_Pakem
Sleman,Prambanan,0.6393174093488481,Sleman_Prambanan
Sleman,Seyegan,0.6965551022679097,Sleman_Seyegan
Sleman,Sleman,0.7108266002144078,Sleman_Sleman
Sleman,Tempel,0.6753061151037948,Sleman_Tempel
Sleman,Turi,0.5878090041661399,Sleman_Turi
Sragen,Gemolong,0.709669382623103,Sragen_Gemolong
Sragen,Gesi,0.6732199615142338,Sragen_Gesi
Sragen,Gondang,0.6488837277403311,Sragen_Gondang
Sragen,Jenar,0.6104854537361504,Sragen_Jenar
Sragen,Kalijambe,0.68441766525539,Sragen_Kalijambe
Sragen,Karangmalang,0.6890012545313895,Sragen_Karangmalang
Sragen,Kedawung,0.709650909198589,Sragen_Kedawung
Sragen,Masaran,0.7304125009445588,Sragen_Masaran
Sragen,Miri,0.7065016545393531,Sragen_Miri
Sragen,Mondokan,0.6879200896970245,Sragen_Mondokan
Sragen,Ngrampal,0.6568209257460801,Sragen_Ngrampal
Sragen,Plupuh,0.7109656090727294,Sragen_Plupuh
Sragen,Sambirejo,0.5938277931848064,Sragen_Sambirejo
Sragen,Sambungmacan,0.6201715878453358,Sragen_Sambungmacan
Sragen,Sidoharjo,0.671201669838589,Sragen_Sidoharjo
Sragen,Sragen,0.7200402050563813,Sragen_Sragen
Sragen,Sukodono,0.7090672867380292,Sragen_Sukodono
Sragen,Sumberlawang,0.7193829613646225,Sragen_Sumberlawang
Sragen,Tangen,0.6353077742518917,Sragen_Tangen
Sragen,Tanon,0.6682640102759292,Sragen_Tanon
Subang,Binong,0.5950746922048276,Subang_Binong
Subang,Blanakan,0.690408152605908,Subang_Blanakan
Subang,Ciasem,0.6553665964496461,Subang_Ciasem
Subang,Ciater,0.6078817536780384,Subang_Ciater
Subang,Cibogo,0.592923393599864,Subang_Cibogo
Subang,Cijambe,0.5533423994411661,Subang_Cijambe
Subang,Cikaum,0.6245068924539512,Subang_Cikaum
Subang,Cipeundeuy,0.6228675853558207,Subang_Cipeundeuy
Subang,Cipunagara,0.6005348113340641,Subang_Cipunagara
Subang,Cisalak,0.5654398480346622,Subang_Cisalak
Subang,Compreng,0.6260246067400093,Subang_Compreng
Subang,Dawuan,0.5603200546291153,Subang_Dawuan
Subang,Jalancagak,0.5826140096936586,Subang_Jalancagak
Subang,Kalijati,0.5788132756238069,Subang_Kalijati
Subang,Kasomalang,0.5652856788741516,Subang_Kasomalang
Subang,Legonkulon,0.6378796742215478,Subang_Legonkulon
Subang,Pabuaran,0.705499663424727,Subang_Pabuaran
Subang,Pagaden,0.639957711636376,Subang_Pagaden
Subang,Pagaden Barat,0.6296827837864486,Subang_Pagaden Barat
Subang,Pamanukan,0.6781566438205756,Subang_Pamanukan
Subang,Patokbeusi,0.6664121497010045,Subang_Patokbeusi
Subang,Purwadadi,0.6118629571408984,Subang_Purwadadi
Subang,Pusakajaya,0.6911971319873798,Subang_Pusakajaya
Subang,Pusakanagara,0.6641257764852966,Subang_Pusakanagara
Subang,Sagalaherang,0.5975288228217068,Subang_Sagalaherang
Subang,Serangpanjang,0.6034080382141573,Subang_Serangpanjang
Subang,Subang,0.5821994107305303,Subang_Subang
Subang,Sukasari,0.6511846990814487,Subang_Sukasari
Subang,Tambakdahan,0.6071892003421416,Subang_Tambakdahan
Subang,Tanjungsiang,0.5999516676239637,Subang_Tanjungsiang
Sukabumi,Bantargadung,0.6330821907300286,Sukabumi_Bantargadung
Sukabumi,Bojonggenteng,0.6315324441038841,Sukabumi_Bojonggenteng
Sukabumi,Caringin,0.5860565643182563,Sukabumi_Caringin
Sukabumi,Ciambar,0.590616651290108,Sukabumi_Ciambar
Sukabumi,Cibadak,0.612117890616657,Sukabumi_Cibadak
Sukabumi,Cibitung,0.6209569619435363,Sukabumi_Cibitung
Sukabumi,Cicantayan,0.5945347683572292,Sukabumi_Cicantayan
Sukabumi,Cicurug,0.6353328040485986,Sukabumi_Cicurug
Sukabumi,Cidadap,0.5883776241732123,Sukabumi_Cidadap
Sukabumi,Cidahu,0.6214289701083472,Sukabumi_Cidahu
Sukabumi,Cidolog,0.6182574094206447,Sukabumi_Cidolog
Sukabumi,Ciemas,0.649622154283847,Sukabumi_Ciemas
Sukabumi,Cikakak,0.6387480609365336,Sukabumi_Cikakak
Sukabumi,Cikembar,0.5921631657166633,Sukabumi_Cikembar
Sukabumi,Cikidang,0.6424614509778648,Sukabumi_Cikidang
Sukabumi,Cimanggu,0.6560100676699396,Sukabumi_Cimanggu
Sukabumi,Ciracap,0.6813069399153414,Sukabumi_Ciracap
Sukabumi,Cireunghas,0.5723183962064765,Sukabumi_Cireunghas
Sukabumi,Cisaat,0.6602683097934304,Sukabumi_Cisaat
Sukabumi,Cisolok,0.660672796658328,Sukabumi_Cisolok
Sukabumi,Curugkembar,0.6097277277093889,Sukabumi_Curugkembar
Sukabumi,Gegerbitung,0.5892740872579926,Sukabumi_Gegerbitung
Sukabumi,Gunungguruh,0.6347014334669958,Sukabumi_Gunungguruh
Sukabumi,Jampangkulon,0.6680270368119087,Sukabumi_Jampangkulon
Sukabumi,Jampangtengah,0.6272410156864914,Sukabumi_Jampangtengah
Sukabumi,Kabandungan,0.6428164172428881,Sukabumi_Kabandungan
Sukabumi,Kadudampit,0.5805868921498176,Sukabumi_Kadudampit
Sukabumi,Kalapanunggal,0.6549782347616766,Sukabumi_Kalapanunggal
Sukabumi,Kalibunder,0.6360946402868654,Sukabumi_Kalibunder
Sukabumi,Kebonpedes,0.6616771090675497,Sukabumi_Kebonpedes
Sukabumi,Lengkong,0.6687776987823477,Sukabumi_Lengkong
Sukabumi,Nagrak,0.5797732618364246,Sukabumi_Nagrak
Sukabumi,Nyalindung,0.5890077341666394,Sukabumi_Nyalindung
Sukabumi,Pabuaran,0.6444706607223685,Sukabumi_Pabuaran
Sukabumi,Palabuhanratu,0.5858370115627909,Sukabumi_Palabuhanratu
Sukabumi,Parakansalak,0.6375286903604291,Sukabumi_Parakansalak
Sukabumi,Parungkuda,0.6530945016541767,Sukabumi_Parungkuda
Sukabumi,Purabaya,0.6054794568377031,Sukabumi_Purabaya
Sukabumi,Sagaranten,0.6062916666771981,Sukabumi_Sagaranten
Sukabumi,Simpenan,0.6251330382141578,Sukabumi_Simpenan
Sukabumi,Sukabumi,0.612881365486938,Sukabumi_Sukabumi
Sukabumi,Sukalarang,0.6046866286706067,Sukabumi_Sukalarang
Sukabumi,Sukaraja,0.6027423318511551,Sukabumi_Sukaraja
Sukabumi,Surade,0.6573118353467078,Sukabumi_Surade
Sukabumi,Tegalbuleud,0.6375959259799867,Sukabumi_Tegalbuleud
Sukabumi,Waluran,0.6669673812627797,Sukabumi_Waluran
Sukabumi,Warungkiara,0.6306615466767994,Sukabumi_Warungkiara
Sukoharjo,Baki,0.6958083802630388,Sukoharjo_Baki
Sukoharjo,Bendosari,0.6569799144200951,Sukoharjo_Bendosari
Sukoharjo,Bulu,0.6251036001580116,Sukoharjo_Bulu
Sukoharjo,Gatak,0.689333495855746,Sukoharjo_Gatak
Sukoharjo,Grogol,0.6984374844558379,Sukoharjo_Grogol
Sukoharjo,Kartasura,0.6824342524110742,Sukoharjo_Kartasura
Sukoharjo,Mojolaban,0.7078263802025561,Sukoharjo_Mojolaban
Sukoharjo,Nguter,0.6622147911943576,Sukoharjo_Nguter
Sukoharjo,Polokarto,0.6602555621880701,Sukoharjo_Polokarto
Sukoharjo,Sukoharjo,0.6748935956734814,Sukoharjo_Sukoharjo
Sukoharjo,Tawangsari,0.7030134996706351,Sukoharjo_Tawangsari
Sukoharjo,Weru,0.6668232930811876,Sukoharjo_Weru
Sumedang,Buahdua,0.5714999518560714,Sumedang_Buahdua
Sumedang,Cibugel,0.6182881248200184,Sumedang_Cibugel
Sumedang,Cimalaka,0.6024724551592199,Sumedang_Cimalaka
Sumedang,Cimanggung,0.639576354854296,Sumedang_Cimanggung
Sumedang,Cisarua,0.5931448974228387,Sumedang_Cisarua
Sumedang,Cisitu,0.5879060057093392,Sumedang_Cisitu
Sumedang,Conggeang,0.5774318166630912,Sumedang_Conggeang
Sumedang,Darmaraja,0.6363914210336085,Sumedang_Darmaraja
Sumedang,Ganeas,0.5854000517561716,Sumedang_Ganeas
Sumedang,Jatigede,0.6080621243241263,Sumedang_Jatigede
Sumedang,Jatinangor,0.6176661762576723,Sumedang_Jatinangor
Sumedang,Jatinunggal,0.6163716827739325,Sumedang_Jatinunggal
Sumedang,Pamulihan,0.6152968852784643,Sumedang_Pamulihan
Sumedang,Paseh,0.573402766525063,Sumedang_Paseh
Sumedang,Rancakalong,0.620683779103594,Sumedang_Rancakalong
Sumedang,Situraja,0.5951066356951085,Sumedang_Situraja
Sumedang,Sukasari,0.620603729528275,Sumedang_Sukasari
Sumedang,Sumedang Selatan,0.6135681749622929,Sumedang_Sumedang Selatan
Sumedang,Sumedang Utara,0.6259538719450484,Sumedang_Sumedang Utara
Sumedang,Surian,0.5372353515870594,Sumedang_Surian
Sumedang,Tanjungkerta,0.6023193138560786,Sumedang_Tanjungkerta
Sumedang,Tanjungmedar,0.562230621992387,Sumedang_Tanjungmedar
Sumedang,Tanjungsari,0.6331296075374347,Sumedang_Tanjungsari
Sumedang,Tomo,0.568006681985247,Sumedang_Tomo
Sumedang,Ujungjaya,0.5730330426109836,Sumedang_Ujungjaya
Sumedang,Wado,0.6439596984972374,Sumedang_Wado
Sumenep,Ambunten,0.6615776080567474,Sumenep_Ambunten
Sumenep,Arjasa,0.7163769168052443,Sumenep_Arjasa
Sumenep,Batang Batang,0.67085213985361,Sumenep_Batang Batang
Sumenep,Batuan,0.6022510214854242,Sumenep_Batuan
Sumenep,Batuputih,0.6104109732424436,Sumenep_Batuputih
Sumenep,Bluto,0.5599675083233194,Sumenep_Bluto
Sumenep,Dasuk,0.6688184378658835,Sumenep_Dasuk
Sumenep,Dungkek,0.6952647818994163,Sumenep_Dungkek
Sumenep,Ganding,0.6221903394137976,Sumenep_Ganding
Sumenep,Gapura,0.5600616735517661,Sumenep_Gapura
Sumenep,Gayam,0.5850937029783376,Sumenep_Gayam
Sumenep,Giliginting,0.46412167281462946,Sumenep_Giliginting
Sumenep,Guluk-Guluk,0.6297090874304874,Sumenep_Guluk-Guluk
Sumenep,Kalianget,0.5802950838377309,Sumenep_Kalianget
Sumenep,Kangayan,0.6602805739463236,Sumenep_Kangayan
Sumenep,Kota Sumenep,0.6298515704462668,Sumenep_Kota Sumenep
Sumenep,Lenteng,0.6245178841892834,Sumenep_Lenteng
Sumenep,Manding,0.6745211051332565,Sumenep_Manding
Sumenep,Masalembu,0.6772631882412165,Sumenep_Masalembu
Sumenep,Nonggunong,0.5716254631075837,Sumenep_Nonggunong
Sumenep,Pasongsongan,0.625885513223476,Sumenep_Pasongsongan
Sumenep,Pragaan,0.6176774636620987,Sumenep_Pragaan
Sumenep,Ra'As,0.5087738663812968,Sumenep_Ra'As
Sumenep,Rubaru,0.6663670467226565,Sumenep_Rubaru
Sumenep,Sapeken,0.5565328399498679,Sumenep_Sapeken
Sumenep,Saronggi,0.5900407337846189,Sumenep_Saronggi
Sumenep,Talango,0.5567048117860808,Sumenep_Talango
Tangerang,Balaraja,0.7098896209311842,Tangerang_Balaraja
Tangerang,Cikupa,0.7190210211700924,Tangerang_Cikupa
Tangerang,Cisauk,0.6986037580229395,Tangerang_Cisauk
Tangerang,Cisoka,0.6905112359862358,Tangerang_Cisoka
Tangerang,Curug,0.7234761961274608,Tangerang_Curug
Tangerang,Gunung Kaler,0.6380918085078567,Tangerang_Gunung Kaler
Tangerang,Jambe,0.695547099648634,Tangerang_Jambe
Tangerang,Jayanti,0.7084689408544668,Tangerang_Jayanti
Tangerang,Kelapa Dua,0.7340966784229435,Tangerang_Kelapa Dua
Tangerang,Kemiri,0.7092847309448969,Tangerang_Kemiri
Tangerang,Kosambi,0.7155210710857776,Tangerang_Kosambi
Tangerang,Kresek,0.7224195694895654,Tangerang_Kresek
Tangerang,Kronjo,0.6871428367280028,Tangerang_Kronjo
Tangerang,Legok,0.700178627588329,Tangerang_Legok
Tangerang,Mauk,0.7157297416784263,Tangerang_Mauk
Tangerang,Mekar Baru,0.692402045329858,Tangerang_Mekar Baru
Tangerang,Pagedangan,0.7262468715906285,Tangerang_Pagedangan
Tangerang,Pakuhaji,0.7151766795020164,Tangerang_Pakuhaji
Tangerang,Panongan,0.7059156464518186,Tangerang_Panongan
Tangerang,Pasar Kemis,0.7911643092183611,Tangerang_Pasar Kemis
Tangerang,Rajeg,0.760445319779867,Tangerang_Rajeg
Tangerang,Sepatan,0.7878638061266814,Tangerang_Sepatan
Tangerang,Sepatan Timur,0.7551963187808663,Tangerang_Sepatan Timur
Tangerang,Sindang Jaya,0.7391699263222752,Tangerang_Sindang Jaya
Tangerang,Solear,0.6920829788021605,Tangerang_Solear
Tangerang,Sukadiri,0.7469258991008995,Tangerang_Sukadiri
Tangerang,Sukamulya,0.7143240577086047,Tangerang_Sukamulya
Tangerang,Teluknaga,0.7162583556689863,Tangerang_Teluknaga
Tangerang,Tigaraksa,0.6983233201506688,Tangerang_Tigaraksa
Tasikmalaya,Bantarkalong,0.5196167809314868,Tasikmalaya_Bantarkalong
Tasikmalaya,Bojongasih,0.5198193672340732,Tasikmalaya_Bojongasih
Tasikmalaya,Bojonggambir,0.5532676485279426,Tasikmalaya_Bojonggambir
Tasikmalaya,Ciawi,0.6237189993013519,Tasikmalaya_Ciawi
Tasikmalaya,Cibalong,0.52643224357342,Tasikmalaya_Cibalong
Tasikmalaya,Cigalontang,0.5430887396916806,Tasikmalaya_Cigalontang
Tasikmalaya,Cikalong,0.4641587825573119,Tasikmalaya_Cikalong
Tasikmalaya,Cikatomas,0.5113794305367835,Tasikmalaya_Cikatomas
Tasikmalaya,Cineam,0.5107566665360781,Tasikmalaya_Cineam
Tasikmalaya,Cipatujah,0.49059277878983754,Tasikmalaya_Cipatujah
Tasikmalaya,Cisayong,0.5777551498753157,Tasikmalaya_Cisayong
Tasikmalaya,Culamega,0.5255713443419325,Tasikmalaya_Culamega
Tasikmalaya,Gunungtanjung,0.4933390106625399,Tasikmalaya_Gunungtanjung
Tasikmalaya,Jamanis,0.634255383490141,Tasikmalaya_Jamanis
Tasikmalaya,Jatiwaras,0.5073165567585445,Tasikmalaya_Jatiwaras
Tasikmalaya,Kadipaten,0.6219429402640704,Tasikmalaya_Kadipaten
Tasikmalaya,Karangjaya,0.5092197911565556,Tasikmalaya_Karangjaya
Tasikmalaya,Karangnunggal,0.5002104764516528,Tasikmalaya_Karangnunggal
Tasikmalaya,Leuwisari,0.52130130436388,Tasikmalaya_Leuwisari
Tasikmalaya,Mangunreja,0.494684843537125,Tasikmalaya_Mangunreja
Tasikmalaya,Manonjaya,0.5106798222512215,Tasikmalaya_Manonjaya
Tasikmalaya,Padakembang,0.5727756610271689,Tasikmalaya_Padakembang
Tasikmalaya,Pagerageung,0.638886684101932,Tasikmalaya_Pagerageung
Tasikmalaya,Pancatengah,0.4516254991740285,Tasikmalaya_Pancatengah
Tasikmalaya,Parungponteng,0.5134508432743726,Tasikmalaya_Parungponteng
Tasikmalaya,Puspahiang,0.52352406857848,Tasikmalaya_Puspahiang
Tasikmalaya,Rajapolah,0.6589004940984868,Tasikmalaya_Rajapolah
Tasikmalaya,Salawu,0.5750545077471547,Tasikmalaya_Salawu
Tasikmalaya,Salopa,0.5134848672912911,Tasikmalaya_Salopa
Tasikmalaya,Sariwangi,0.5410692527658891,Tasikmalaya_Sariwangi
Tasikmalaya,Singaparna,0.6198526620953867,Tasikmalaya_Singaparna
Tasikmalaya,Sodonghilir,0.5176103976089268,Tasikmalaya_Sodonghilir
Tasikmalaya,Sukahening,0.5883561614082509,Tasikmalaya_Sukahening
Tasikmalaya,Sukaraja,0.4947688317711134,Tasikmalaya_Sukaraja
Tasikmalaya,Sukarame,0.6046208688112713,Tasikmalaya_Sukarame
Tasikmalaya,Sukaratu,0.5835215056538183,Tasikmalaya_Sukaratu
Tasikmalaya,Sukaresik,0.6348267599789273,Tasikmalaya_Sukaresik
Tasikmalaya,Tanjungjaya,0.49544280750298403,Tasikmalaya_Tanjungjaya
Tasikmalaya,Taraju,0.6032920499454606,Tasikmalaya_Taraju
Tegal,Adiwerna,0.6962145850261439,Tegal_Adiwerna
Tegal,Balapulang,0.6040963971900929,Tegal_Balapulang
Tegal,Bojong,0.6328905502392345,Tegal_Bojong
Tegal,Bumijawa,0.6655601667338509,Tegal_Bumijawa
Tegal,Dukuhturi,0.6865218538942994,Tegal_Dukuhturi
Tegal,Dukuhwaru,0.6843363931887414,Tegal_Dukuhwaru
Tegal,Jatinegara,0.6271976839752031,Tegal_Jatinegara
Tegal,Kedungbanteng,0.6287447781415652,Tegal_Kedungbanteng
Tegal,Kramat,0.7120067618551629,Tegal_Kramat
Tegal,Lebaksiu,0.6569487829833296,Tegal_Lebaksiu
Tegal,Margasari,0.609783319958557,Tegal_Margasari
Tegal,Pagerbarang,0.6884128145400081,Tegal_Pagerbarang
Tegal,Pangkah,0.6687837902275475,Tegal_Pangkah
Tegal,Slawi,0.669632093721439,Tegal_Slawi
Tegal,Suradadi,0.689269772382647,Tegal_Suradadi
Tegal,Talang,0.6990516812632399,Tegal_Talang
Tegal,Tarub,0.6889720722757359,Tegal_Tarub
Tegal,Warureja,0.7322027536858298,Tegal_Warureja
Temanggung,Bansari,0.637104784805984,Temanggung_Bansari
Temanggung,Bejen,0.5829561864625387,Temanggung_Bejen
Temanggung,Bulu,0.6555354682039667,Temanggung_Bulu
Temanggung,Candiroto,0.6505725462789708,Temanggung_Candiroto
Temanggung,Gemawang,0.6105640818246085,Temanggung_Gemawang
Temanggung,Jumo,0.628923818046419,Temanggung_Jumo
Temanggung,Kaloran,0.6465049186108011,Temanggung_Kaloran
Temanggung,Kandangan,0.6589398071227021,Temanggung_Kandangan
Temanggung,Kedu,0.653749368905948,Temanggung_Kedu
Temanggung,Kledung,0.6271701447728143,Temanggung_Kledung
Temanggung,Kranggan,0.604915403507741,Temanggung_Kranggan
Temanggung,Ngadirejo,0.646969733419462,Temanggung_Ngadirejo
Temanggung,Parakan,0.6353879784731954,Temanggung_Parakan
Temanggung,Pringsurat,0.6123572925011006,Temanggung_Pringsurat
Temanggung,Selopampang,0.593237640747625,Temanggung_Selopampang
Temanggung,Temanggung,0.6403481274143814,Temanggung_Temanggung
Temanggung,Tembarak,0.5937454481792716,Temanggung_Tembarak
Temanggung,Tlogomulyo,0.6173763187792601,Temanggung_Tlogomulyo
Temanggung,Tretep,0.6787455190578255,Temanggung_Tretep
Temanggung,Wonoboyo,0.6486995811378165,Temanggung_Wonoboyo
Trenggalek,Bendungan,0.49368456390530674,Trenggalek_Bendungan
Trenggalek,Dongko,0.5472361501243853,Trenggalek_Dongko
Trenggalek,Durenan,0.6187679619849169,Trenggalek_Durenan
Trenggalek,Gandusari,0.5925061338987808,Trenggalek_Gandusari
Trenggalek,Kampak,0.5345963709493118,Trenggalek_Kampak
Trenggalek,Karangan,0.5660378882555354,Trenggalek_Karangan
Trenggalek,Munjungan,0.5126963936390405,Trenggalek_Munjungan
Trenggalek,Panggul,0.5607158704041055,Trenggalek_Panggul
Trenggalek,Pogalan,0.5663247042173511,Trenggalek_Pogalan
Trenggalek,Pule,0.5568966761394778,Trenggalek_Pule
Trenggalek,Suruh,0.5693162208104933,Trenggalek_Suruh
Trenggalek,Trenggalek,0.5548338320176553,Trenggalek_Trenggalek
Trenggalek,Tugu,0.569232322089675,Trenggalek_Tugu
Trenggalek,Watulimo,0.513456897677486,Trenggalek_Watulimo
Tuban,Bancar,0.6431927707139776,Tuban_Bancar
Tuban,Bangilan,0.6370910321618521,Tuban_Bangilan
Tuban,Grabagan,0.610122743922744,Tuban_Grabagan
Tuban,Jatirogo,0.6056157549966372,Tuban_Jatirogo
Tuban,Jenu,0.6529697890516774,Tuban_Jenu
Tuban,Kenduruan,0.5957140419058061,Tuban_Kenduruan
Tuban,Kerek,0.6521966667233694,Tuban_Kerek
Tuban,Merakurak,0.688392130221,Tuban_Merakurak
Tuban,Montong,0.6632304819716184,Tuban_Montong
Tuban,Palang,0.6651565400543727,Tuban_Palang
Tuban,Parengan,0.6377174994939699,Tuban_Parengan
Tuban,Plumpang,0.6886218008857328,Tuban_Plumpang
Tuban,Rengel,0.6979368851135103,Tuban_Rengel
Tuban,Semanding,0.6514561971739988,Tuban_Semanding
Tuban,Senori,0.6406587301080707,Tuban_Senori
Tuban,Singgahan,0.6748230245159037,Tuban_Singgahan
Tuban,Soko,0.6267574589840845,Tuban_Soko
Tuban,Tambakboyo,0.6643026571381835,Tuban_Tambakboyo
Tuban,Tuban,0.6279471491958332,Tuban_Tuban
Tuban,Widang,0.6248470781196789,Tuban_Widang
Tulungagung,Bandung,0.6265410382101555,Tulungagung_Bandung
Tulungagung,Besuki,0.6017208027266849,Tulungagung_Besuki
Tulungagung,Boyolangu,0.6556321406921249,Tulungagung_Boyolangu
Tulungagung,Campurdarat,0.6389430701651285,Tulungagung_Campurdarat
Tulungagung,Gondang,0.6342055394401412,Tulungagung_Gondang
Tulungagung,Kalidawir,0.5828529130999714,Tulungagung_Kalidawir
Tulungagung,Karangrejo,0.5612922890834652,Tulungagung_Karangrejo
Tulungagung,Kauman,0.6479725472087021,Tulungagung_Kauman
Tulungagung,Kedungwaru,0.6352383447821528,Tulungagung_Kedungwaru
Tulungagung,Nan,0.6433848147466565,Tulungagung_Nan
Tulungagung,Ngantru,0.6495174220774065,Tulungagung_Ngantru
Tulungagung,Ngunut,0.6596901800813559,Tulungagung_Ngunut
Tulungagung,Pagerwojo,0.4654492245714381,Tulungagung_Pagerwojo
Tulungagung,Pakel,0.6451985402368526,Tulungagung_Pakel
Tulungagung,Pucanglaban,0.5724826152605565,Tulungagung_Pucanglaban
Tulungagung,Rejotangan,0.6445423169537714,Tulungagung_Rejotangan
Tulungagung,Sendang,0.46412862216902445,Tulungagung_Sendang
Tulungagung,Sumbergempol,0.6392956985395062,Tulungagung_Sumbergempol
Tulungagung,Tanggunggunung,0.588137774643657,Tulungagung_Tanggunggunung
Tulungagung,Tulungagung,0.6701523309164172,Tulungagung_Tulungagung
Wonogiri,Baturetno,0.6127312391169201,Wonogiri_Baturetno
Wonogiri,Batuwarno,0.5672996988305811,Wonogiri_Batuwarno
Wonogiri,Bulukerto,0.5881022699264956,Wonogiri_Bulukerto
Wonogiri,Eromoko,0.5667150841332727,Wonogiri_Eromoko
Wonogiri,Girimarto,0.5730336420459482,Wonogiri_Girimarto
Wonogiri,Giritontro,0.5591320130849541,Wonogiri_Giritontro
Wonogiri,Giriwoyo,0.5898650356179763,Wonogiri_Giriwoyo
Wonogiri,Jatipurno,0.5563404139719925,Wonogiri_Jatipurno
Wonogiri,Jatiroto,0.5967833560230615,Wonogiri_Jatiroto
Wonogiri,Jatisrono,0.5898621267621268,Wonogiri_Jatisrono
Wonogiri,Karangtengah,0.5537682256683802,Wonogiri_Karangtengah
Wonogiri,Kismantoro,0.5658133056485996,Wonogiri_Kismantoro
Wonogiri,Manyaran,0.5641027239100769,Wonogiri_Manyaran
Wonogiri,Ngadirojo,0.5961068623679675,Wonogiri_Ngadirojo
Wonogiri,Nguntoronadi,0.6004076297378526,Wonogiri_Nguntoronadi
Wonogiri,Paranggupito,0.5846595549874959,Wonogiri_Paranggupito
Wonogiri,Pracimantoro,0.565118678346077,Wonogiri_Pracimantoro
Wonogiri,Puhpelem,0.5733904757351346,Wonogiri_Puhpelem
Wonogiri,Purwantoro,0.5486357105656641,Wonogiri_Purwantoro
Wonogiri,Selogiri,0.5908051724419369,Wonogiri_Selogiri
Wonogiri,Sidoharjo,0.5999586640483696,Wonogiri_Sidoharjo
Wonogiri,Slogohimo,0.5815204140630608,Wonogiri_Slogohimo
Wonogiri,Tirtomoyo,0.5744848543613248,Wonogiri_Tirtomoyo
Wonogiri,Wonogiri,0.6107078817733989,Wonogiri_Wonogiri
Wonogiri,Wuryantoro,0.6179740079674663,Wonogiri_Wuryantoro
Wonosobo,Garung,0.6479271615778189,Wonosobo_Garung
Wonosobo,Kalibawang,0.59210327107533,Wonosobo_Kalibawang
Wonosobo,Kalikajar,0.6549827132361963,Wonosobo_Kalikajar
Wonosobo,Kaliwiro,0.6191662878315354,Wonosobo_Kaliwiro
Wonosobo,Kejajar,0.6435519611107847,Wonosobo_Kejajar
Wonosobo,Kepil,0.6161240444645295,Wonosobo_Kepil
Wonosobo,Kertek,0.6592779933741613,Wonosobo_Kertek
Wonosobo,Leksono,0.6234284863828983,Wonosobo_Leksono
Wonosobo,Mojotengah,0.6799002342428813,Wonosobo_Mojotengah
Wonosobo,Sapuran,0.6566696654652536,Wonosobo_Sapuran
Wonosobo,Selomerto,0.6403420551670551,Wonosobo_Selomerto
Wonosobo,Sukoharjo,0.6268694105258347,Wonosobo_Sukoharjo
Wonosobo,Wadaslintang,0.6250907107703595,Wonosobo_Wadaslintang
Wonosobo,Watumalang,0.6591978756881232,Wonosobo_Watumalang
Wonosobo,Wonosobo,0.6688204244242169,Wonosobo_Wonosobo
