WADMKK,WADMKC,probability,JOIN_ID
Adm. Kep. Seribu,Kepulauan Seribu Selatan,0.9892327675353539,Adm. Kep. Seribu_Kepulauan Seribu Selatan
Adm. Kep. Seribu,Kepulauan Seribu Utara,,Adm. Kep. Seribu_Kepulauan Seribu Utara
Bandung,Arjasari,0.9514432194245396,Bandung_Arjasari
Bandung,Baleendah,0.9768807388951785,Bandung_Baleendah
Bandung,Banjaran,0.9543830414539264,Bandung_Banjaran
Bandung,Bojongsoang,0.986784809148792,Bandung_Bojongsoang
Bandung,Cangkuang,0.9612423198992573,Bandung_Cangkuang
Bandung,Cicalengka,0.9702705536444194,Bandung_Cicalengka
Bandung,Cikancung,0.9666203561512351,Bandung_Cikancung
Bandung,Cilengkrang,0.9579669171541262,Bandung_Cilengkrang
Bandung,Cileunyi,0.978293348527952,Bandung_Cileunyi
Bandung,Cimaung,0.9438031512676178,Bandung_Cimaung
Bandung,Cimenyan,0.9607178265965824,Bandung_Cimenyan
Bandung,Ciparay,0.9696510036718169,Bandung_Ciparay
Bandung,Ciwidey,0.9449677522029444,Bandung_Ciwidey
Bandung,Dayeuhkolot,0.9878168761253074,Bandung_Dayeuhkolot
Bandung,Ibun,0.9500904247825971,Bandung_Ibun
Bandung,Katapang,0.9846275815133366,Bandung_Katapang
Bandung,Kertasari,0.9582053790933412,Bandung_Kertasari
Bandung,Kutawaringin,0.950123372450061,Bandung_Kutawaringin
Bandung,Majalaya,0.9766996519357427,Bandung_Majalaya
Bandung,Margaasih,0.9766811480428413,Bandung_Margaasih
Bandung,Margahayu,0.9841774649317895,Bandung_Margahayu
Bandung,Nagreg,0.9608644120266187,Bandung_Nagreg
Bandung,Pacet,0.944383849910404,Bandung_Pacet
Bandung,Pameungpeuk,0.9821144589224734,Bandung_Pameungpeuk
Bandung,Pangalengan,0.9584850723375764,Bandung_Pangalengan
Bandung,Paseh,0.9623604095113774,Bandung_Paseh
Bandung,Pasirjambu,0.9542133620063488,Bandung_Pasirjambu
Bandung,Rancabali,0.9582703940792603,Bandung_Rancabali
Bandung,Rancaekek,0.9855248305647865,Bandung_Rancaekek
Bandung,Solokanjeruk,0.9852846294788651,Bandung_Solokanjeruk
Bandung,Soreang,0.9608127953753169,Bandung_Soreang
Bandung Barat,Batujajar,0.9679549588598002,Bandung Barat_Batujajar
Bandung Barat,Cihampelas,0.9646879662385973,Bandung Barat_Cihampelas
Bandung Barat,Cikalongwetan,0.9658433115938664,Bandung Barat_Cikalongwetan
Bandung Barat,Cililin,0.9498058831492664,Bandung Barat_Cililin
Bandung Barat,Cipatat,0.9649972992597223,Bandung Barat_Cipatat
Bandung Barat,Cipeundeuy,0.9773948063683939,Bandung Barat_Cipeundeuy
Bandung Barat,Cipongkor,0.9545395582951057,Bandung Barat_Cipongkor
Bandung Barat,Cisarua,0.9631849868174186,Bandung Barat_Cisarua
Bandung Barat,Gununghalu,0.9597360414306093,Bandung Barat_Gununghalu
Bandung Barat,Lembang,0.9638514308833607,Bandung Barat_Lembang
Bandung Barat,Ngamprah,0.9695407046300927,Bandung Barat_Ngamprah
Bandung Barat,Padalarang,0.9696706749720043,Bandung Barat_Padalarang
Bandung Barat,Parongpong,0.9631360950054657,Bandung Barat_Parongpong
Bandung Barat,Rongga,0.9531222618067846,Bandung Barat_Rongga
Bandung Barat,Saguling,0.966997541766768,Bandung Barat_Saguling
Bandung Barat,Sindangkerta,0.9468371645585727,Bandung Barat_Sindangkerta
Bangkalan,Arosbaya,0.9477165162950322,Bangkalan_Arosbaya
Bangkalan,Bangkalan,0.9598294884311566,Bangkalan_Bangkalan
Bangkalan,Blega,0.9412673377227969,Bangkalan_Blega
Bangkalan,Burneh,0.9553903432514517,Bangkalan_Burneh
Bangkalan,Galis,0.9456571641150872,Bangkalan_Galis
Bangkalan,Geger,0.9433228302917043,Bangkalan_Geger
Bangkalan,Kamal,,Bangkalan_Kamal
Bangkalan,Klampis,0.9446015094261695,Bangkalan_Klampis
Bangkalan,Kokop,0.9497820263690806,Bangkalan_Kokop
Bangkalan,Konang,0.9452209511380385,Bangkalan_Konang
Bangkalan,Kwanyar,0.9339653369454591,Bangkalan_Kwanyar
Bangkalan,Labang,,Bangkalan_Labang
Bangkalan,Modung,0.9428858104226825,Bangkalan_Modung
Bangkalan,Sepulu,0.9488778328856076,Bangkalan_Sepulu
Bangkalan,Socah,,Bangkalan_Socah
Bangkalan,Tanah Merah,0.9514025214628945,Bangkalan_Tanah Merah
Bangkalan,Tanjung Bumi,0.9588023750962453,Bangkalan_Tanjung Bumi
Bangkalan,Tragah,0.9400354357412896,Bangkalan_Tragah
Banjarnegara,Banjarmangu,0.9734282933923084,Banjarnegara_Banjarmangu
Banjarnegara,Banjarnegara,0.9787499231445159,Banjarnegara_Banjarnegara
Banjarnegara,Batur,0.9789622445649918,Banjarnegara_Batur
Banjarnegara,Bawang,0.9793716077421896,Banjarnegara_Bawang
Banjarnegara,Kalibening,0.9765956851955435,Banjarnegara_Kalibening
Banjarnegara,Karangkobar,0.9765045446588477,Banjarnegara_Karangkobar
Banjarnegara,Madukara,0.9775358255852803,Banjarnegara_Madukara
Banjarnegara,Mandiraja,0.9744204626144297,Banjarnegara_Mandiraja
Banjarnegara,Pagedongan,0.9708026913061801,Banjarnegara_Pagedongan
Banjarnegara,Pagentan,0.9736133376867089,Banjarnegara_Pagentan
Banjarnegara,Pandanarum,0.9693344715429737,Banjarnegara_Pandanarum
Banjarnegara,Pejawaran,0.9786877410421465,Banjarnegara_Pejawaran
Banjarnegara,Punggelan,0.9716937534205847,Banjarnegara_Punggelan
Banjarnegara,Purwanegara,0.9746425490981048,Banjarnegara_Purwanegara
Banjarnegara,Purworeja Klampok,0.9770019217970817,Banjarnegara_Purworeja Klampok
Banjarnegara,Rakit,0.9762248928676777,Banjarnegara_Rakit
Banjarnegara,Sigaluh,0.9746592539509203,Banjarnegara_Sigaluh
Banjarnegara,Susukan,0.9772780704247702,Banjarnegara_Susukan
Banjarnegara,Wanadadi,0.9834524302665772,Banjarnegara_Wanadadi
Banjarnegara,Wanayasa,0.9755313165949899,Banjarnegara_Wanayasa
Bantul,Bambanglipuro,0.9721850748946932,Bantul_Bambanglipuro
Bantul,Banguntapan,0.968152348683935,Bantul_Banguntapan
Bantul,Bantul,0.970028652242869,Bantul_Bantul
Bantul,Dlingo,0.9524017352053273,Bantul_Dlingo
Bantul,Imogiri,0.9602967935821426,Bantul_Imogiri
Bantul,Jetis,0.9746669334645347,Bantul_Jetis
Bantul,Kasihan,0.9718274928592092,Bantul_Kasihan
Bantul,Kretek,0.9591322008974946,Bantul_Kretek
Bantul,Pajangan,0.9661093247964109,Bantul_Pajangan
Bantul,Pandak,0.9740278146619806,Bantul_Pandak
Bantul,Piyungan,0.9516951829536273,Bantul_Piyungan
Bantul,Pleret,0.9572154073580142,Bantul_Pleret
Bantul,Pundong,0.9692722346780837,Bantul_Pundong
Bantul,Sanden,0.9684950321009139,Bantul_Sanden
Bantul,Sedayu,0.9691459298805662,Bantul_Sedayu
Bantul,Sewon,0.9726320648794913,Bantul_Sewon
Bantul,Srandakan,0.9690855855747533,Bantul_Srandakan
Banyumas,Ajibarang,0.969624633129101,Banyumas_Ajibarang
Banyumas,Banyumas,0.9802083487223074,Banyumas_Banyumas
Banyumas,Baturraden,0.9697594392428116,Banyumas_Baturraden
Banyumas,Cilongok,0.9709069303494832,Banyumas_Cilongok
Banyumas,Gumelar,0.9652446226636541,Banyumas_Gumelar
Banyumas,Jatilawang,0.9801784118970766,Banyumas_Jatilawang
Banyumas,Kalibagor,0.9802832148220706,Banyumas_Kalibagor
Banyumas,Karanglewas,0.9769218887884052,Banyumas_Karanglewas
Banyumas,Kebasen,0.978657392210565,Banyumas_Kebasen
Banyumas,Kedungbanteng,0.9687961666351104,Banyumas_Kedungbanteng
Banyumas,Kembaran,0.9840139920523009,Banyumas_Kembaran
Banyumas,Kemranjen,0.9824244976968836,Banyumas_Kemranjen
Banyumas,Lumbir,0.956012699264737,Banyumas_Lumbir
Banyumas,Patikraja,0.9793899647725749,Banyumas_Patikraja
Banyumas,Pekuncen,0.967754514896817,Banyumas_Pekuncen
Banyumas,Purwojati,0.974980125381066,Banyumas_Purwojati
Banyumas,Purwokerto Barat,0.9861953346235954,Banyumas_Purwokerto Barat
Banyumas,Purwokerto Selatan,0.9850272035270108,Banyumas_Purwokerto Selatan
Banyumas,Purwokerto Timur,0.9864879925840316,Banyumas_Purwokerto Timur
Banyumas,Purwokerto Utara,0.9852906947916161,Banyumas_Purwokerto Utara
Banyumas,Rawalo,0.9788180843571329,Banyumas_Rawalo
Banyumas,Sokaraja,0.9840468473716073,Banyumas_Sokaraja
Banyumas,Somagede,0.9784759461174891,Banyumas_Somagede
Banyumas,Sumbang,0.9750742006794393,Banyumas_Sumbang
Banyumas,Sumpiuh,0.9799767549152762,Banyumas_Sumpiuh
Banyumas,Tambak,0.9855608460956969,Banyumas_Tambak
Banyumas,Wangon,0.975155456840287,Banyumas_Wangon
Banyuwangi,Bangorejo,0.8066600885143216,Banyuwangi_Bangorejo
Banyuwangi,Banyuwangi,0.8332652719927482,Banyuwangi_Banyuwangi
Banyuwangi,Blimbingsari,0.8308495348603374,Banyuwangi_Blimbingsari
Banyuwangi,Cluring,0.8269095882059385,Banyuwangi_Cluring
Banyuwangi,Gambiran,0.8194867425325988,Banyuwangi_Gambiran
Banyuwangi,Genteng,0.8290815333719851,Banyuwangi_Genteng
Banyuwangi,Giri,0.8011670346644022,Banyuwangi_Giri
Banyuwangi,Glagah,0.7771069331093142,Banyuwangi_Glagah
Banyuwangi,Glenmore,0.779925958863086,Banyuwangi_Glenmore
Banyuwangi,Kabat,0.7938478976283498,Banyuwangi_Kabat
Banyuwangi,Kalibaru,0.8035612705912185,Banyuwangi_Kalibaru
Banyuwangi,Kalipuro,0.7471456555909741,Banyuwangi_Kalipuro
Banyuwangi,Licin,0.7053150231230243,Banyuwangi_Licin
Banyuwangi,Muncar,0.8278988119162183,Banyuwangi_Muncar
Banyuwangi,Pesanggaran,0.7606176834131302,Banyuwangi_Pesanggaran
Banyuwangi,Purwoharjo,0.8265834286114138,Banyuwangi_Purwoharjo
Banyuwangi,Rogojampi,0.8173959295902014,Banyuwangi_Rogojampi
Banyuwangi,Sempu,0.8019442206541206,Banyuwangi_Sempu
Banyuwangi,Siliragung,0.8013992171516978,Banyuwangi_Siliragung
Banyuwangi,Singojuruh,0.8149999649849653,Banyuwangi_Singojuruh
Banyuwangi,Songgon,0.7408204989529699,Banyuwangi_Songgon
Banyuwangi,Srono,0.8205390946401852,Banyuwangi_Srono
Banyuwangi,Tegaldlimo,0.7113413675453127,Banyuwangi_Tegaldlimo
Banyuwangi,Tegalsari,0.8182227197941108,Banyuwangi_Tegalsari
Banyuwangi,Wongsorejo,0.703353039210816,Banyuwangi_Wongsorejo
Batang,Bandar,0.9853087738997569,Batang_Bandar
Batang,Banyuputih,0.9936269786566687,Batang_Banyuputih
Batang,Batang,0.9940987072702252,Batang_Batang
Batang,Bawang,0.9773213814600084,Batang_Bawang
Batang,Blado,0.9806650585703954,Batang_Blado
Batang,Gringsing,0.9943341565401274,Batang_Gringsing
Batang,Kandeman,0.9909310296819593,Batang_Kandeman
Batang,Limpung,0.9875747379905667,Batang_Limpung
Batang,Pecalungan,0.9870618684480389,Batang_Pecalungan
Batang,Reban,0.9799191518720913,Batang_Reban
Batang,Subah,0.9912951901917738,Batang_Subah
Batang,Tersono,0.9854770437823667,Batang_Tersono
Batang,Tulis,0.9919867681086467,Batang_Tulis
Batang,Warungasem,0.9935027286546373,Batang_Warungasem
Batang,Wonotunggal,0.9859859518112055,Batang_Wonotunggal
Bekasi,Babelan,0.9911558681513293,Bekasi_Babelan
Bekasi,Bojongmangu,0.9863704614297074,Bekasi_Bojongmangu
Bekasi,Cabangbungin,0.9810517577197969,Bekasi_Cabangbungin
Bekasi,Cibarusah,0.9881779320873842,Bekasi_Cibarusah
Bekasi,Cibitung,0.9896594398111113,Bekasi_Cibitung
Bekasi,Cikarang Barat,0.9900975310740355,Bekasi_Cikarang Barat
Bekasi,Cikarang Pusat,0.9880057246014601,Bekasi_Cikarang Pusat
Bekasi,Cikarang Selatan,0.9880951901480348,Bekasi_Cikarang Selatan
Bekasi,Cikarang Timur,0.9897060210582738,Bekasi_Cikarang Timur
Bekasi,Cikarang Utara,0.9908439208671104,Bekasi_Cikarang Utara
Bekasi,Karang Bahagia,0.9892828116363502,Bekasi_Karang Bahagia
Bekasi,Kedung Waringin,0.989449250498337,Bekasi_Kedung Waringin
Bekasi,Muaragembong,0.9837706882537076,Bekasi_Muaragembong
Bekasi,Pebayuran,0.988268479477611,Bekasi_Pebayuran
Bekasi,Serang Baru,0.987867852387183,Bekasi_Serang Baru
Bekasi,Setu,0.9858598338338115,Bekasi_Setu
Bekasi,Sukakarya,0.9908336922063701,Bekasi_Sukakarya
Bekasi,Sukatani,0.9912521560592279,Bekasi_Sukatani
Bekasi,Sukawangi,0.9912599615767214,Bekasi_Sukawangi
Bekasi,Tambelang,0.9911622925952835,Bekasi_Tambelang
Bekasi,Tambun Selatan,0.9901251927816628,Bekasi_Tambun Selatan
Bekasi,Tambun Utara,0.9915478597000399,Bekasi_Tambun Utara
Bekasi,Tarumajaya,0.9907958108866373,Bekasi_Tarumajaya
Blitar,Bakung,0.8976096962599267,Blitar_Bakung
Blitar,Binangun,,Blitar_Binangun
Blitar,Doko,0.8016770586246953,Blitar_Doko
Blitar,Gandusari,0.8812257721159504,Blitar_Gandusari
Blitar,Garum,0.8811339704497414,Blitar_Garum
Blitar,Kademangan,0.8989582790497024,Blitar_Kademangan
Blitar,Kanigoro,0.9025003817068501,Blitar_Kanigoro
Blitar,Kesamben,0.8401597234359885,Blitar_Kesamben
Blitar,Nan,,Blitar_Nan
Blitar,Nglegok,0.8650025259942212,Blitar_Nglegok
Blitar,Panggungrejo,,Blitar_Panggungrejo
Blitar,Ponggok,0.9199527179155654,Blitar_Ponggok
Blitar,Sanankulon,0.9246035684266468,Blitar_Sanankulon
Blitar,Selopuro,0.8688279948185775,Blitar_Selopuro
Blitar,Selorejo,0.8283116844226773,Blitar_Selorejo
Blitar,Srengat,0.9295049640515852,Blitar_Srengat
Blitar,Sutojayan,,Blitar_Sutojayan
Blitar,Talun,0.8986786323403779,Blitar_Talun
Blitar,Udanawu,0.9238722445526862,Blitar_Udanawu
Blitar,Wates,,Blitar_Wates
Blitar,Wlingi,0.8011592543624315,Blitar_Wlingi
Blitar,Wonodadi,0.926249082499444,Blitar_Wonodadi
Blitar,Wonotirto,,Blitar_Wonotirto
Blora,Banjarejo,0.9527380547429845,Blora_Banjarejo
Blora,Blora,0.940461947597237,Blora_Blora
Blora,Bogorejo,0.9133095914492594,Blora_Bogorejo
Blora,Cepu,0.951887387291876,Blora_Cepu
Blora,Japah,0.9464187157147549,Blora_Japah
Blora,Jati,0.9565419149216032,Blora_Jati
Blora,Jepon,0.9456903816511928,Blora_Jepon
Blora,Jiken,0.9201214327263257,Blora_Jiken
Blora,Kedungtuban,0.9477408598763872,Blora_Kedungtuban
Blora,Kradenan,0.9440427188604232,Blora_Kradenan
Blora,Kunduran,0.9570024622083412,Blora_Kunduran
Blora,Ngawen,0.9538612779403945,Blora_Ngawen
Blora,Randublatung,0.9518065304532698,Blora_Randublatung
Blora,Sambong,0.9232114857171657,Blora_Sambong
Blora,Todanan,0.9585623673186919,Blora_Todanan
Blora,Tunjungan,0.9400886100633865,Blora_Tunjungan
Bogor,Babakan Madang,0.9792852765146127,Bogor_Babakan Madang
Bogor,Bojong Gede,0.9873677864704196,Bogor_Bojong Gede
Bogor,Caringin,0.9651756296547795,Bogor_Caringin
Bogor,Cariu,0.9770406770942225,Bogor_Cariu
Bogor,Ciampea,0.9849027395642627,Bogor_Ciampea
Bogor,Ciawi,0.966304914850891,Bogor_Ciawi
Bogor,Cibinong,0.9866138272813942,Bogor_Cibinong
Bogor,Cibungbulang,0.9842345138754616,Bogor_Cibungbulang
Bogor,Cigombong,0.9717403219296453,Bogor_Cigombong
Bogor,Cigudeg,0.9756806324385586,Bogor_Cigudeg
Bogor,Cijeruk,0.9703270413296541,Bogor_Cijeruk
Bogor,Cileungsi,0.9854473001688706,Bogor_Cileungsi
Bogor,Ciomas,0.9891487805117797,Bogor_Ciomas
Bogor,Cisarua,0.9656951983649484,Bogor_Cisarua
Bogor,Ciseeng,0.9835968305763431,Bogor_Ciseeng
Bogor,Citeureup,0.9844677376069195,Bogor_Citeureup
Bogor,Dramaga,0.9848555252084473,Bogor_Dramaga
Bogor,Gunung Putri,0.9858408714114532,Bogor_Gunung Putri
Bogor,Gunung Sindur,0.9826632606641045,Bogor_Gunung Sindur
Bogor,Jasinga,0.9801162517608447,Bogor_Jasinga
Bogor,Jonggol,0.9734768055778776,Bogor_Jonggol
Bogor,Kemang,0.9852933256832352,Bogor_Kemang
Bogor,Klapanunggal,0.9814811890361008,Bogor_Klapanunggal
Bogor,Leuwiliang,0.967300719373503,Bogor_Leuwiliang
Bogor,Leuwisadeng,0.9773912600232995,Bogor_Leuwisadeng
Bogor,Megamendung,0.9679953876450286,Bogor_Megamendung
Bogor,Nanggung,0.9647270169543387,Bogor_Nanggung
Bogor,Pamijahan,0.9664373405408172,Bogor_Pamijahan
Bogor,Parung,0.9850560971255623,Bogor_Parung
Bogor,Parung Panjang,0.9809265812269075,Bogor_Parung Panjang
Bogor,Ranca Bungur,0.9839965013447175,Bogor_Ranca Bungur
Bogor,Rumpin,0.9783618558596526,Bogor_Rumpin
Bogor,Sukajaya,0.9700657211548841,Bogor_Sukajaya
Bogor,Sukamakmur,0.9686435959338571,Bogor_Sukamakmur
Bogor,Sukaraja,0.9854669280203807,Bogor_Sukaraja
Bogor,Tajurhalang,0.9850579974945086,Bogor_Tajurhalang
Bogor,Tamansari,0.9704451606517183,Bogor_Tamansari
Bogor,Tanjungsari,0.9674069067532621,Bogor_Tanjungsari
Bogor,Tenjo,0.9809292022648816,Bogor_Tenjo
Bogor,Tenjolaya,0.979589643218801,Bogor_Tenjolaya
Bojonegoro,Balen,0.9205188015573241,Bojonegoro_Balen
Bojonegoro,Baureno,0.9229533238791054,Bojonegoro_Baureno
Bojonegoro,Bojonegoro,0.9296695295805765,Bojonegoro_Bojonegoro
Bojonegoro,Bubulan,0.9505269548164633,Bojonegoro_Bubulan
Bojonegoro,Dander,0.9482041306490554,Bojonegoro_Dander
Bojonegoro,Gayam,0.9350993571935532,Bojonegoro_Gayam
Bojonegoro,Gondang,0.9533327015591792,Bojonegoro_Gondang
Bojonegoro,Kalitidu,0.9268842570602188,Bojonegoro_Kalitidu
Bojonegoro,Kanor,0.9173989387150894,Bojonegoro_Kanor
Bojonegoro,Kapas,0.9193919576088213,Bojonegoro_Kapas
Bojonegoro,Kasiman,0.9392526500306575,Bojonegoro_Kasiman
Bojonegoro,Kedewan,0.9101128142295973,Bojonegoro_Kedewan
Bojonegoro,Kedungadem,0.9384553145433572,Bojonegoro_Kedungadem
Bojonegoro,Kepohbaru,0.9282271468754979,Bojonegoro_Kepohbaru
Bojonegoro,Malo,0.9227732215019113,Bojonegoro_Malo
Bojonegoro,Margomulyo,0.9288348453018295,Bojonegoro_Margomulyo
Bojonegoro,Ngambon,0.9399578033997245,Bojonegoro_Ngambon
Bojonegoro,Ngasem,0.940716324868371,Bojonegoro_Ngasem
Bojonegoro,Ngraho,0.9427953119790338,Bojonegoro_Ngraho
Bojonegoro,Padangan,0.9387909800247064,Bojonegoro_Padangan
Bojonegoro,Purwosari,0.9413409202112706,Bojonegoro_Purwosari
Bojonegoro,Sekar,0.9364885425364158,Bojonegoro_Sekar
Bojonegoro,Sugihwaras,0.9458102647770659,Bojonegoro_Sugihwaras
Bojonegoro,Sukosewu,0.9466521397850607,Bojonegoro_Sukosewu
Bojonegoro,Sumberejo,0.9336713487183438,Bojonegoro_Sumberejo
Bojonegoro,Tambakrejo,0.9312104348498937,Bojonegoro_Tambakrejo
Bojonegoro,Temayang,0.942079659998014,Bojonegoro_Temayang
Bojonegoro,Trucuk,0.9242703632429367,Bojonegoro_Trucuk
Bondowoso,Binakal,0.7375349107355701,Bondowoso_Binakal
Bondowoso,Bondowoso,0.8663833081320437,Bondowoso_Bondowoso
Bondowoso,Botolinggo,0.6967644326133723,Bondowoso_Botolinggo
Bondowoso,Cermee,0.7400837179928876,Bondowoso_Cermee
Bondowoso,Curahdami,0.7960445779639963,Bondowoso_Curahdami
Bondowoso,Grujugan,0.7612736255263572,Bondowoso_Grujugan
Bondowoso,Jambesari Darus Sholah,0.8435529191279881,Bondowoso_Jambesari Darus Sholah
Bondowoso,Klabang,0.7719081879384062,Bondowoso_Klabang
Bondowoso,Maesan,0.7892532477051926,Bondowoso_Maesan
Bondowoso,Pakem,0.7059760673990914,Bondowoso_Pakem
Bondowoso,Prajekan,0.8248521574770109,Bondowoso_Prajekan
Bondowoso,Pujer,0.8393613904774079,Bondowoso_Pujer
Bondowoso,Sempol,0.7436488801128526,Bondowoso_Sempol
Bondowoso,Sukosari,0.8158355163645247,Bondowoso_Sukosari
Bondowoso,Sumberwringin,0.7704134201696594,Bondowoso_Sumberwringin
Bondowoso,Taman Krocok,0.7872336218199893,Bondowoso_Taman Krocok
Bondowoso,Tamanan,0.8504981514297618,Bondowoso_Tamanan
Bondowoso,Tapen,0.8282924136633115,Bondowoso_Tapen
Bondowoso,Tegalampel,0.8059533557193406,Bondowoso_Tegalampel
Bondowoso,Tenggarang,0.8559716413181215,Bondowoso_Tenggarang
Bondowoso,Tlogosari,0.7856463560249393,Bondowoso_Tlogosari
Bondowoso,Wonosari,0.8528824852029092,Bondowoso_Wonosari
Bondowoso,Wringin,0.7752188132291667,Bondowoso_Wringin
Boyolali,Ampel,0.9836380424075399,Boyolali_Ampel
Boyolali,Andong,0.9764796648672612,Boyolali_Andong
Boyolali,Banyudono,0.9750519030965216,Boyolali_Banyudono
Boyolali,Boyolali,0.9765816375183153,Boyolali_Boyolali
Boyolali,Cepogo,0.9673943288042667,Boyolali_Cepogo
Boyolali,Gladagsari,0.9728990389022523,Boyolali_Gladagsari
Boyolali,Juwangi,0.9588012712580601,Boyolali_Juwangi
Boyolali,Karanggede,0.9748088362114256,Boyolali_Karanggede
Boyolali,Kemusu,0.9627326490838565,Boyolali_Kemusu
Boyolali,Klego,0.9742779236394703,Boyolali_Klego
Boyolali,Mojosongo,0.9721329577385048,Boyolali_Mojosongo
Boyolali,Musuk,0.9693134534771438,Boyolali_Musuk
Boyolali,Ngemplak,0.9725444332522479,Boyolali_Ngemplak
Boyolali,Nogosari,0.9725484684445381,Boyolali_Nogosari
Boyolali,Sambi,0.976860307421713,Boyolali_Sambi
Boyolali,Sawit,0.9750760676866496,Boyolali_Sawit
Boyolali,Selo,0.9677047263830368,Boyolali_Selo
Boyolali,Simo,0.9775455669120571,Boyolali_Simo
Boyolali,Tamansari,0.9664437291425544,Boyolali_Tamansari
Boyolali,Teras,0.9734546021913443,Boyolali_Teras
Boyolali,Wonosamodro,0.9682197516848146,Boyolali_Wonosamodro
Boyolali,Wonosegoro,0.9611070201255922,Boyolali_Wonosegoro
Brebes,Banjarharjo,0.9906874299836131,Brebes_Banjarharjo
Brebes,Bantarkawung,0.9746536841425627,Brebes_Bantarkawung
Brebes,Brebes,0.9887409281730591,Brebes_Brebes
Brebes,Bulakamba,0.9883626089301364,Brebes_Bulakamba
Brebes,Bumiayu,0.982629446830475,Brebes_Bumiayu
Brebes,Jatibarang,0.9866403210345562,Brebes_Jatibarang
Brebes,Kersana,0.9881417843617911,Brebes_Kersana
Brebes,Ketanggungan,0.9876487701206854,Brebes_Ketanggungan
Brebes,Larangan,0.9910785468712248,Brebes_Larangan
Brebes,Losari,0.9892220949817039,Brebes_Losari
Brebes,Paguyangan,0.9802698566207992,Brebes_Paguyangan
Brebes,Salem,0.9701641069144935,Brebes_Salem
Brebes,Sirampog,0.9782180134009769,Brebes_Sirampog
Brebes,Songgom,0.9907005293706495,Brebes_Songgom
Brebes,Tanjung,0.9860680997450351,Brebes_Tanjung
Brebes,Tonjong,0.9821302134965391,Brebes_Tonjong
Brebes,Wanasari,0.9879689876180575,Brebes_Wanasari
Ciamis,Banjaranyar,0.921795799627378,Ciamis_Banjaranyar
Ciamis,Banjarsari,0.9483552902815744,Ciamis_Banjarsari
Ciamis,Baregbeg,0.9714254143454497,Ciamis_Baregbeg
Ciamis,Ciamis,0.9593123451425514,Ciamis_Ciamis
Ciamis,Cidolog,0.9255888498342073,Ciamis_Cidolog
Ciamis,Cihaurbeuti,0.9629542710549043,Ciamis_Cihaurbeuti
Ciamis,Cijeungjing,0.9542613880660018,Ciamis_Cijeungjing
Ciamis,Cikoneng,0.9673141429012883,Ciamis_Cikoneng
Ciamis,Cimaragas,0.9469160822111519,Ciamis_Cimaragas
Ciamis,Cipaku,0.9673650744195389,Ciamis_Cipaku
Ciamis,Cisaga,0.9567973182782957,Ciamis_Cisaga
Ciamis,Jatinagara,0.9636877283325768,Ciamis_Jatinagara
Ciamis,Kawali,0.9562468604890667,Ciamis_Kawali
Ciamis,Lakbok,0.9580270543271557,Ciamis_Lakbok
Ciamis,Lumbung,0.9637897540855036,Ciamis_Lumbung
Ciamis,Pamarican,0.9347806799600887,Ciamis_Pamarican
Ciamis,Panawangan,0.9505517988579153,Ciamis_Panawangan
Ciamis,Panjalu,0.957954029932953,Ciamis_Panjalu
Ciamis,Panumbangan,0.9595392435459735,Ciamis_Panumbangan
Ciamis,Purwadadi,0.951643286657616,Ciamis_Purwadadi
Ciamis,Rajadesa,0.9621070888339569,Ciamis_Rajadesa
Ciamis,Rancah,0.9466724035970562,Ciamis_Rancah
Ciamis,Sadananya,0.9654764221335844,Ciamis_Sadananya
Ciamis,Sindangkasih,0.9744993364340323,Ciamis_Sindangkasih
Ciamis,Sukadana,0.9570847993894831,Ciamis_Sukadana
Ciamis,Sukamantri,0.9705872404371003,Ciamis_Sukamantri
Ciamis,Tambaksari,0.943256507084701,Ciamis_Tambaksari
Cianjur,Agrabinta,0.9811417888082291,Cianjur_Agrabinta
Cianjur,Bojongpicung,0.9599200379568518,Cianjur_Bojongpicung
Cianjur,Campaka,0.9581220431312648,Cianjur_Campaka
Cianjur,Campakamulya,0.9605510824593082,Cianjur_Campakamulya
Cianjur,Cianjur,0.9797324828656909,Cianjur_Cianjur
Cianjur,Cibeber,0.9631032231843576,Cianjur_Cibeber
Cianjur,Cibinong,0.9643125887533165,Cianjur_Cibinong
Cianjur,Cidaun,0.9559772321965774,Cianjur_Cidaun
Cianjur,Cijati,0.9742784271778381,Cianjur_Cijati
Cianjur,Cikadu,0.9517237721631296,Cianjur_Cikadu
Cianjur,Cikalongkulon,0.972366019078572,Cianjur_Cikalongkulon
Cianjur,Cilaku,0.9773338175561005,Cianjur_Cilaku
Cianjur,Cipanas,0.9632419068336872,Cianjur_Cipanas
Cianjur,Ciranjang,0.9754751804935626,Cianjur_Ciranjang
Cianjur,Cugenang,0.9648663518556756,Cianjur_Cugenang
Cianjur,Gekbrong,0.966566079586401,Cianjur_Gekbrong
Cianjur,Haurwangi,0.9662147314609213,Cianjur_Haurwangi
Cianjur,Kadupandak,0.9733409577476819,Cianjur_Kadupandak
Cianjur,Karangtengah,0.9781125441870444,Cianjur_Karangtengah
Cianjur,Leles,0.9691073113866017,Cianjur_Leles
Cianjur,Mande,0.9737722343059331,Cianjur_Mande
Cianjur,Naringgul,0.9417162972701254,Cianjur_Naringgul
Cianjur,Pacet,0.9723086319111088,Cianjur_Pacet
Cianjur,Pagelaran,0.9697911715529461,Cianjur_Pagelaran
Cianjur,Pasirkuda,0.9583937883320222,Cianjur_Pasirkuda
Cianjur,Sindangbarang,0.9761468019788373,Cianjur_Sindangbarang
Cianjur,Sukaluyu,0.9774929147662819,Cianjur_Sukaluyu
Cianjur,Sukanagara,0.9643089038952023,Cianjur_Sukanagara
Cianjur,Sukaresmi,0.9683838463027834,Cianjur_Sukaresmi
Cianjur,Takokak,0.9723816992050973,Cianjur_Takokak
Cianjur,Tanggeung,0.9681944957225959,Cianjur_Tanggeung
Cianjur,Warungkondang,0.9712382669007855,Cianjur_Warungkondang
Cilacap,Adipala,0.9864969384874233,Cilacap_Adipala
Cilacap,Bantarsari,0.9618801291256132,Cilacap_Bantarsari
Cilacap,Binangun,0.9879978292123871,Cilacap_Binangun
Cilacap,Cilacap Selatan,0.9607191377682205,Cilacap_Cilacap Selatan
Cilacap,Cilacap Tengah,0.9792774147505822,Cilacap_Cilacap Tengah
Cilacap,Cilacap Utara,0.981163117706999,Cilacap_Cilacap Utara
Cilacap,Cimanggu,0.9636046372286118,Cilacap_Cimanggu
Cilacap,Cipari,0.9487676287572967,Cilacap_Cipari
Cilacap,Dayeuhluhur,0.945356566655306,Cilacap_Dayeuhluhur
Cilacap,Gandrungmangu,0.957473755354226,Cilacap_Gandrungmangu
Cilacap,Jeruklegi,0.9767215277464996,Cilacap_Jeruklegi
Cilacap,Kampung Laut,0.9747904520411619,Cilacap_Kampung Laut
Cilacap,Karangpucung,0.9685648849570407,Cilacap_Karangpucung
Cilacap,Kawunganten,0.9760856375376091,Cilacap_Kawunganten
Cilacap,Kedungreja,0.9582342319857129,Cilacap_Kedungreja
Cilacap,Kesugihan,0.982383261686523,Cilacap_Kesugihan
Cilacap,Kroya,0.9873882202580683,Cilacap_Kroya
Cilacap,Majenang,0.9699504309674111,Cilacap_Majenang
Cilacap,Maos,0.9864533614931592,Cilacap_Maos
Cilacap,Nusawungu,0.9877918617795789,Cilacap_Nusawungu
Cilacap,Patimuan,0.9642694584332222,Cilacap_Patimuan
Cilacap,Sampang,0.9869440511755955,Cilacap_Sampang
Cilacap,Sidareja,0.9537783645604766,Cilacap_Sidareja
Cilacap,Wanareja,0.9530749631228617,Cilacap_Wanareja
Cirebon,Arjawinangun,0.9876033548314778,Cirebon_Arjawinangun
Cirebon,Astanajapura,0.9913585846602228,Cirebon_Astanajapura
Cirebon,Babakan,0.9937246237751166,Cirebon_Babakan
Cirebon,Beber,0.9841990964253712,Cirebon_Beber
Cirebon,Ciledug,0.9935340081314411,Cirebon_Ciledug
Cirebon,Ciwaringin,0.9915010614207612,Cirebon_Ciwaringin
Cirebon,Depok,0.9891271768286105,Cirebon_Depok
Cirebon,Dukupuntang,0.980937006715997,Cirebon_Dukupuntang
Cirebon,Gebang,0.9929213525266463,Cirebon_Gebang
Cirebon,Gegesik,0.9876581967676528,Cirebon_Gegesik
Cirebon,Gempol,0.9825632165306516,Cirebon_Gempol
Cirebon,Greged,0.9834360395145715,Cirebon_Greged
Cirebon,Gunung Jati,0.9857355986815868,Cirebon_Gunung Jati
Cirebon,Jamblang,0.9873163425633076,Cirebon_Jamblang
Cirebon,Kaliwedi,0.9869041772992789,Cirebon_Kaliwedi
Cirebon,Kapetakan,0.9845119851721987,Cirebon_Kapetakan
Cirebon,Karangsembung,0.9915673662149174,Cirebon_Karangsembung
Cirebon,Karangwareng,0.9897945268430407,Cirebon_Karangwareng
Cirebon,Kedawung,0.9897676569380703,Cirebon_Kedawung
Cirebon,Klangenan,0.9879798666721321,Cirebon_Klangenan
Cirebon,Lemahabang,0.9894078325746704,Cirebon_Lemahabang
Cirebon,Losari,0.9900180733075511,Cirebon_Losari
Cirebon,Mundu,0.9869357680290161,Cirebon_Mundu
Cirebon,Pabedilan,0.9909387450604018,Cirebon_Pabedilan
Cirebon,Pabuaran,0.9933513420872373,Cirebon_Pabuaran
Cirebon,Palimanan,0.9888819535870264,Cirebon_Palimanan
Cirebon,Pangenan,0.9924609136432779,Cirebon_Pangenan
Cirebon,Panguragan,0.9880173365390055,Cirebon_Panguragan
Cirebon,Pasaleman,0.985502551718561,Cirebon_Pasaleman
Cirebon,Plered,0.9851076966232468,Cirebon_Plered
Cirebon,Plumbon,0.9903688300405509,Cirebon_Plumbon
Cirebon,Sedong,0.9839963766073705,Cirebon_Sedong
Cirebon,Sumber,0.9875658122139286,Cirebon_Sumber
Cirebon,Suranenggala,0.9852954360723011,Cirebon_Suranenggala
Cirebon,Susukan,0.9907361124622227,Cirebon_Susukan
Cirebon,Susukan Lebak,0.9899259327787151,Cirebon_Susukan Lebak
Cirebon,Talun,0.9855166641513313,Cirebon_Talun
Cirebon,Tengah Tani,0.9863543796503658,Cirebon_Tengah Tani
Cirebon,Waled,0.9880762456436812,Cirebon_Waled
Cirebon,Weru,0.9909543216958951,Cirebon_Weru
Demak,Bonang,0.9974913040108403,Demak_Bonang
Demak,Demak,0.9970999276912164,Demak_Demak
Demak,Dempet,0.9936697243675896,Demak_Dempet
Demak,Gajah,0.9937319644114212,Demak_Gajah
Demak,Guntur,0.9951208361970577,Demak_Guntur
Demak,Karanganyar,0.9962845075747583,Demak_Karanganyar
Demak,Karangawen,0.9884538448149193,Demak_Karangawen
Demak,Karangtengah,0.9962109647700446,Demak_Karangtengah
Demak,Kebonagung,0.987358897210789,Demak_Kebonagung
Demak,Mijen,0.9957635553342596,Demak_Mijen
Demak,Mranggen,0.9892084978455734,Demak_Mranggen
Demak,Sayung,0.9949583236822412,Demak_Sayung
Demak,Wedung,0.9983704872059421,Demak_Wedung
Demak,Wonosalam,0.9940950079581583,Demak_Wonosalam
Garut,Banjarwangi,0.9417381166806384,Garut_Banjarwangi
Garut,Banyuresmi,0.9701672761681956,Garut_Banyuresmi
Garut,Bayongbong,0.9691279908620583,Garut_Bayongbong
Garut,Bl. Limbangan,0.9656590618082052,Garut_Bl. Limbangan
Garut,Bungbulang,0.9516875281959667,Garut_Bungbulang
Garut,Caringin,0.9582724436503208,Garut_Caringin
Garut,Cibalong,0.9359980080421768,Garut_Cibalong
Garut,Cibatu,0.9706627033469127,Garut_Cibatu
Garut,Cibiuk,0.972384461039261,Garut_Cibiuk
Garut,Cigedug,0.95548708620068,Garut_Cigedug
Garut,Cihurip,0.9368627877541446,Garut_Cihurip
Garut,Cikajang,0.9555611208315895,Garut_Cikajang
Garut,Cikelet,0.9529271181925809,Garut_Cikelet
Garut,Cilawu,0.9605118915527708,Garut_Cilawu
Garut,Cisewu,0.9444532334123861,Garut_Cisewu
Garut,Cisompet,0.9397774733698306,Garut_Cisompet
Garut,Cisurupan,0.9578138746343553,Garut_Cisurupan
Garut,Garut Kota,0.9672255173280065,Garut_Garut Kota
Garut,Kadungora,0.9664953135614575,Garut_Kadungora
Garut,Karangpawitan,0.9663519921076357,Garut_Karangpawitan
Garut,Karangtengah,0.9370452144241691,Garut_Karangtengah
Garut,Kersamanah,0.9640131745535547,Garut_Kersamanah
Garut,Leles,0.9451355602162872,Garut_Leles
Garut,Leuwigoong,0.9714345152729871,Garut_Leuwigoong
Garut,Malangbong,0.9606764588147672,Garut_Malangbong
Garut,Mekarmukti,0.9611025241934957,Garut_Mekarmukti
Garut,Pakenjeng,0.953096852201615,Garut_Pakenjeng
Garut,Pameungpeuk,0.9518094162303838,Garut_Pameungpeuk
Garut,Pamulihan,0.9517625786302172,Garut_Pamulihan
Garut,Pangatikan,0.9593734275317978,Garut_Pangatikan
Garut,Pasirwangi,0.9591593456774069,Garut_Pasirwangi
Garut,Peundeuy,0.929928732651342,Garut_Peundeuy
Garut,Samarang,0.9541195864247666,Garut_Samarang
Garut,Selaawi,0.9641007403881551,Garut_Selaawi
Garut,Singajaya,0.9536104032530832,Garut_Singajaya
Garut,Sucinaraja,0.9515532289132487,Garut_Sucinaraja
Garut,Sukaresmi,0.9606873919339961,Garut_Sukaresmi
Garut,Sukawening,0.948100487313537,Garut_Sukawening
Garut,Talegong,0.9463578550776068,Garut_Talegong
Garut,Tarogong Kaler,0.9574645705367517,Garut_Tarogong Kaler
Garut,Tarogong Kidul,0.9785656231871459,Garut_Tarogong Kidul
Garut,Wanaraja,0.9626255999739267,Garut_Wanaraja
Gresik,Balongpanggang,0.9374133761442979,Gresik_Balongpanggang
Gresik,Benjeng,0.9241828609453566,Gresik_Benjeng
Gresik,Bungah,0.9380341402373024,Gresik_Bungah
Gresik,Cerme,,Gresik_Cerme
Gresik,Driyorejo,,Gresik_Driyorejo
Gresik,Duduksampeyan,,Gresik_Duduksampeyan
Gresik,Dukun,0.862161341789809,Gresik_Dukun
Gresik,Gresik,,Gresik_Gresik
Gresik,Kebomas,,Gresik_Kebomas
Gresik,Kedamean,0.9404938729298543,Gresik_Kedamean
Gresik,Manyar,,Gresik_Manyar
Gresik,Menganti,,Gresik_Menganti
Gresik,Panceng,0.8552558025896619,Gresik_Panceng
Gresik,Sangkapura,,Gresik_Sangkapura
Gresik,Sidayu,0.8688556099483341,Gresik_Sidayu
Gresik,Tambak,,Gresik_Tambak
Gresik,Ujungpangkah,0.843194274836104,Gresik_Ujungpangkah
Gresik,Wringinanom,0.9507323919185775,Gresik_Wringinanom
Grobogan,Brati,0.9749117166810924,Grobogan_Brati
Grobogan,Gabus,0.966415412698665,Grobogan_Gabus
Grobogan,Geyer,0.9467375154043839,Grobogan_Geyer
Grobogan,Godong,0.989013768326046,Grobogan_Godong
Grobogan,Grobogan,0.9677523031866501,Grobogan_Grobogan
Grobogan,Gubug,0.9893042627101605,Grobogan_Gubug
Grobogan,Karangrayung,0.9662451264324844,Grobogan_Karangrayung
Grobogan,Kedungjati,0.9688756267844154,Grobogan_Kedungjati
Grobogan,Klambu,0.9866931011171608,Grobogan_Klambu
Grobogan,Kradenan,0.96712191623447,Grobogan_Kradenan
Grobogan,Ngaringan,0.9616006447360919,Grobogan_Ngaringan
Grobogan,Penawangan,0.9620257057862165,Grobogan_Penawangan
Grobogan,Pulokulon,0.9668867719123144,Grobogan_Pulokulon
Grobogan,Purwodadi,0.9709402735112056,Grobogan_Purwodadi
Grobogan,Tanggungharjo,0.9707449079169505,Grobogan_Tanggungharjo
Grobogan,Tawangharjo,0.9662905152691091,Grobogan_Tawangharjo
Grobogan,Tegowanu,0.9907415805904308,Grobogan_Tegowanu
Grobogan,Toroh,0.9591340787689231,Grobogan_Toroh
Grobogan,Wirosari,0.9674463353521013,Grobogan_Wirosari
Gunungkidul,Gedangsari,0.9122085522509805,Gunungkidul_Gedangsari
Gunungkidul,Girisubo,0.9666644392895949,Gunungkidul_Girisubo
Gunungkidul,Karangmojo,0.9526711383935962,Gunungkidul_Karangmojo
Gunungkidul,Ngawen,0.9256811714941687,Gunungkidul_Ngawen
Gunungkidul,Nglipar,0.9259856169507783,Gunungkidul_Nglipar
Gunungkidul,Paliyan,0.9657428614215676,Gunungkidul_Paliyan
Gunungkidul,Panggang,0.9526690757079563,Gunungkidul_Panggang
Gunungkidul,Patuk,0.9352361861093259,Gunungkidul_Patuk
Gunungkidul,Playen,0.9453252558803783,Gunungkidul_Playen
Gunungkidul,Ponjong,0.9444678513362791,Gunungkidul_Ponjong
Gunungkidul,Purwosari,0.9557726161272716,Gunungkidul_Purwosari
Gunungkidul,Rongkop,0.9537831456289164,Gunungkidul_Rongkop
Gunungkidul,Saptosari,0.9572180101319616,Gunungkidul_Saptosari
Gunungkidul,Semanu,0.9701443544575554,Gunungkidul_Semanu
Gunungkidul,Semin,0.9300040755309501,Gunungkidul_Semin
Gunungkidul,Tanjungsari,0.9588247632850944,Gunungkidul_Tanjungsari
Gunungkidul,Tepus,0.9726596340296865,Gunungkidul_Tepus
Gunungkidul,Wonosari,0.9617371939120637,Gunungkidul_Wonosari
Indramayu,Anjatan,0.9755223718152748,Indramayu_Anjatan
Indramayu,Arahan,0.9756879064285638,Indramayu_Arahan
Indramayu,Balongan,0.984040950647567,Indramayu_Balongan
Indramayu,Bangodua,0.9832078308068752,Indramayu_Bangodua
Indramayu,Bongas,0.9697799287495634,Indramayu_Bongas
Indramayu,Cantigi,0.9665773122965439,Indramayu_Cantigi
Indramayu,Cikedung,0.9873152833779805,Indramayu_Cikedung
Indramayu,Gabuswetan,0.9782739524697964,Indramayu_Gabuswetan
Indramayu,Gantar,0.9887077664392151,Indramayu_Gantar
Indramayu,Haurgeulis,0.9823936516565401,Indramayu_Haurgeulis
Indramayu,Indramayu,0.9855214878288516,Indramayu_Indramayu
Indramayu,Jatibarang,0.987080296623354,Indramayu_Jatibarang
Indramayu,Juntinyuat,0.9811087008821829,Indramayu_Juntinyuat
Indramayu,Kandanghaur,0.9773080270158064,Indramayu_Kandanghaur
Indramayu,Karangampel,0.9840221252770429,Indramayu_Karangampel
Indramayu,Kedokan Bunder,0.9821915039373882,Indramayu_Kedokan Bunder
Indramayu,Kertasemaya,0.9846664689089434,Indramayu_Kertasemaya
Indramayu,Krangkeng,0.9894133092194308,Indramayu_Krangkeng
Indramayu,Kroya,0.9809354141311853,Indramayu_Kroya
Indramayu,Lelea,0.9866411639924242,Indramayu_Lelea
Indramayu,Lohbener,0.9789970151006455,Indramayu_Lohbener
Indramayu,Losarang,0.9862723328756321,Indramayu_Losarang
Indramayu,Pasekan,0.9058516609126163,Indramayu_Pasekan
Indramayu,Patrol,0.9760286096976791,Indramayu_Patrol
Indramayu,Sindang,0.9739233348882917,Indramayu_Sindang
Indramayu,Sliyeg,0.9873010401603913,Indramayu_Sliyeg
Indramayu,Sukagumiwang,0.9859682907744339,Indramayu_Sukagumiwang
Indramayu,Sukra,0.9736484574801307,Indramayu_Sukra
Indramayu,Terisi,0.9887425175274447,Indramayu_Terisi
Indramayu,Tukdana,0.9861757887755793,Indramayu_Tukdana
Indramayu,Widasari,0.9865669565209745,Indramayu_Widasari
Jember,Ajung,0.8669686257510743,Jember_Ajung
Jember,Ambulu,0.8896356007222873,Jember_Ambulu
Jember,Arjasa,0.8327914536830934,Jember_Arjasa
Jember,Balung,0.8658464416775038,Jember_Balung
Jember,Bangsalsari,0.8253719568549929,Jember_Bangsalsari
Jember,Gumukmas,0.891659946673491,Jember_Gumukmas
Jember,Jelbuk,0.7534604464353635,Jember_Jelbuk
Jember,Jenggawah,0.8696897702160951,Jember_Jenggawah
Jember,Jombang,0.8688359646695503,Jember_Jombang
Jember,Kalisat,0.8526445228002243,Jember_Kalisat
Jember,Kaliwates,0.9054183625526212,Jember_Kaliwates
Jember,Kencong,0.8921788158103736,Jember_Kencong
Jember,Ledokombo,0.8021725090240333,Jember_Ledokombo
Jember,Mayang,0.8206946627800584,Jember_Mayang
Jember,Mumbulsari,0.8376295564265589,Jember_Mumbulsari
Jember,Pakusari,0.868023101745553,Jember_Pakusari
Jember,Panti,0.7587946960938362,Jember_Panti
Jember,Patrang,0.8757945317615596,Jember_Patrang
Jember,Puger,0.8497761701136052,Jember_Puger
Jember,Rambipuji,0.8628677559003463,Jember_Rambipuji
Jember,Semboro,0.8967369143241476,Jember_Semboro
Jember,Silo,0.7653823209048278,Jember_Silo
Jember,Sukorambi,0.8484855710996099,Jember_Sukorambi
Jember,Sukowono,0.8434257199385597,Jember_Sukowono
Jember,Sumberbaru,0.8766501743182259,Jember_Sumberbaru
Jember,Sumberjambe,0.7810017314944404,Jember_Sumberjambe
Jember,Sumbersari,0.8858855408979243,Jember_Sumbersari
Jember,Tanggul,0.8448649385273866,Jember_Tanggul
Jember,Tempurejo,0.7888066011233318,Jember_Tempurejo
Jember,Umbulsari,0.8803153826525616,Jember_Umbulsari
Jember,Wuluhan,0.8626783285185162,Jember_Wuluhan
Jepara,Bangsri,0.9966620698800327,Jepara_Bangsri
Jepara,Batealit,0.9949026254179547,Jepara_Batealit
Jepara,Donorojo,0.9906724067756003,Jepara_Donorojo
Jepara,Jepara,0.9982830634629323,Jepara_Jepara
Jepara,Kalinyamatan,0.9960867308013122,Jepara_Kalinyamatan
Jepara,Karimunjawa,0.9454498593800218,Jepara_Karimunjawa
Jepara,Kedung,0.9990156804986127,Jepara_Kedung
Jepara,Keling,0.9919016437185285,Jepara_Keling
Jepara,Kembang,0.9940918009724017,Jepara_Kembang
Jepara,Mayong,0.994857683965618,Jepara_Mayong
Jepara,Mlonggo,0.9971003941308079,Jepara_Mlonggo
Jepara,Nalumsari,0.9922778292385394,Jepara_Nalumsari
Jepara,Pakis Aji,0.9962231811761609,Jepara_Pakis Aji
Jepara,Pecangaan,0.9976275832650968,Jepara_Pecangaan
Jepara,Tahunan,0.9979048883302751,Jepara_Tahunan
Jepara,Welahan,0.9960564194013184,Jepara_Welahan
Jombang,Bandarkedungmulyo,0.9461469888870926,Jombang_Bandarkedungmulyo
Jombang,Bareng,0.9224966176533439,Jombang_Bareng
Jombang,Diwek,0.9333001751886352,Jombang_Diwek
Jombang,Gudo,0.89616321815277,Jombang_Gudo
Jombang,Jogoroto,0.9326078316899146,Jombang_Jogoroto
Jombang,Jombang,0.9181609233915018,Jombang_Jombang
Jombang,Kabuh,0.9176933439384877,Jombang_Kabuh
Jombang,Kesamben,0.9307885213038892,Jombang_Kesamben
Jombang,Kudu,0.9314227738111,Jombang_Kudu
Jombang,Megaluh,0.9395017126436908,Jombang_Megaluh
Jombang,Mojoagung,0.9330854088322971,Jombang_Mojoagung
Jombang,Mojowarno,0.9380594300504671,Jombang_Mojowarno
Jombang,Ngoro,0.9114067587410454,Jombang_Ngoro
Jombang,Ngusikan,0.9183775780399218,Jombang_Ngusikan
Jombang,Perak,0.9461353404668418,Jombang_Perak
Jombang,Peterongan,0.9325658612161806,Jombang_Peterongan
Jombang,Plandaan,0.9346193545725249,Jombang_Plandaan
Jombang,Ploso,0.9174901080453344,Jombang_Ploso
Jombang,Sumobito,0.9356805592401485,Jombang_Sumobito
Jombang,Tembelang,0.92297887312449,Jombang_Tembelang
Jombang,Wonosalam,0.8615290536001116,Jombang_Wonosalam
Karanganyar,Colomadu,0.9741875990095117,Karanganyar_Colomadu
Karanganyar,Gondangrejo,0.9704400233876461,Karanganyar_Gondangrejo
Karanganyar,Jaten,0.95790268674575,Karanganyar_Jaten
Karanganyar,Jatipuro,0.9433019582391109,Karanganyar_Jatipuro
Karanganyar,Jatiyoso,0.8956277408936195,Karanganyar_Jatiyoso
Karanganyar,Jenawi,0.9218510486304791,Karanganyar_Jenawi
Karanganyar,Jumantono,0.9487686003542514,Karanganyar_Jumantono
Karanganyar,Jumapolo,0.9418140110533605,Karanganyar_Jumapolo
Karanganyar,Karanganyar,0.956287161605077,Karanganyar_Karanganyar
Karanganyar,Karangpandan,0.9449417140771557,Karanganyar_Karangpandan
Karanganyar,Kebakkramat,0.9599185009380721,Karanganyar_Kebakkramat
Karanganyar,Kerjo,0.9514469729669839,Karanganyar_Kerjo
Karanganyar,Matesih,0.9494492693207325,Karanganyar_Matesih
Karanganyar,Mojogedang,0.9582030244335972,Karanganyar_Mojogedang
Karanganyar,Ngargoyoso,0.9252978459981499,Karanganyar_Ngargoyoso
Karanganyar,Tasikmadu,0.950304338930563,Karanganyar_Tasikmadu
Karanganyar,Tawangmangu,0.9133350410343185,Karanganyar_Tawangmangu
Karawang,Banyusari,0.9890611015970442,Karawang_Banyusari
Karawang,Batujaya,0.9798515301853465,Karawang_Batujaya
Karawang,Ciampel,0.9876441605587812,Karawang_Ciampel
Karawang,Cibuaya,0.9705757635825896,Karawang_Cibuaya
Karawang,Cikampek,0.9898268772434411,Karawang_Cikampek
Karawang,Cilamaya Kulon,0.9894902542732843,Karawang_Cilamaya Kulon
Karawang,Cilamaya Wetan,0.9889189679635376,Karawang_Cilamaya Wetan
Karawang,Cilebar,0.9868568170559159,Karawang_Cilebar
Karawang,Jatisari,0.9871269038895844,Karawang_Jatisari
Karawang,Jayakerta,0.9881686529048525,Karawang_Jayakerta
Karawang,Karawang Barat,0.990048226740583,Karawang_Karawang Barat
Karawang,Karawang Timur,0.9932694050582842,Karawang_Karawang Timur
Karawang,Klari,0.9895993348146049,Karawang_Klari
Karawang,Kota Baru,0.9911680203763338,Karawang_Kota Baru
Karawang,Kutawaluya,0.9872776848663335,Karawang_Kutawaluya
Karawang,Lemahabang,0.9916665246173426,Karawang_Lemahabang
Karawang,Majalaya,0.9879816267469378,Karawang_Majalaya
Karawang,Pakisjaya,0.9807127359687619,Karawang_Pakisjaya
Karawang,Pangkalan,0.9865160414489512,Karawang_Pangkalan
Karawang,Pedes,0.9858078213993653,Karawang_Pedes
Karawang,Purwasari,0.990218815317011,Karawang_Purwasari
Karawang,Rawamerta,0.9914735512157526,Karawang_Rawamerta
Karawang,Rengasdengklok,0.9869009932031192,Karawang_Rengasdengklok
Karawang,Tegalwaru,0.9702495288545341,Karawang_Tegalwaru
Karawang,Telagasari,0.9922448410137494,Karawang_Telagasari
Karawang,Telukjambe Barat,0.989362721479068,Karawang_Telukjambe Barat
Karawang,Telukjambe Timur,0.9901187059225579,Karawang_Telukjambe Timur
Karawang,Tempuran,0.9874627487118491,Karawang_Tempuran
Karawang,Tirtajaya,0.9753685001444983,Karawang_Tirtajaya
Karawang,Tirtamulya,0.9889990817116004,Karawang_Tirtamulya
Kebumen,Adimulyo,0.9830565481868351,Kebumen_Adimulyo
Kebumen,Alian,0.968910895163982,Kebumen_Alian
Kebumen,Ambal,0.9881714736060312,Kebumen_Ambal
Kebumen,Ayah,0.9856943333706805,Kebumen_Ayah
Kebumen,Bonorowo,0.986335247773889,Kebumen_Bonorowo
Kebumen,Buayan,0.9834831418431175,Kebumen_Buayan
Kebumen,Buluspesantren,0.9883961742881793,Kebumen_Buluspesantren
Kebumen,Gombong,0.9869441217055822,Kebumen_Gombong
Kebumen,Karanganyar,0.9808365037696876,Kebumen_Karanganyar
Kebumen,Karanggayam,0.9678657325516052,Kebumen_Karanggayam
Kebumen,Karangsambung,0.9706738972338671,Kebumen_Karangsambung
Kebumen,Kebumen,0.9804181920896866,Kebumen_Kebumen
Kebumen,Klirong,0.9875415210273064,Kebumen_Klirong
Kebumen,Kutowinangun,0.9783592386717225,Kebumen_Kutowinangun
Kebumen,Kuwarasan,0.9874438007541976,Kebumen_Kuwarasan
Kebumen,Mirit,0.9886799236846743,Kebumen_Mirit
Kebumen,Padureso,0.9641963885185806,Kebumen_Padureso
Kebumen,Pejagoan,0.9748657706421106,Kebumen_Pejagoan
Kebumen,Petanahan,0.9899419883139859,Kebumen_Petanahan
Kebumen,Poncowarno,0.9707026901682237,Kebumen_Poncowarno
Kebumen,Prembun,0.9864233598678595,Kebumen_Prembun
Kebumen,Puring,0.9912683728174537,Kebumen_Puring
Kebumen,Rowokele,0.9822496810018507,Kebumen_Rowokele
Kebumen,Sadang,0.9618552651015811,Kebumen_Sadang
Kebumen,Sempor,0.9724359747862836,Kebumen_Sempor
Kebumen,Sruweng,0.98855820493899,Kebumen_Sruweng
Kediri,Badas,0.8923052755367514,Kediri_Badas
Kediri,Banyakan,0.8677111238220281,Kediri_Banyakan
Kediri,Gampengrejo,0.9228048265757632,Kediri_Gampengrejo
Kediri,Grogol,0.8885874911643309,Kediri_Grogol
Kediri,Gurah,0.890198771272222,Kediri_Gurah
Kediri,Kandangan,0.91396168101467,Kediri_Kandangan
Kediri,Kandat,0.9018924761814956,Kediri_Kandat
Kediri,Kayen Kidul,0.8920223874870227,Kediri_Kayen Kidul
Kediri,Kepung,0.8973819774953953,Kediri_Kepung
Kediri,Kras,0.895163744166541,Kediri_Kras
Kediri,Kunjang,0.8909877769769042,Kediri_Kunjang
Kediri,Mojo,0.8428183834577004,Kediri_Mojo
Kediri,Ngadiluwih,0.9079606495348719,Kediri_Ngadiluwih
Kediri,Ngancar,0.8849089060836222,Kediri_Ngancar
Kediri,Ngasem,0.9055676332520181,Kediri_Ngasem
Kediri,Pagu,0.9156939923772888,Kediri_Pagu
Kediri,Papar,0.9183554147981952,Kediri_Papar
Kediri,Pare,0.8984784476682952,Kediri_Pare
Kediri,Plemahan,0.8946948420519394,Kediri_Plemahan
Kediri,Plosoklaten,0.8833256459689791,Kediri_Plosoklaten
Kediri,Puncu,0.8684886815599462,Kediri_Puncu
Kediri,Purwoasri,0.8958693875523105,Kediri_Purwoasri
Kediri,Ringinrejo,0.9024786574825976,Kediri_Ringinrejo
Kediri,Semen,0.822871462292626,Kediri_Semen
Kediri,Tarokan,0.9032137049083634,Kediri_Tarokan
Kediri,Wates,0.9027899456108301,Kediri_Wates
Kendal,Boja,0.9810627785941578,Kendal_Boja
Kendal,Brangsong,0.9938276003665333,Kendal_Brangsong
Kendal,Cepiring,0.9945647092200469,Kendal_Cepiring
Kendal,Gemuh,0.9944710170236015,Kendal_Gemuh
Kendal,Kaliwungu,0.9973274270524878,Kendal_Kaliwungu
Kendal,Kaliwungu Selatan,0.9897641031305688,Kendal_Kaliwungu Selatan
Kendal,Kangkung,0.9943951283026655,Kendal_Kangkung
Kendal,Kendal,0.994732756248598,Kendal_Kendal
Kendal,Limbangan,0.9734111093780359,Kendal_Limbangan
Kendal,Ngampel,0.9944443084622785,Kendal_Ngampel
Kendal,Pageruyung,0.9840287565353296,Kendal_Pageruyung
Kendal,Patean,0.9867820712933866,Kendal_Patean
Kendal,Patebon,0.9931822705819896,Kendal_Patebon
Kendal,Pegandon,0.9897997308401293,Kendal_Pegandon
Kendal,Plantungan,0.9790576923601172,Kendal_Plantungan
Kendal,Ringinarum,0.9942485243887728,Kendal_Ringinarum
Kendal,Rowosari,0.9948307818918827,Kendal_Rowosari
Kendal,Singorojo,0.9780778709675212,Kendal_Singorojo
Kendal,Sukorejo,0.9805800283489462,Kendal_Sukorejo
Kendal,Weleri,0.9944974676675159,Kendal_Weleri
Klaten,Bayat,0.9436071637700608,Klaten_Bayat
Klaten,Cawas,0.9594824298214183,Klaten_Cawas
Klaten,Ceper,0.9689856596391868,Klaten_Ceper
Klaten,Delanggu,0.9669977505165172,Klaten_Delanggu
Klaten,Gantiwarno,0.9675142504681279,Klaten_Gantiwarno
Klaten,Jatinom,0.9666994384957568,Klaten_Jatinom
Klaten,Jogonalan,0.9663528448288231,Klaten_Jogonalan
Klaten,Juwiring,0.9666439394732682,Klaten_Juwiring
Klaten,Kalikotes,0.9608770834572161,Klaten_Kalikotes
Klaten,Karanganom,0.9667571631281953,Klaten_Karanganom
Klaten,Karangdowo,0.9556772956002172,Klaten_Karangdowo
Klaten,Karangnongko,0.966522246614939,Klaten_Karangnongko
Klaten,Kebonarum,0.9721172711817267,Klaten_Kebonarum
Klaten,Kemalang,0.9648033801628508,Klaten_Kemalang
Klaten,Klaten Selatan,0.9670344401683735,Klaten_Klaten Selatan
Klaten,Klaten Tengah,0.9633777139020808,Klaten_Klaten Tengah
Klaten,Klaten Utara,0.9725246861792041,Klaten_Klaten Utara
Klaten,Manisrenggo,0.9749390069086491,Klaten_Manisrenggo
Klaten,Ngawen,0.9679778343060839,Klaten_Ngawen
Klaten,Pedan,0.9645269794345079,Klaten_Pedan
Klaten,Polanharjo,0.9677791047365225,Klaten_Polanharjo
Klaten,Prambanan,0.9644799243200997,Klaten_Prambanan
Klaten,Trucuk,0.9602381210031207,Klaten_Trucuk
Klaten,Tulung,0.9719523542117205,Klaten_Tulung
Klaten,Wedi,0.9649392702498832,Klaten_Wedi
Klaten,Wonosari,0.9664785444190054,Klaten_Wonosari
Kota Adm. Jakarta Barat,Cengkareng,0.9913726329415132,Kota Adm. Jakarta Barat_Cengkareng
Kota Adm. Jakarta Barat,Grogol Petamburan,0.9912576746557988,Kota Adm. Jakarta Barat_Grogol Petamburan
Kota Adm. Jakarta Barat,Kalideres,0.9912217630032244,Kota Adm. Jakarta Barat_Kalideres
Kota Adm. Jakarta Barat,Kebon Jeruk,0.9905145993697473,Kota Adm. Jakarta Barat_Kebon Jeruk
Kota Adm. Jakarta Barat,Kembangan,0.9913063460055955,Kota Adm. Jakarta Barat_Kembangan
Kota Adm. Jakarta Barat,Pal Merah,0.9910255161420211,Kota Adm. Jakarta Barat_Pal Merah
Kota Adm. Jakarta Barat,Taman Sari,0.9904278874341718,Kota Adm. Jakarta Barat_Taman Sari
Kota Adm. Jakarta Barat,Tambora,0.9911529758866626,Kota Adm. Jakarta Barat_Tambora
Kota Adm. Jakarta Pusat,Cempaka Putih,0.9912246280366244,Kota Adm. Jakarta Pusat_Cempaka Putih
Kota Adm. Jakarta Pusat,Gambir,0.990650358230801,Kota Adm. Jakarta Pusat_Gambir
Kota Adm. Jakarta Pusat,Johar Baru,0.9917210001429322,Kota Adm. Jakarta Pusat_Johar Baru
Kota Adm. Jakarta Pusat,Kemayoran,0.991327463041075,Kota Adm. Jakarta Pusat_Kemayoran
Kota Adm. Jakarta Pusat,Menteng,0.9906195214598266,Kota Adm. Jakarta Pusat_Menteng
Kota Adm. Jakarta Pusat,Sawah Besar,0.9908490011190068,Kota Adm. Jakarta Pusat_Sawah Besar
Kota Adm. Jakarta Pusat,Senen,0.9908038891866487,Kota Adm. Jakarta Pusat_Senen
Kota Adm. Jakarta Pusat,Tanah Abang,0.9891913441146187,Kota Adm. Jakarta Pusat_Tanah Abang
Kota Adm. Jakarta Selatan,Cilandak,0.9898752351692687,Kota Adm. Jakarta Selatan_Cilandak
Kota Adm. Jakarta Selatan,Jagakarsa,0.9860550311454425,Kota Adm. Jakarta Selatan_Jagakarsa
Kota Adm. Jakarta Selatan,Kebayoran Baru,0.9894342428765949,Kota Adm. Jakarta Selatan_Kebayoran Baru
Kota Adm. Jakarta Selatan,Kebayoran Lama,0.9893887059178132,Kota Adm. Jakarta Selatan_Kebayoran Lama
Kota Adm. Jakarta Selatan,Mampang Prapatan,0.9898243156481458,Kota Adm. Jakarta Selatan_Mampang Prapatan
Kota Adm. Jakarta Selatan,Pancoran,0.9894753517369309,Kota Adm. Jakarta Selatan_Pancoran
Kota Adm. Jakarta Selatan,Pasar Minggu,0.989699278780471,Kota Adm. Jakarta Selatan_Pasar Minggu
Kota Adm. Jakarta Selatan,Pesanggrahan,0.9903870737989873,Kota Adm. Jakarta Selatan_Pesanggrahan
Kota Adm. Jakarta Selatan,Setiabudi,0.9887804943127991,Kota Adm. Jakarta Selatan_Setiabudi
Kota Adm. Jakarta Selatan,Tebet,0.9899505626028331,Kota Adm. Jakarta Selatan_Tebet
Kota Adm. Jakarta Timur,Cakung,0.9908672368159845,Kota Adm. Jakarta Timur_Cakung
Kota Adm. Jakarta Timur,Cipayung,0.9865098400717398,Kota Adm. Jakarta Timur_Cipayung
Kota Adm. Jakarta Timur,Ciracas,0.9854247326593623,Kota Adm. Jakarta Timur_Ciracas
Kota Adm. Jakarta Timur,Duren Sawit,0.9902420800842934,Kota Adm. Jakarta Timur_Duren Sawit
Kota Adm. Jakarta Timur,Jatinegara,0.9897205545469963,Kota Adm. Jakarta Timur_Jatinegara
Kota Adm. Jakarta Timur,Kramatjati,0.989465307297553,Kota Adm. Jakarta Timur_Kramatjati
Kota Adm. Jakarta Timur,Makasar,0.9882658928445419,Kota Adm. Jakarta Timur_Makasar
Kota Adm. Jakarta Timur,Matraman,0.9897662236179846,Kota Adm. Jakarta Timur_Matraman
Kota Adm. Jakarta Timur,Pasar Rebo,0.9855510642166813,Kota Adm. Jakarta Timur_Pasar Rebo
Kota Adm. Jakarta Timur,Pulogadung,0.9912827886459222,Kota Adm. Jakarta Timur_Pulogadung
Kota Adm. Jakarta Utara,Cilincing,0.9905652788712769,Kota Adm. Jakarta Utara_Cilincing
Kota Adm. Jakarta Utara,Kelapa Gading,0.9916038078777696,Kota Adm. Jakarta Utara_Kelapa Gading
Kota Adm. Jakarta Utara,Koja,0.9910254910355881,Kota Adm. Jakarta Utara_Koja
Kota Adm. Jakarta Utara,Pademangan,0.9907178526081658,Kota Adm. Jakarta Utara_Pademangan
Kota Adm. Jakarta Utara,Penjaringan,0.990916779433316,Kota Adm. Jakarta Utara_Penjaringan
Kota Adm. Jakarta Utara,Tanjung Priok,0.9910564316218331,Kota Adm. Jakarta Utara_Tanjung Priok
Kota Bandung,Andir,0.9756387138423931,Kota Bandung_Andir
Kota Bandung,Antapani,0.9822854473758247,Kota Bandung_Antapani
Kota Bandung,Arcamanik,0.98133157192546,Kota Bandung_Arcamanik
Kota Bandung,Astana Anyar,0.9814016179172029,Kota Bandung_Astana Anyar
Kota Bandung,Babakan Ciparay,0.9754749493624297,Kota Bandung_Babakan Ciparay
Kota Bandung,Bandung Kidul,0.9824274581658996,Kota Bandung_Bandung Kidul
Kota Bandung,Bandung Kulon,0.9780184924260492,Kota Bandung_Bandung Kulon
Kota Bandung,Bandung Wetan,0.9794929834815094,Kota Bandung_Bandung Wetan
Kota Bandung,Batununggal,0.9808500515118145,Kota Bandung_Batununggal
Kota Bandung,Bojongloa Kaler,0.9745792528810074,Kota Bandung_Bojongloa Kaler
Kota Bandung,Bojongloa Kidul,0.9766330436004637,Kota Bandung_Bojongloa Kidul
Kota Bandung,Buahbatu,0.9844337840959527,Kota Bandung_Buahbatu
Kota Bandung,Cibeunying Kaler,0.9817273421676538,Kota Bandung_Cibeunying Kaler
Kota Bandung,Cibeunying Kidul,0.9794602435922865,Kota Bandung_Cibeunying Kidul
Kota Bandung,Cibiru,0.9737066854836594,Kota Bandung_Cibiru
Kota Bandung,Cicendo,0.975363257402532,Kota Bandung_Cicendo
Kota Bandung,Cidadap,0.9741812295253419,Kota Bandung_Cidadap
Kota Bandung,Cinambo,0.9818497768559716,Kota Bandung_Cinambo
Kota Bandung,Coblong,0.9806117949523723,Kota Bandung_Coblong
Kota Bandung,Gedebage,0.9880602077075566,Kota Bandung_Gedebage
Kota Bandung,Kiaracondong,0.9812858377448919,Kota Bandung_Kiaracondong
Kota Bandung,Lengkong,0.9820377312884537,Kota Bandung_Lengkong
Kota Bandung,Mandalajati,0.978820260294293,Kota Bandung_Mandalajati
Kota Bandung,Panyileukan,0.983919309913679,Kota Bandung_Panyileukan
Kota Bandung,Rancasari,0.9872700164511969,Kota Bandung_Rancasari
Kota Bandung,Regol,0.9799812176565326,Kota Bandung_Regol
Kota Bandung,Sukajadi,0.9782044885015847,Kota Bandung_Sukajadi
Kota Bandung,Sukasari,0.9759875446546781,Kota Bandung_Sukasari
Kota Bandung,Sumur Bandung,0.980848242184284,Kota Bandung_Sumur Bandung
Kota Bandung,Ujungberung,0.9785382515216842,Kota Bandung_Ujungberung
Kota Banjar,Banjar,0.9634611036475415,Kota Banjar_Banjar
Kota Banjar,Langensari,0.969894459690256,Kota Banjar_Langensari
Kota Banjar,Pataruman,0.9538575357235893,Kota Banjar_Pataruman
Kota Banjar,Purwaharja,0.9649588472764916,Kota Banjar_Purwaharja
Kota Batu,Batu,0.8574558258786243,Kota Batu_Batu
Kota Batu,Bumiaji,0.8427011526351884,Kota Batu_Bumiaji
Kota Batu,Junrejo,0.8812892068145523,Kota Batu_Junrejo
Kota Bekasi,Bantargebang,0.986906529758202,Kota Bekasi_Bantargebang
Kota Bekasi,Bekasi Barat,0.9905368627964711,Kota Bekasi_Bekasi Barat
Kota Bekasi,Bekasi Selatan,0.9908535317953452,Kota Bekasi_Bekasi Selatan
Kota Bekasi,Bekasi Timur,0.9902479171856757,Kota Bekasi_Bekasi Timur
Kota Bekasi,Bekasi Utara,0.9899520543696116,Kota Bekasi_Bekasi Utara
Kota Bekasi,Jatiasih,0.986931042780032,Kota Bekasi_Jatiasih
Kota Bekasi,Jatisampurna,0.9865577206415003,Kota Bekasi_Jatisampurna
Kota Bekasi,Medansatria,0.9909926267824992,Kota Bekasi_Medansatria
Kota Bekasi,Mustikajaya,0.9881532329843982,Kota Bekasi_Mustikajaya
Kota Bekasi,Pondokgede,0.990282054879209,Kota Bekasi_Pondokgede
Kota Bekasi,Pondokmelati,0.9877631220739503,Kota Bekasi_Pondokmelati
Kota Bekasi,Rawalumbu,0.9902492788499824,Kota Bekasi_Rawalumbu
Kota Blitar,Kepanjenkidul,0.9291422889054077,Kota Blitar_Kepanjenkidul
Kota Blitar,Sananwetan,0.9211892591341376,Kota Blitar_Sananwetan
Kota Blitar,Sukorejo,0.9341868399289704,Kota Blitar_Sukorejo
Kota Bogor,Bogor Barat,0.9883125745638865,Kota Bogor_Bogor Barat
Kota Bogor,Bogor Selatan,0.9874107395948766,Kota Bogor_Bogor Selatan
Kota Bogor,Bogor Tengah,0.9884157433890747,Kota Bogor_Bogor Tengah
Kota Bogor,Bogor Timur,0.9890991550924138,Kota Bogor_Bogor Timur
Kota Bogor,Bogor Utara,0.9892181428435152,Kota Bogor_Bogor Utara
Kota Bogor,Tanah Sareal,0.988415880865451,Kota Bogor_Tanah Sareal
Kota Cilegon,Cibeber,0.9760335064865864,Kota Cilegon_Cibeber
Kota Cilegon,Cilegon,0.975483818510027,Kota Cilegon_Cilegon
Kota Cilegon,Citangkil,0.9776601643044575,Kota Cilegon_Citangkil
Kota Cilegon,Ciwandan,0.9750944922945223,Kota Cilegon_Ciwandan
Kota Cilegon,Gerogol,0.9554422983651452,Kota Cilegon_Gerogol
Kota Cilegon,Jombang,0.9788115416886688,Kota Cilegon_Jombang
Kota Cilegon,Pulomerak,0.9421250853127539,Kota Cilegon_Pulomerak
Kota Cilegon,Purwakarta,0.9633886602228381,Kota Cilegon_Purwakarta
Kota Cimahi,Cimahi Selatan,0.9708107583952129,Kota Cimahi_Cimahi Selatan
Kota Cimahi,Cimahi Tengah,0.9798538305626905,Kota Cimahi_Cimahi Tengah
Kota Cimahi,Cimahi Utara,0.9751638177784125,Kota Cimahi_Cimahi Utara
Kota Cirebon,Harjamukti,0.9876550875974692,Kota Cirebon_Harjamukti
Kota Cirebon,Kejaksan,0.9894033807028418,Kota Cirebon_Kejaksan
Kota Cirebon,Kesambi,0.9896107754054381,Kota Cirebon_Kesambi
Kota Cirebon,Lemahwungkuk,0.9884032840000684,Kota Cirebon_Lemahwungkuk
Kota Cirebon,Pekalipan,0.9889283390638938,Kota Cirebon_Pekalipan
Kota Depok,Beji,0.9857600286080495,Kota Depok_Beji
Kota Depok,Bojongsari,0.9840994146097017,Kota Depok_Bojongsari
Kota Depok,Cilodong,0.9868660544543923,Kota Depok_Cilodong
Kota Depok,Cimanggis,0.9858729141235675,Kota Depok_Cimanggis
Kota Depok,Cinere,0.9850164129962607,Kota Depok_Cinere
Kota Depok,Cipayung,0.9869479260959205,Kota Depok_Cipayung
Kota Depok,Limo,0.9850434717488454,Kota Depok_Limo
Kota Depok,Pancoran Mas,0.9847958414239006,Kota Depok_Pancoran Mas
Kota Depok,Sawangan,0.9868743014511143,Kota Depok_Sawangan
Kota Depok,Sukmajaya,0.9861241903977271,Kota Depok_Sukmajaya
Kota Depok,Tapos,0.9855000715977714,Kota Depok_Tapos
Kota Kediri,Kota,0.8982578323732558,Kota Kediri_Kota
Kota Kediri,Mojoroto,0.9005965640011566,Kota Kediri_Mojoroto
Kota Kediri,Pesantren,0.9053501288131474,Kota Kediri_Pesantren
Kota Madiun,Kartoharjo,0.9258834124530467,Kota Madiun_Kartoharjo
Kota Madiun,Manguharjo,0.9242640722247797,Kota Madiun_Manguharjo
Kota Madiun,Taman,0.9303501230842369,Kota Madiun_Taman
Kota Magelang,Magelang Selatan,0.9794225749445689,Kota Magelang_Magelang Selatan
Kota Magelang,Magelang Tengah,0.9828404728856812,Kota Magelang_Magelang Tengah
Kota Magelang,Magelang Utara,0.9837246097082764,Kota Magelang_Magelang Utara
Kota Malang,Blimbing,0.9331210889217854,Kota Malang_Blimbing
Kota Malang,Kedungkandang,0.9057586137883008,Kota Malang_Kedungkandang
Kota Malang,Klojen,0.93261331260372,Kota Malang_Klojen
Kota Malang,Lowokwaru,0.9260878978482779,Kota Malang_Lowokwaru
Kota Malang,Sukun,0.9281768117944841,Kota Malang_Sukun
Kota Mojokerto,Kranggan,0.9554104125302536,Kota Mojokerto_Kranggan
Kota Mojokerto,Magersari,0.95385876811582,Kota Mojokerto_Magersari
Kota Mojokerto,Prajuritkulon,0.9479820922779927,Kota Mojokerto_Prajuritkulon
Kota Pasuruan,Bugul Kidul,,Kota Pasuruan_Bugul Kidul
Kota Pasuruan,Gadingrejo,,Kota Pasuruan_Gadingrejo
Kota Pasuruan,Panggungrejo,,Kota Pasuruan_Panggungrejo
Kota Pasuruan,Purworejo,,Kota Pasuruan_Purworejo
Kota Pekalongan,Pekalongan Barat,0.9953798172923282,Kota Pekalongan_Pekalongan Barat
Kota Pekalongan,Pekalongan Selatan,0.9944050202296494,Kota Pekalongan_Pekalongan Selatan
Kota Pekalongan,Pekalongan Timur,0.9946229372192815,Kota Pekalongan_Pekalongan Timur
Kota Pekalongan,Pekalongan Utara,0.9954342067725219,Kota Pekalongan_Pekalongan Utara
Kota Probolinggo,Kademangan,0.9222789707945742,Kota Probolinggo_Kademangan
Kota Probolinggo,Kanigaran,0.9371360233482244,Kota Probolinggo_Kanigaran
Kota Probolinggo,Kedopok,0.9270592843819515,Kota Probolinggo_Kedopok
Kota Probolinggo,Mayangan,0.937998462571622,Kota Probolinggo_Mayangan
Kota Probolinggo,Wonoasih,0.9282038070954874,Kota Probolinggo_Wonoasih
Kota Salatiga,Argomulyo,0.9804735929902554,Kota Salatiga_Argomulyo
Kota Salatiga,Sidomukti,0.9827311196900445,Kota Salatiga_Sidomukti
Kota Salatiga,Sidorejo,0.9789440146247801,Kota Salatiga_Sidorejo
Kota Salatiga,Tingkir,0.979652477753071,Kota Salatiga_Tingkir
Kota Semarang,Banyumanik,0.9881547934178635,Kota Semarang_Banyumanik
Kota Semarang,Candisari,0.9887869240229445,Kota Semarang_Candisari
Kota Semarang,Gajahmungkur,0.9887256929828754,Kota Semarang_Gajahmungkur
Kota Semarang,Gayamsari,0.99622474798569,Kota Semarang_Gayamsari
Kota Semarang,Genuk,0.9957678479205622,Kota Semarang_Genuk
Kota Semarang,Gunungpati,0.9881190566262712,Kota Semarang_Gunungpati
Kota Semarang,Mijen,0.9889337576343997,Kota Semarang_Mijen
Kota Semarang,Ngaliyan,0.9894307271522683,Kota Semarang_Ngaliyan
Kota Semarang,Pedurungan,0.9919982325474426,Kota Semarang_Pedurungan
Kota Semarang,Semarang Barat,0.9952075351572657,Kota Semarang_Semarang Barat
Kota Semarang,Semarang Selatan,0.995621894171369,Kota Semarang_Semarang Selatan
Kota Semarang,Semarang Tengah,0.9956196204144778,Kota Semarang_Semarang Tengah
Kota Semarang,Semarang Timur,0.9956852754361694,Kota Semarang_Semarang Timur
Kota Semarang,Semarang Utara,0.9959279033125523,Kota Semarang_Semarang Utara
Kota Semarang,Tembalang,0.9887228392212934,Kota Semarang_Tembalang
Kota Semarang,Tugu,0.9953518414882961,Kota Semarang_Tugu
Kota Serang,Cipocok Jaya,0.9817398264371955,Kota Serang_Cipocok Jaya
Kota Serang,Curug,0.9805501905616266,Kota Serang_Curug
Kota Serang,Kasemen,0.9814936438987635,Kota Serang_Kasemen
Kota Serang,Serang,0.9862702917420719,Kota Serang_Serang
Kota Serang,Taktakan,0.9759943124179885,Kota Serang_Taktakan
Kota Serang,Walantaka,0.9833586852034512,Kota Serang_Walantaka
Kota Sukabumi,Baros,0.982990760246692,Kota Sukabumi_Baros
Kota Sukabumi,Cibeureum,0.9822257939425618,Kota Sukabumi_Cibeureum
Kota Sukabumi,Cikole,0.9838188730055359,Kota Sukabumi_Cikole
Kota Sukabumi,Citamiang,0.9828829484413342,Kota Sukabumi_Citamiang
Kota Sukabumi,Gunung Puyuh,0.9834107723505366,Kota Sukabumi_Gunung Puyuh
Kota Sukabumi,Lembursitu,0.9819591185881378,Kota Sukabumi_Lembursitu
Kota Sukabumi,Warudoyong,0.984400019494993,Kota Sukabumi_Warudoyong
Kota Surabaya,Asem Rowo,,Kota Surabaya_Asem Rowo
Kota Surabaya,Benowo,,Kota Surabaya_Benowo
Kota Surabaya,Bubutan,,Kota Surabaya_Bubutan
Kota Surabaya,Bulak,,Kota Surabaya_Bulak
Kota Surabaya,Dukuh Pakis,,Kota Surabaya_Dukuh Pakis
Kota Surabaya,Gayungan,,Kota Surabaya_Gayungan
Kota Surabaya,Genteng,,Kota Surabaya_Genteng
Kota Surabaya,Gubeng,,Kota Surabaya_Gubeng
Kota Surabaya,Gunung Anyar,0.959470833621204,Kota Surabaya_Gunung Anyar
Kota Surabaya,Jambangan,,Kota Surabaya_Jambangan
Kota Surabaya,Karang Pilang,,Kota Surabaya_Karang Pilang
Kota Surabaya,Kenjeran,,Kota Surabaya_Kenjeran
Kota Surabaya,Krembangan,,Kota Surabaya_Krembangan
Kota Surabaya,Lakarsantri,,Kota Surabaya_Lakarsantri
Kota Surabaya,Mulyorejo,,Kota Surabaya_Mulyorejo
Kota Surabaya,Pabean Cantian,,Kota Surabaya_Pabean Cantian
Kota Surabaya,Pakal,,Kota Surabaya_Pakal
Kota Surabaya,Rungkut,0.9278616387615392,Kota Surabaya_Rungkut
Kota Surabaya,Sambikerep,,Kota Surabaya_Sambikerep
Kota Surabaya,Sawahan,,Kota Surabaya_Sawahan
Kota Surabaya,Semampir,,Kota Surabaya_Semampir
Kota Surabaya,Simokerto,,Kota Surabaya_Simokerto
Kota Surabaya,Sukolilo,,Kota Surabaya_Sukolilo
Kota Surabaya,Sukomanunggal,,Kota Surabaya_Sukomanunggal
Kota Surabaya,Tambaksari,,Kota Surabaya_Tambaksari
Kota Surabaya,Tandes,,Kota Surabaya_Tandes
Kota Surabaya,Tegalsari,,Kota Surabaya_Tegalsari
Kota Surabaya,Tenggilis Mejoyo,,Kota Surabaya_Tenggilis Mejoyo
Kota Surabaya,Wiyung,,Kota Surabaya_Wiyung
Kota Surabaya,Wonocolo,,Kota Surabaya_Wonocolo
Kota Surabaya,Wonokromo,,Kota Surabaya_Wonokromo
Kota Surakarta,Banjarsari,0.9657807676065208,Kota Surakarta_Banjarsari
Kota Surakarta,Jebres,0.9610001849600154,Kota Surakarta_Jebres
Kota Surakarta,Laweyan,0.968808199902784,Kota Surakarta_Laweyan
Kota Surakarta,Pasar Kliwon,0.9697630681825932,Kota Surakarta_Pasar Kliwon
Kota Surakarta,Serengan,0.9671397502477928,Kota Surakarta_Serengan
Kota Tangerang,Batuceper,0.9913505716267093,Kota Tangerang_Batuceper
Kota Tangerang,Benda,0.984908381536559,Kota Tangerang_Benda
Kota Tangerang,Cibodas,0.9892194574098321,Kota Tangerang_Cibodas
Kota Tangerang,Ciledug,0.9896906372390112,Kota Tangerang_Ciledug
Kota Tangerang,Cipondoh,0.9909381624361442,Kota Tangerang_Cipondoh
Kota Tangerang,Jatiuwung,0.9937354899706792,Kota Tangerang_Jatiuwung
Kota Tangerang,Karang Tengah,0.9896371354265332,Kota Tangerang_Karang Tengah
Kota Tangerang,Karawaci,0.9908661202158887,Kota Tangerang_Karawaci
Kota Tangerang,Larangan,0.9892519155863073,Kota Tangerang_Larangan
Kota Tangerang,Neglasari,0.9856453771771969,Kota Tangerang_Neglasari
Kota Tangerang,Periuk,0.9936358188493736,Kota Tangerang_Periuk
Kota Tangerang,Pinang,0.987198904095323,Kota Tangerang_Pinang
Kota Tangerang,Tangerang,0.9906554956507675,Kota Tangerang_Tangerang
Kota Tangerang Selatan,Ciputat,0.9855357249745283,Kota Tangerang Selatan_Ciputat
Kota Tangerang Selatan,Ciputat Timur,0.9893215585150024,Kota Tangerang Selatan_Ciputat Timur
Kota Tangerang Selatan,Pamulang,0.9850124775127541,Kota Tangerang Selatan_Pamulang
Kota Tangerang Selatan,Pondok Aren,0.9895994353902101,Kota Tangerang Selatan_Pondok Aren
Kota Tangerang Selatan,Serpong,0.9851506132421197,Kota Tangerang Selatan_Serpong
Kota Tangerang Selatan,Serpong Utara,0.9872869340718815,Kota Tangerang Selatan_Serpong Utara
Kota Tangerang Selatan,Setu,0.9842216376296201,Kota Tangerang Selatan_Setu
Kota Tasikmalaya,Bungursari,0.9673287063560523,Kota Tasikmalaya_Bungursari
Kota Tasikmalaya,Cibeureum,0.9665550902623471,Kota Tasikmalaya_Cibeureum
Kota Tasikmalaya,Cihideung,0.9726740476792796,Kota Tasikmalaya_Cihideung
Kota Tasikmalaya,Cipedes,0.9712461934028117,Kota Tasikmalaya_Cipedes
Kota Tasikmalaya,Indihiang,0.9812344335092955,Kota Tasikmalaya_Indihiang
Kota Tasikmalaya,Kawalu,0.9481389191881519,Kota Tasikmalaya_Kawalu
Kota Tasikmalaya,Mangkubumi,0.966955246370437,Kota Tasikmalaya_Mangkubumi
Kota Tasikmalaya,Purbaratu,0.9629636501315588,Kota Tasikmalaya_Purbaratu
Kota Tasikmalaya,Tamansari,0.9571416594902471,Kota Tasikmalaya_Tamansari
Kota Tasikmalaya,Tawang,0.9741764732111864,Kota Tasikmalaya_Tawang
Kota Tegal,Margadana,0.9862247603276063,Kota Tegal_Margadana
Kota Tegal,Tegal Barat,0.9881039399603381,Kota Tegal_Tegal Barat
Kota Tegal,Tegal Selatan,0.9876944581486421,Kota Tegal_Tegal Selatan
Kota Tegal,Tegal Timur,0.9889393875460039,Kota Tegal_Tegal Timur
Kota Yogyakarta,Danurejan,0.9793955738638432,Kota Yogyakarta_Danurejan
Kota Yogyakarta,Gedongtengen,0.9782427270919662,Kota Yogyakarta_Gedongtengen
Kota Yogyakarta,Gondokusuman,0.9797297098158153,Kota Yogyakarta_Gondokusuman
Kota Yogyakarta,Gondomanan,0.9759247582111173,Kota Yogyakarta_Gondomanan
Kota Yogyakarta,Jetis,0.9807379896183267,Kota Yogyakarta_Jetis
Kota Yogyakarta,Kotagede,0.9762518112631753,Kota Yogyakarta_Kotagede
Kota Yogyakarta,Kraton,0.9781283258674348,Kota Yogyakarta_Kraton
Kota Yogyakarta,Mantrijeron,0.976936264777134,Kota Yogyakarta_Mantrijeron
Kota Yogyakarta,Mergangsan,0.9778509332871963,Kota Yogyakarta_Mergangsan
Kota Yogyakarta,Ngampilan,0.9744838238427452,Kota Yogyakarta_Ngampilan
Kota Yogyakarta,Pakualaman,0.9799374904290857,Kota Yogyakarta_Pakualaman
Kota Yogyakarta,Tegalrejo,0.9793317812508169,Kota Yogyakarta_Tegalrejo
Kota Yogyakarta,Umbulharjo,0.9772021110524542,Kota Yogyakarta_Umbulharjo
Kota Yogyakarta,Wirobrajan,0.974459176686804,Kota Yogyakarta_Wirobrajan
Kudus,Bae,0.994059085222298,Kudus_Bae
Kudus,Dawe,0.9896188551495512,Kudus_Dawe
Kudus,Gebog,0.9891174444316548,Kudus_Gebog
Kudus,Jati,0.9913277142311586,Kudus_Jati
Kudus,Jekulo,0.9812284608270135,Kudus_Jekulo
Kudus,Kaliwungu,0.9962931347533378,Kudus_Kaliwungu
Kudus,Kota Kudus,0.9922754310970271,Kudus_Kota Kudus
Kudus,Mejobo,0.9906482404586986,Kudus_Mejobo
Kudus,Undaan,0.9931443089099129,Kudus_Undaan
Kulon Progo,Galur,0.9716515841825296,Kulon Progo_Galur
Kulon Progo,Girimulyo,0.9450676037092461,Kulon Progo_Girimulyo
Kulon Progo,Kalibawang,0.9569191263879234,Kulon Progo_Kalibawang
Kulon Progo,Kokap,0.9511030473196221,Kulon Progo_Kokap
Kulon Progo,Lendah,0.9735280817000311,Kulon Progo_Lendah
Kulon Progo,Nanggulan,0.9683323773055215,Kulon Progo_Nanggulan
Kulon Progo,Panjatan,0.9771931602090052,Kulon Progo_Panjatan
Kulon Progo,Pengasih,0.9591556198617277,Kulon Progo_Pengasih
Kulon Progo,Samigaluh,0.9387567530853552,Kulon Progo_Samigaluh
Kulon Progo,Sentolo,0.9688914068899995,Kulon Progo_Sentolo
Kulon Progo,Temon,0.9780724567211616,Kulon Progo_Temon
Kulon Progo,Wates,0.9749537791367405,Kulon Progo_Wates
Kuningan,Ciawigebang,0.9821566174780343,Kuningan_Ciawigebang
Kuningan,Cibeureum,0.9799920849514123,Kuningan_Cibeureum
Kuningan,Cibingbin,0.9836015516635513,Kuningan_Cibingbin
Kuningan,Cidahu,0.9858052843249062,Kuningan_Cidahu
Kuningan,Cigandamekar,0.9833318007083123,Kuningan_Cigandamekar
Kuningan,Cigugur,0.9672145993031872,Kuningan_Cigugur
Kuningan,Cilebak,0.9373672595987754,Kuningan_Cilebak
Kuningan,Cilimus,0.9822190313004748,Kuningan_Cilimus
Kuningan,Cimahi,0.9813628841777383,Kuningan_Cimahi
Kuningan,Ciniru,0.9492181133300918,Kuningan_Ciniru
Kuningan,Cipicung,0.9810070983535893,Kuningan_Cipicung
Kuningan,Ciwaru,0.9694399904805513,Kuningan_Ciwaru
Kuningan,Darma,0.9719160605045267,Kuningan_Darma
Kuningan,Garawangi,0.9736120687751356,Kuningan_Garawangi
Kuningan,Hantara,0.9503306745491644,Kuningan_Hantara
Kuningan,Jalaksana,0.9687654312764645,Kuningan_Jalaksana
Kuningan,Japara,0.9799870325010283,Kuningan_Japara
Kuningan,Kadugede,0.9599861891488405,Kuningan_Kadugede
Kuningan,Kalimanggis,0.9854118727521723,Kuningan_Kalimanggis
Kuningan,Karang Kancana,0.9534995776648589,Kuningan_Karang Kancana
Kuningan,Kramatmulya,0.9803800612863739,Kuningan_Kramatmulya
Kuningan,Kuningan,0.9779845552777969,Kuningan_Kuningan
Kuningan,Lebakwangi,0.9814646631648807,Kuningan_Lebakwangi
Kuningan,Luragung,0.9804634979569308,Kuningan_Luragung
Kuningan,Maleber,0.9669328019121096,Kuningan_Maleber
Kuningan,Mandirancan,0.980777080154402,Kuningan_Mandirancan
Kuningan,Nusaherang,0.9550458912058337,Kuningan_Nusaherang
Kuningan,Pancalang,0.9861233190855175,Kuningan_Pancalang
Kuningan,Pasawahan,0.9790743774083402,Kuningan_Pasawahan
Kuningan,Selajambe,0.9528047991934263,Kuningan_Selajambe
Kuningan,Sindangagung,0.9836887875876816,Kuningan_Sindangagung
Kuningan,Subang,0.9488459853337845,Kuningan_Subang
Lamongan,Babat,0.9313871087582999,Lamongan_Babat
Lamongan,Bluluk,0.9300227387667047,Lamongan_Bluluk
Lamongan,Brondong,0.9055808045472364,Lamongan_Brondong
Lamongan,Deket,0.947173591230408,Lamongan_Deket
Lamongan,Glagah,0.9509108491799696,Lamongan_Glagah
Lamongan,Kalitengah,0.9434923343445056,Lamongan_Kalitengah
Lamongan,Karangbinangun,0.9435648070886252,Lamongan_Karangbinangun
Lamongan,Karanggeneng,0.9398113223115017,Lamongan_Karanggeneng
Lamongan,Kedungpring,0.9378257644824449,Lamongan_Kedungpring
Lamongan,Kembangbahu,0.9234234980161595,Lamongan_Kembangbahu
Lamongan,Lamongan,0.9371871992869397,Lamongan_Lamongan
Lamongan,Laren,0.9154775436134496,Lamongan_Laren
Lamongan,Maduran,0.9380617803055461,Lamongan_Maduran
Lamongan,Mantup,0.9241578097152027,Lamongan_Mantup
Lamongan,Modo,0.9296692517968151,Lamongan_Modo
Lamongan,Ngimbang,0.9265854848037569,Lamongan_Ngimbang
Lamongan,Paciran,0.9129179702248988,Lamongan_Paciran
Lamongan,Pucuk,0.9358983728061482,Lamongan_Pucuk
Lamongan,Sambeng,0.9155553018404717,Lamongan_Sambeng
Lamongan,Sarirejo,0.9322408589358728,Lamongan_Sarirejo
Lamongan,Sekaran,0.9278480838666591,Lamongan_Sekaran
Lamongan,Solokuro,0.9092659410402817,Lamongan_Solokuro
Lamongan,Sugio,0.9372016326700536,Lamongan_Sugio
Lamongan,Sukodadi,0.930181129305181,Lamongan_Sukodadi
Lamongan,Sukorame,0.9373050306235902,Lamongan_Sukorame
Lamongan,Tikung,0.9356951234148011,Lamongan_Tikung
Lamongan,Turi,0.9441485274548769,Lamongan_Turi
Lebak,Banjarsari,0.9915937595538951,Lebak_Banjarsari
Lebak,Bayah,0.9862518279101057,Lebak_Bayah
Lebak,Bojongmanik,0.978388373114028,Lebak_Bojongmanik
Lebak,Cibadak,0.987549868913414,Lebak_Cibadak
Lebak,Cibeber,0.9733246788884417,Lebak_Cibeber
Lebak,Cigemlong,0.9849993094730398,Lebak_Cigemlong
Lebak,Cihara,0.9890812249360011,Lebak_Cihara
Lebak,Cijaku,0.9896362626608474,Lebak_Cijaku
Lebak,Cikulur,0.9759690057131128,Lebak_Cikulur
Lebak,Cileles,0.9822004694934674,Lebak_Cileles
Lebak,Cilograng,0.9807085946477607,Lebak_Cilograng
Lebak,Cimarga,0.9731759208615577,Lebak_Cimarga
Lebak,Cipanas,0.9705288245082624,Lebak_Cipanas
Lebak,Cirinten,0.9826821546514574,Lebak_Cirinten
Lebak,Curug Bitung,0.9822183220601697,Lebak_Curug Bitung
Lebak,Gunungkencana,0.9877221771005111,Lebak_Gunungkencana
Lebak,Kalanganyar,0.9722414617858145,Lebak_Kalanganyar
Lebak,Lebakgedong,0.9671058186124707,Lebak_Lebakgedong
Lebak,Leuwidamar,0.9729243009981217,Lebak_Leuwidamar
Lebak,Maja,0.979234720710516,Lebak_Maja
Lebak,Malingping,0.9911902586395092,Lebak_Malingping
Lebak,Muncang,0.9712328385678176,Lebak_Muncang
Lebak,Panggarangan,0.9850197183919508,Lebak_Panggarangan
Lebak,Rangkasbitung,0.9814793548694589,Lebak_Rangkasbitung
Lebak,Sajira,0.971215813341975,Lebak_Sajira
Lebak,Sobang,0.9690545861091968,Lebak_Sobang
Lebak,Wanasalam,0.9928887206237931,Lebak_Wanasalam
Lebak,Warunggunung,0.97723941920244,Lebak_Warunggunung
Lumajang,Candipuro,0.8460089731684707,Lumajang_Candipuro
Lumajang,Gucialit,0.8229686348404749,Lumajang_Gucialit
Lumajang,Jatiroto,0.8873177453098549,Lumajang_Jatiroto
Lumajang,Kedungjajang,0.8726668110127381,Lumajang_Kedungjajang
Lumajang,Klakah,0.8544626679789907,Lumajang_Klakah
Lumajang,Kunir,0.86929808369455,Lumajang_Kunir
Lumajang,Lumajang,0.9054322284176225,Lumajang_Lumajang
Lumajang,Padang,0.8728533779270363,Lumajang_Padang
Lumajang,Pasirian,0.8230237350054318,Lumajang_Pasirian
Lumajang,Pasrujambe,0.8557622357759186,Lumajang_Pasrujambe
Lumajang,Pronojiwo,0.7816667354195165,Lumajang_Pronojiwo
Lumajang,Randuagung,0.8825467735368083,Lumajang_Randuagung
Lumajang,Ranuyoso,0.8397671666794955,Lumajang_Ranuyoso
Lumajang,Rowokangkung,0.8905609031335717,Lumajang_Rowokangkung
Lumajang,Senduro,0.8495206967548301,Lumajang_Senduro
Lumajang,Sukodono,0.9026748128631967,Lumajang_Sukodono
Lumajang,Sumbersuko,0.8600587018172147,Lumajang_Sumbersuko
Lumajang,Tekung,0.8940661937310745,Lumajang_Tekung
Lumajang,Tempeh,0.8497856647959802,Lumajang_Tempeh
Lumajang,Tempursari,0.7173230466485172,Lumajang_Tempursari
Lumajang,Yosowilangun,0.8757286553489976,Lumajang_Yosowilangun
Madiun,Balerejo,0.9097926331501021,Madiun_Balerejo
Madiun,Dagangan,0.8939693817055734,Madiun_Dagangan
Madiun,Dolopo,0.9228717147789592,Madiun_Dolopo
Madiun,Geger,0.9293512986705703,Madiun_Geger
Madiun,Gemarang,0.9410699084399402,Madiun_Gemarang
Madiun,Jiwan,0.9180130795057471,Madiun_Jiwan
Madiun,Kare,0.9010220748038441,Madiun_Kare
Madiun,Kebonsari,0.9118452086365852,Madiun_Kebonsari
Madiun,Madiun,0.9056923417923806,Madiun_Madiun
Madiun,Mejayan,0.9412025411784455,Madiun_Mejayan
Madiun,Pilangkenceng,0.9494931569738223,Madiun_Pilangkenceng
Madiun,Saradan,0.9538453803583183,Madiun_Saradan
Madiun,Sawahan,0.9118438591744059,Madiun_Sawahan
Madiun,Wonoasri,0.9377468822396627,Madiun_Wonoasri
Madiun,Wungu,0.9295231550503149,Madiun_Wungu
Magelang,Bandongan,0.9770601478539545,Magelang_Bandongan
Magelang,Borobudur,0.9547109888424705,Magelang_Borobudur
Magelang,Candimulyo,0.976696401178097,Magelang_Candimulyo
Magelang,Dukun,0.9750323301803319,Magelang_Dukun
Magelang,Grabag,0.9653699722962822,Magelang_Grabag
Magelang,Kajoran,0.9702353299513359,Magelang_Kajoran
Magelang,Kaliangkrik,0.9694127933653512,Magelang_Kaliangkrik
Magelang,Mertoyudan,0.9746467788573799,Magelang_Mertoyudan
Magelang,Mungkid,0.9769478553518517,Magelang_Mungkid
Magelang,Muntilan,0.9779030276240547,Magelang_Muntilan
Magelang,Ngablak,0.9617822061124724,Magelang_Ngablak
Magelang,Ngluwar,0.9725474461713759,Magelang_Ngluwar
Magelang,Pakis,0.9754434962017496,Magelang_Pakis
Magelang,Salam,0.9699361827261755,Magelang_Salam
Magelang,Salaman,0.9667098289344775,Magelang_Salaman
Magelang,Sawangan,0.9707574402407022,Magelang_Sawangan
Magelang,Secang,0.9782984482122256,Magelang_Secang
Magelang,Srumbung,0.9762072153887125,Magelang_Srumbung
Magelang,Tegalrejo,0.978081399103657,Magelang_Tegalrejo
Magelang,Tempuran,0.9695839915284683,Magelang_Tempuran
Magelang,Windusari,0.9684007203147365,Magelang_Windusari
Magetan,Barat,0.9452603983042719,Magetan_Barat
Magetan,Bendo,0.91645287407697,Magetan_Bendo
Magetan,Karangrejo,0.9456815931688455,Magetan_Karangrejo
Magetan,Karas,0.9535499798799013,Magetan_Karas
Magetan,Kartoharjo,0.9342552241927965,Magetan_Kartoharjo
Magetan,Kawedanan,0.9149055936128814,Magetan_Kawedanan
Magetan,Lembeyan,0.9086703014752083,Magetan_Lembeyan
Magetan,Magetan,0.9348274682046354,Magetan_Magetan
Magetan,Maospati,0.933786309289403,Magetan_Maospati
Magetan,Ngariboyo,0.9324530213112123,Magetan_Ngariboyo
Magetan,Nguntoronadi,0.9138617722823049,Magetan_Nguntoronadi
Magetan,Panekan,0.9256951461346327,Magetan_Panekan
Magetan,Parang,0.9063780952926173,Magetan_Parang
Magetan,Plaosan,0.9225270226498441,Magetan_Plaosan
Magetan,Poncol,0.9021850643365417,Magetan_Poncol
Magetan,Sidorejo,0.9369600448508073,Magetan_Sidorejo
Magetan,Sukomoro,0.9324418383455478,Magetan_Sukomoro
Magetan,Takeran,0.9238884656558,Magetan_Takeran
Majalengka,Argapura,0.9738222565359315,Majalengka_Argapura
Majalengka,Banjaran,0.9743854035749917,Majalengka_Banjaran
Majalengka,Bantarujeg,0.9830320701111006,Majalengka_Bantarujeg
Majalengka,Cigasong,0.9910405506970819,Majalengka_Cigasong
Majalengka,Cikijing,0.9744529479417599,Majalengka_Cikijing
Majalengka,Cingambul,0.9582448364443555,Majalengka_Cingambul
Majalengka,Dawuan,0.9926074864631929,Majalengka_Dawuan
Majalengka,Jatitujuh,0.9889062446102935,Majalengka_Jatitujuh
Majalengka,Jatiwangi,0.9927479762460624,Majalengka_Jatiwangi
Majalengka,Kadipaten,0.9919999621394483,Majalengka_Kadipaten
Majalengka,Kasokandel,0.9918715045418458,Majalengka_Kasokandel
Majalengka,Kertajati,0.9889527125165894,Majalengka_Kertajati
Majalengka,Lemahsugih,0.9715045550755144,Majalengka_Lemahsugih
Majalengka,Leuwimunding,0.9839859613511511,Majalengka_Leuwimunding
Majalengka,Ligung,0.9890498519523421,Majalengka_Ligung
Majalengka,Maja,0.9823529961122571,Majalengka_Maja
Majalengka,Majalengka,0.9886478441529832,Majalengka_Majalengka
Majalengka,Malausma,0.9716568254393235,Majalengka_Malausma
Majalengka,Palasah,0.9917931944111134,Majalengka_Palasah
Majalengka,Panyingkiran,0.990627546597005,Majalengka_Panyingkiran
Majalengka,Rajagaluh,0.9803207014918268,Majalengka_Rajagaluh
Majalengka,Sindang,0.9808664873626508,Majalengka_Sindang
Majalengka,Sindangwangi,0.9797300066744736,Majalengka_Sindangwangi
Majalengka,Sukahaji,0.9897719411820673,Majalengka_Sukahaji
Majalengka,Sumberjaya,0.9917332228300568,Majalengka_Sumberjaya
Majalengka,Talaga,0.9800665843800497,Majalengka_Talaga
Malang,Ampelgading,0.7200922658036344,Malang_Ampelgading
Malang,Bantur,0.8308607779635093,Malang_Bantur
Malang,Bululawang,0.8826739822911567,Malang_Bululawang
Malang,Dampit,0.7546365580332316,Malang_Dampit
Malang,Dau,0.8440264516579031,Malang_Dau
Malang,Donomulyo,,Malang_Donomulyo
Malang,Gedangan,0.8073912086657067,Malang_Gedangan
Malang,Gondanglegi,0.8845145214857192,Malang_Gondanglegi
Malang,Jabung,0.8583424836252038,Malang_Jabung
Malang,Kalipare,0.8280012170521354,Malang_Kalipare
Malang,Karangploso,0.8814733742388123,Malang_Karangploso
Malang,Kasembon,0.8659276856626368,Malang_Kasembon
Malang,Kepanjen,0.8456213016380038,Malang_Kepanjen
Malang,Kromengan,0.8323283145845498,Malang_Kromengan
Malang,Lawang,0.887151293253405,Malang_Lawang
Malang,Ngajum,0.8322383225072457,Malang_Ngajum
Malang,Ngantang,0.8518342748579604,Malang_Ngantang
Malang,Pagak,0.8030525688828933,Malang_Pagak
Malang,Pagelaran,0.889299359766719,Malang_Pagelaran
Malang,Pakis,0.9238566070535723,Malang_Pakis
Malang,Pakisaji,0.8768501468614022,Malang_Pakisaji
Malang,Poncokusumo,0.8287082221084083,Malang_Poncokusumo
Malang,Pujon,0.7972163148899997,Malang_Pujon
Malang,Singosari,0.8841641671479542,Malang_Singosari
Malang,Sumbermanjing Wetan,0.7815288571343664,Malang_Sumbermanjing Wetan
Malang,Sumberpucung,0.8538354968303066,Malang_Sumberpucung
Malang,Tajinan,0.8992013136649764,Malang_Tajinan
Malang,Tirtoyudo,0.659514763174155,Malang_Tirtoyudo
Malang,Tumpang,0.8840032876900233,Malang_Tumpang
Malang,Turen,0.8858759869189481,Malang_Turen
Malang,Wagir,0.8473286591647894,Malang_Wagir
Malang,Wajak,0.8094037408591115,Malang_Wajak
Malang,Wonosari,0.8237956698147604,Malang_Wonosari
Mojokerto,Bangsal,0.92988243090346,Mojokerto_Bangsal
Mojokerto,Dawarblandong,0.921851004134892,Mojokerto_Dawarblandong
Mojokerto,Dlanggu,0.9213272810493798,Mojokerto_Dlanggu
Mojokerto,Gedeg,0.9480950958270647,Mojokerto_Gedeg
Mojokerto,Gondang,0.8739943137873954,Mojokerto_Gondang
Mojokerto,Jatirejo,0.8969719241377854,Mojokerto_Jatirejo
Mojokerto,Jetis,0.9320340874661546,Mojokerto_Jetis
Mojokerto,Kemlagi,0.91221340438538,Mojokerto_Kemlagi
Mojokerto,Kutorejo,0.9248520473410944,Mojokerto_Kutorejo
Mojokerto,Mojoanyar,0.9433554945614581,Mojokerto_Mojoanyar
Mojokerto,Mojosari,0.9342957173887831,Mojokerto_Mojosari
Mojokerto,Ngoro,0.8946540495782255,Mojokerto_Ngoro
Mojokerto,Pacet,0.8763125039519506,Mojokerto_Pacet
Mojokerto,Pungging,0.9218396130473674,Mojokerto_Pungging
Mojokerto,Puri,0.9304027132654996,Mojokerto_Puri
Mojokerto,Sooko,0.9346259430808216,Mojokerto_Sooko
Mojokerto,Trawas,0.8664828832810009,Mojokerto_Trawas
Mojokerto,Trowulan,0.9331570326683378,Mojokerto_Trowulan
Nan,Nan,,Nan_Nan
Nganjuk,Bagor,0.9542678297054328,Nganjuk_Bagor
Nganjuk,Baron,0.9438011649716617,Nganjuk_Baron
Nganjuk,Berbek,0.9393017178819288,Nganjuk_Berbek
Nganjuk,Gondang,0.952223226452665,Nganjuk_Gondang
Nganjuk,Jatikalen,0.9386736593955549,Nganjuk_Jatikalen
Nganjuk,Kertosono,0.9292363771838352,Nganjuk_Kertosono
Nganjuk,Lengkong,0.9386250630351601,Nganjuk_Lengkong
Nganjuk,Loceret,0.9254076895888013,Nganjuk_Loceret
Nganjuk,Nganjuk,0.958385720503929,Nganjuk_Nganjuk
Nganjuk,Ngetos,0.9011346506623321,Nganjuk_Ngetos
Nganjuk,Ngluyu,0.9379679196140066,Nganjuk_Ngluyu
Nganjuk,Ngronggot,0.9260448673587688,Nganjuk_Ngronggot
Nganjuk,Pace,0.9402906286718341,Nganjuk_Pace
Nganjuk,Patianrowo,0.9416221632979094,Nganjuk_Patianrowo
Nganjuk,Prambon,0.914414996164951,Nganjuk_Prambon
Nganjuk,Rejoso,0.956862466830021,Nganjuk_Rejoso
Nganjuk,Sawahan,0.8741957901938814,Nganjuk_Sawahan
Nganjuk,Sukomoro,0.9548523642248291,Nganjuk_Sukomoro
Nganjuk,Tanjunganom,0.9448999337823107,Nganjuk_Tanjunganom
Nganjuk,Wilangan,0.9545777603240994,Nganjuk_Wilangan
Ngawi,Bringin,0.9225352704015495,Ngawi_Bringin
Ngawi,Geneng,0.9402635104113187,Ngawi_Geneng
Ngawi,Gerih,0.9536601279251248,Ngawi_Gerih
Ngawi,Jogorogo,0.9417167704745918,Ngawi_Jogorogo
Ngawi,Karanganyar,0.9459619622285488,Ngawi_Karanganyar
Ngawi,Karangjati,0.950460585773061,Ngawi_Karangjati
Ngawi,Kasreman,0.921297564694709,Ngawi_Kasreman
Ngawi,Kedunggalar,0.9573618530188901,Ngawi_Kedunggalar
Ngawi,Kendal,0.9383463130462516,Ngawi_Kendal
Ngawi,Kwadungan,0.92639455500823,Ngawi_Kwadungan
Ngawi,Mantingan,0.9643412502345207,Ngawi_Mantingan
Ngawi,Ngawi,0.942548358194275,Ngawi_Ngawi
Ngawi,Ngrambe,0.9506781523119868,Ngawi_Ngrambe
Ngawi,Padas,0.9421240266434396,Ngawi_Padas
Ngawi,Pangkur,0.9429115098812165,Ngawi_Pangkur
Ngawi,Paron,0.9551895306923918,Ngawi_Paron
Ngawi,Pitu,0.936912055930944,Ngawi_Pitu
Ngawi,Sine,0.9407145504225348,Ngawi_Sine
Ngawi,Widodaren,0.9612295913222919,Ngawi_Widodaren
Pacitan,Arjosari,0.8527686375153459,Pacitan_Arjosari
Pacitan,Bandar,0.8647444211511847,Pacitan_Bandar
Pacitan,Donorojo,0.9492811094257124,Pacitan_Donorojo
Pacitan,Kebonagung,0.8917323295845986,Pacitan_Kebonagung
Pacitan,Nawangan,0.8717073154653326,Pacitan_Nawangan
Pacitan,Ngadirojo,0.8642204595435202,Pacitan_Ngadirojo
Pacitan,Pacitan,0.9225122393772839,Pacitan_Pacitan
Pacitan,Pringkuku,0.9242003468792377,Pacitan_Pringkuku
Pacitan,Punung,0.9248052350049002,Pacitan_Punung
Pacitan,Sudimoro,0.866481226552821,Pacitan_Sudimoro
Pacitan,Tegalombo,0.8472436320882878,Pacitan_Tegalombo
Pacitan,Tulakan,0.8721939456456634,Pacitan_Tulakan
Pamekasan,Batumarmar,0.9612923114524584,Pamekasan_Batumarmar
Pamekasan,Galis,0.9395743071635132,Pamekasan_Galis
Pamekasan,Kadur,0.943598466851919,Pamekasan_Kadur
Pamekasan,Larangan,0.9312432333626519,Pamekasan_Larangan
Pamekasan,Pademawu,0.9366485428905761,Pamekasan_Pademawu
Pamekasan,Pakong,0.9511391795147636,Pamekasan_Pakong
Pamekasan,Palengaan,0.9390259495148513,Pamekasan_Palengaan
Pamekasan,Pamekasan,0.9432401223524931,Pamekasan_Pamekasan
Pamekasan,Pasean,0.97067989587556,Pamekasan_Pasean
Pamekasan,Pegantenan,0.9324701993994609,Pamekasan_Pegantenan
Pamekasan,Proppo,0.9365528954153002,Pamekasan_Proppo
Pamekasan,Tlanakan,0.9335317229558427,Pamekasan_Tlanakan
Pamekasan,Waru,0.9671824986697563,Pamekasan_Waru
Pandeglang,Angsana,0.9934121233568751,Pandeglang_Angsana
Pandeglang,Banjar,0.976944996974093,Pandeglang_Banjar
Pandeglang,Bojong,0.9888879987090087,Pandeglang_Bojong
Pandeglang,Cadasari,0.9720983026982708,Pandeglang_Cadasari
Pandeglang,Carita,0.9824372106615151,Pandeglang_Carita
Pandeglang,Cibaliung,0.9945924774524019,Pandeglang_Cibaliung
Pandeglang,Cibitung,0.9947762753866272,Pandeglang_Cibitung
Pandeglang,Cigeulis,0.9946604061865508,Pandeglang_Cigeulis
Pandeglang,Cikedal,0.990782862817034,Pandeglang_Cikedal
Pandeglang,Cikeusik,0.9936391400281247,Pandeglang_Cikeusik
Pandeglang,Cimanggu,0.9954265699083519,Pandeglang_Cimanggu
Pandeglang,Cimanuk,0.9830817095081651,Pandeglang_Cimanuk
Pandeglang,Cipeucang,0.9773352843331453,Pandeglang_Cipeucang
Pandeglang,Cisata,0.9869944000940141,Pandeglang_Cisata
Pandeglang,Jiput,0.9874877691664231,Pandeglang_Jiput
Pandeglang,Kaduhejo,0.9746162205923137,Pandeglang_Kaduhejo
Pandeglang,Karang Tanjung,0.9717079452460996,Pandeglang_Karang Tanjung
Pandeglang,Koroncong,0.9758080645614842,Pandeglang_Koroncong
Pandeglang,Labuan,0.9921645104159109,Pandeglang_Labuan
Pandeglang,Majasari,0.9771224981203918,Pandeglang_Majasari
Pandeglang,Mandalawangi,0.9759580069563457,Pandeglang_Mandalawangi
Pandeglang,Mekarjaya,0.9800669802858009,Pandeglang_Mekarjaya
Pandeglang,Menes,0.9870872229109459,Pandeglang_Menes
Pandeglang,Munjul,0.991695436717941,Pandeglang_Munjul
Pandeglang,Pagelaran,0.9972936568769981,Pandeglang_Pagelaran
Pandeglang,Pandeglang,0.9750735199766074,Pandeglang_Pandeglang
Pandeglang,Panimbang,0.9966840491931998,Pandeglang_Panimbang
Pandeglang,Patia,0.9949675347855387,Pandeglang_Patia
Pandeglang,Picung,0.9903664504607634,Pandeglang_Picung
Pandeglang,Pulosari,0.979937539198905,Pandeglang_Pulosari
Pandeglang,Saketi,0.9876766397266922,Pandeglang_Saketi
Pandeglang,Sindangresmi,0.9915183975063864,Pandeglang_Sindangresmi
Pandeglang,Sobang,0.9951621486182878,Pandeglang_Sobang
Pandeglang,Sukaresmi,0.9946244557864402,Pandeglang_Sukaresmi
Pandeglang,Sumur,0.9989708374831203,Pandeglang_Sumur
Pangandaran,Cigugur,0.9141754827247479,Pangandaran_Cigugur
Pangandaran,Cijulang,0.9254268506793814,Pangandaran_Cijulang
Pangandaran,Cimerak,0.9260456778825108,Pangandaran_Cimerak
Pangandaran,Kalipucang,0.9563277257780329,Pangandaran_Kalipucang
Pangandaran,Langkaplancar,0.9278406598491306,Pangandaran_Langkaplancar
Pangandaran,Mangunjaya,0.9510954238836461,Pangandaran_Mangunjaya
Pangandaran,Padaherang,0.9501965304659448,Pangandaran_Padaherang
Pangandaran,Pangandaran,0.9399998309605472,Pangandaran_Pangandaran
Pangandaran,Parigi,0.9706754787238221,Pangandaran_Parigi
Pangandaran,Sidamulih,0.9297118881951495,Pangandaran_Sidamulih
Pasuruan,Bangil,,Pasuruan_Bangil
Pasuruan,Beji,,Pasuruan_Beji
Pasuruan,Gempol,0.9025125094653731,Pasuruan_Gempol
Pasuruan,Gondangwetan,,Pasuruan_Gondangwetan
Pasuruan,Grati,0.9089669058809995,Pasuruan_Grati
Pasuruan,Kejayan,,Pasuruan_Kejayan
Pasuruan,Kraton,,Pasuruan_Kraton
Pasuruan,Lekok,,Pasuruan_Lekok
Pasuruan,Lumbang,0.842295145321565,Pasuruan_Lumbang
Pasuruan,Nguling,0.9032165864670078,Pasuruan_Nguling
Pasuruan,Pandaan,0.9198664359600137,Pasuruan_Pandaan
Pasuruan,Pasrepan,0.8836458576866753,Pasuruan_Pasrepan
Pasuruan,Pohjentrek,,Pasuruan_Pohjentrek
Pasuruan,Prigen,0.8712327533586514,Pasuruan_Prigen
Pasuruan,Purwodadi,0.8810543479430302,Pasuruan_Purwodadi
Pasuruan,Purwosari,0.8996794677228676,Pasuruan_Purwosari
Pasuruan,Puspo,0.8336871862793791,Pasuruan_Puspo
Pasuruan,Rejoso,,Pasuruan_Rejoso
Pasuruan,Rembang,,Pasuruan_Rembang
Pasuruan,Sukorejo,0.9166174033527995,Pasuruan_Sukorejo
Pasuruan,Tosari,0.8427946868120879,Pasuruan_Tosari
Pasuruan,Tutur,0.8461588832967689,Pasuruan_Tutur
Pasuruan,Winongan,0.8879499022181303,Pasuruan_Winongan
Pasuruan,Wonorejo,,Pasuruan_Wonorejo
Pati,Batangan,0.972126112258895,Pati_Batangan
Pati,Cluwak,0.9878463220189078,Pati_Cluwak
Pati,Dukuhseti,0.9811488345776879,Pati_Dukuhseti
Pati,Gabus,0.9759211889839983,Pati_Gabus
Pati,Gembong,0.9895625207262372,Pati_Gembong
Pati,Gunungwungkal,0.9868464741438971,Pati_Gunungwungkal
Pati,Jaken,0.9684187993493799,Pati_Jaken
Pati,Jakenan,0.9710676675596918,Pati_Jakenan
Pati,Juwana,0.9734185517983083,Pati_Juwana
Pati,Kayen,0.9758710058627984,Pati_Kayen
Pati,Margorejo,0.9872630981874895,Pati_Margorejo
Pati,Margoyoso,0.9844778192159859,Pati_Margoyoso
Pati,Pati,0.9819120529983661,Pati_Pati
Pati,Pucakwangi,0.9559222098720995,Pati_Pucakwangi
Pati,Sukolilo,0.9852650208579407,Pati_Sukolilo
Pati,Tambakromo,0.9743216496045867,Pati_Tambakromo
Pati,Tayu,0.9851263906168447,Pati_Tayu
Pati,Tlogowungu,0.9887495245244408,Pati_Tlogowungu
Pati,Trangkil,0.9849569346050211,Pati_Trangkil
Pati,Wedarijaksa,0.9852423241349096,Pati_Wedarijaksa
Pati,Winong,0.973946768180493,Pati_Winong
Pekalongan,Bojong,0.9927252621742978,Pekalongan_Bojong
Pekalongan,Buaran,0.9943887627927708,Pekalongan_Buaran
Pekalongan,Doro,0.9838143316147402,Pekalongan_Doro
Pekalongan,Kajen,0.9866905678019834,Pekalongan_Kajen
Pekalongan,Kandangserang,0.9760734158801067,Pekalongan_Kandangserang
Pekalongan,Karanganyar,0.9864296182610045,Pekalongan_Karanganyar
Pekalongan,Karangdadap,0.9925161458026734,Pekalongan_Karangdadap
Pekalongan,Kedungwuni,0.993815843055149,Pekalongan_Kedungwuni
Pekalongan,Kesesi,0.9905074476458937,Pekalongan_Kesesi
Pekalongan,Lebakbarang,0.9703385161316407,Pekalongan_Lebakbarang
Pekalongan,Paninggaran,0.9743668510335849,Pekalongan_Paninggaran
Pekalongan,Petungkriyono,0.968848932820435,Pekalongan_Petungkriyono
Pekalongan,Siwalan,0.9948736794033151,Pekalongan_Siwalan
Pekalongan,Sragi,0.9933587553629183,Pekalongan_Sragi
Pekalongan,Talun,0.9851544037401019,Pekalongan_Talun
Pekalongan,Tirto,0.9945525237378748,Pekalongan_Tirto
Pekalongan,Wiradesa,0.993856289006885,Pekalongan_Wiradesa
Pekalongan,Wonokerto,0.9944679129941338,Pekalongan_Wonokerto
Pekalongan,Wonopringgo,0.9930631516439132,Pekalongan_Wonopringgo
Pemalang,Ampelgading,0.9920140059634679,Pemalang_Ampelgading
Pemalang,Bantarbolang,0.9891363172931256,Pemalang_Bantarbolang
Pemalang,Belik,0.9831991649013133,Pemalang_Belik
Pemalang,Bodeh,0.989907066391317,Pemalang_Bodeh
Pemalang,Comal,0.9953813179883011,Pemalang_Comal
Pemalang,Moga,0.9864796090914874,Pemalang_Moga
Pemalang,Pemalang,0.9921971396320493,Pemalang_Pemalang
Pemalang,Petarukan,0.9921642000746317,Pemalang_Petarukan
Pemalang,Pulosari,0.9819410370875303,Pemalang_Pulosari
Pemalang,Randudongkal,0.9889094099208808,Pemalang_Randudongkal
Pemalang,Taman,0.9925999093942055,Pemalang_Taman
Pemalang,Ulujami,0.9944875118572981,Pemalang_Ulujami
Pemalang,Warungpring,0.9849537484609423,Pemalang_Warungpring
Pemalang,Watukumpul,0.9770210805128812,Pemalang_Watukumpul
Ponorogo,Babadan,0.9154254545379537,Ponorogo_Babadan
Ponorogo,Badegan,0.8793713165467523,Ponorogo_Badegan
Ponorogo,Balong,0.8897266694837938,Ponorogo_Balong
Ponorogo,Bungkal,0.8889956065255122,Ponorogo_Bungkal
Ponorogo,Jambon,0.8973087390965144,Ponorogo_Jambon
Ponorogo,Jenangan,0.9069865302720453,Ponorogo_Jenangan
Ponorogo,Jetis,0.9207330664666857,Ponorogo_Jetis
Ponorogo,Kauman,0.9220950488796552,Ponorogo_Kauman
Ponorogo,Mlarak,0.92160208816136,Ponorogo_Mlarak
Ponorogo,Ngebel,0.8267490340014181,Ponorogo_Ngebel
Ponorogo,Ngrayun,0.8339168346637762,Ponorogo_Ngrayun
Ponorogo,Ponorogo,0.9298261065824507,Ponorogo_Ponorogo
Ponorogo,Pudak,0.7896279277075376,Ponorogo_Pudak
Ponorogo,Pulung,0.8698349358222737,Ponorogo_Pulung
Ponorogo,Sambit,0.8934491455124287,Ponorogo_Sambit
Ponorogo,Sampung,0.895412796135508,Ponorogo_Sampung
Ponorogo,Sawoo,0.8784700686406985,Ponorogo_Sawoo
Ponorogo,Siman,0.9204338875599071,Ponorogo_Siman
Ponorogo,Slahung,0.8778457505228296,Ponorogo_Slahung
Ponorogo,Sooko,0.8654982201916682,Ponorogo_Sooko
Ponorogo,Sukorejo,0.916950199082852,Ponorogo_Sukorejo
Probolinggo,Bantaran,0.9025658306164984,Probolinggo_Bantaran
Probolinggo,Banyuanyar,0.8912740322478838,Probolinggo_Banyuanyar
Probolinggo,Besuk,0.9013185289969948,Probolinggo_Besuk
Probolinggo,Dringu,0.9277098024764947,Probolinggo_Dringu
Probolinggo,Gading,0.7886567236818377,Probolinggo_Gading
Probolinggo,Gending,0.9212892208597238,Probolinggo_Gending
Probolinggo,Kotaanyar,0.8651132931285704,Probolinggo_Kotaanyar
Probolinggo,Kraksaan,0.9143269266499116,Probolinggo_Kraksaan
Probolinggo,Krejengan,0.886991082811252,Probolinggo_Krejengan
Probolinggo,Krucil,0.7693575132114989,Probolinggo_Krucil
Probolinggo,Kuripan,0.8480334743623748,Probolinggo_Kuripan
Probolinggo,Leces,0.9023360951192535,Probolinggo_Leces
Probolinggo,Lumbang,0.8900125755469719,Probolinggo_Lumbang
Probolinggo,Maron,0.888763230479522,Probolinggo_Maron
Probolinggo,Paiton,0.8985038668817196,Probolinggo_Paiton
Probolinggo,Pakuniran,0.7554278061906413,Probolinggo_Pakuniran
Probolinggo,Pejarakan,0.9165769337690836,Probolinggo_Pejarakan
Probolinggo,Sukapura,0.8780081228075963,Probolinggo_Sukapura
Probolinggo,Sumber,0.8873433589673267,Probolinggo_Sumber
Probolinggo,Sumberasih,0.9154547217883322,Probolinggo_Sumberasih
Probolinggo,Tegalsiwalan,0.906721113992309,Probolinggo_Tegalsiwalan
Probolinggo,Tiris,0.8425419144384654,Probolinggo_Tiris
Probolinggo,Tongas,0.9138656029560477,Probolinggo_Tongas
Probolinggo,Wonomerto,0.9049743252217447,Probolinggo_Wonomerto
Purbalingga,Bobotsari,0.9804846283057259,Purbalingga_Bobotsari
Purbalingga,Bojongsari,0.9756273402774781,Purbalingga_Bojongsari
Purbalingga,Bukateja,0.9798939464435412,Purbalingga_Bukateja
Purbalingga,Kaligondang,0.9800498398464546,Purbalingga_Kaligondang
Purbalingga,Kalimanah,0.9816810511682975,Purbalingga_Kalimanah
Purbalingga,Karanganyar,0.9825812016141614,Purbalingga_Karanganyar
Purbalingga,Karangjambu,0.9725973436440453,Purbalingga_Karangjambu
Purbalingga,Karangmoncol,0.977749608053793,Purbalingga_Karangmoncol
Purbalingga,Karangreja,0.9760808663751702,Purbalingga_Karangreja
Purbalingga,Kejobong,0.9748516511174382,Purbalingga_Kejobong
Purbalingga,Kemangkon,0.983204773222159,Purbalingga_Kemangkon
Purbalingga,Kertanegara,0.9803969556643463,Purbalingga_Kertanegara
Purbalingga,Kutasari,0.9781540713511546,Purbalingga_Kutasari
Purbalingga,Mrebet,0.9782737270380308,Purbalingga_Mrebet
Purbalingga,Padamara,0.9822182838760337,Purbalingga_Padamara
Purbalingga,Pengadegan,0.9773005477047286,Purbalingga_Pengadegan
Purbalingga,Purbalingga,0.9856552802277838,Purbalingga_Purbalingga
Purbalingga,Rembang,0.9715428845222635,Purbalingga_Rembang
Purwakarta,Babakancikao,0.9891214143452332,Purwakarta_Babakancikao
Purwakarta,Bojong,0.970181653842584,Purwakarta_Bojong
Purwakarta,Bungursari,0.9899419603388572,Purwakarta_Bungursari
Purwakarta,Campaka,0.9885331240007762,Purwakarta_Campaka
Purwakarta,Cibatu,0.9812639039193066,Purwakarta_Cibatu
Purwakarta,Darangdan,0.9776460460680785,Purwakarta_Darangdan
Purwakarta,Jatiluhur,0.9840069546227714,Purwakarta_Jatiluhur
Purwakarta,Kiarapedes,0.9774906308818377,Purwakarta_Kiarapedes
Purwakarta,Maniis,0.9738745508484224,Purwakarta_Maniis
Purwakarta,Pasawahan,0.9825819333781697,Purwakarta_Pasawahan
Purwakarta,Plered,0.9791582073366242,Purwakarta_Plered
Purwakarta,Pondoksalam,0.9803644778348599,Purwakarta_Pondoksalam
Purwakarta,Purwakarta,0.9862355861058185,Purwakarta_Purwakarta
Purwakarta,Sukasari,0.9773764154987225,Purwakarta_Sukasari
Purwakarta,Sukatani,0.9813869957942052,Purwakarta_Sukatani
Purwakarta,Tegalwaru,0.9750715625268881,Purwakarta_Tegalwaru
Purwakarta,Wanayasa,0.9745091101622142,Purwakarta_Wanayasa
Purworejo,Bagelen,0.9693290369142018,Purworejo_Bagelen
Purworejo,Banyuurip,0.9749265536111659,Purworejo_Banyuurip
Purworejo,Bayan,0.9765023279160158,Purworejo_Bayan
Purworejo,Bener,0.9488454194177859,Purworejo_Bener
Purworejo,Bruno,0.9556298566173992,Purworejo_Bruno
Purworejo,Butuh,0.984804060675928,Purworejo_Butuh
Purworejo,Gebang,0.963002663829629,Purworejo_Gebang
Purworejo,Grabag,0.9874463522592313,Purworejo_Grabag
Purworejo,Kaligesing,0.9443256038094214,Purworejo_Kaligesing
Purworejo,Kemiri,0.9603319127212026,Purworejo_Kemiri
Purworejo,Kutoarjo,0.9775963390275859,Purworejo_Kutoarjo
Purworejo,Loano,0.9504448742006347,Purworejo_Loano
Purworejo,Ngombol,0.9862272927568239,Purworejo_Ngombol
Purworejo,Pituruh,0.9637437924010521,Purworejo_Pituruh
Purworejo,Purwodadi,0.9834848514733041,Purworejo_Purwodadi
Purworejo,Purworejo,0.9658127107694647,Purworejo_Purworejo
Rembang,Bulu,0.9356572125616155,Rembang_Bulu
Rembang,Gunem,0.9252862885623249,Rembang_Gunem
Rembang,Kaliori,0.9855228723347542,Rembang_Kaliori
Rembang,Kragan,0.9422237756668699,Rembang_Kragan
Rembang,Lasem,0.9536241501729911,Rembang_Lasem
Rembang,Pamotan,0.9496318573821223,Rembang_Pamotan
Rembang,Pancur,0.9345843020602759,Rembang_Pancur
Rembang,Rembang,0.9633324470248489,Rembang_Rembang
Rembang,Sale,0.9231714453642448,Rembang_Sale
Rembang,Sarang,0.9480824796871564,Rembang_Sarang
Rembang,Sedan,0.9291566861180802,Rembang_Sedan
Rembang,Sluke,0.9270282048276623,Rembang_Sluke
Rembang,Sulang,0.9618659194947721,Rembang_Sulang
Rembang,Sumber,0.9683259894614186,Rembang_Sumber
Sampang,Banyuates,0.9554516464391222,Sampang_Banyuates
Sampang,Camplong,0.9430400942395365,Sampang_Camplong
Sampang,Jrengik,0.9396072765887588,Sampang_Jrengik
Sampang,Karangpenang,0.9411421499163342,Sampang_Karangpenang
Sampang,Kedungdung,0.9479670828732593,Sampang_Kedungdung
Sampang,Ketapang,0.95808472407977,Sampang_Ketapang
Sampang,Omben,0.9391117547266413,Sampang_Omben
Sampang,Pangarengan,0.9514254190409377,Sampang_Pangarengan
Sampang,Robatal,0.9460622305649947,Sampang_Robatal
Sampang,Sampang,0.9446115645600053,Sampang_Sampang
Sampang,Sokobanah,0.9612915069647036,Sampang_Sokobanah
Sampang,Sreseh,0.9501670876442403,Sampang_Sreseh
Sampang,Tambelangan,0.9368815612543087,Sampang_Tambelangan
Sampang,Torjun,0.9401616456418393,Sampang_Torjun
Semarang,Ambarawa,0.9843325092817882,Semarang_Ambarawa
Semarang,Bancak,0.9744062851309978,Semarang_Bancak
Semarang,Bandungan,0.9716474172248984,Semarang_Bandungan
Semarang,Banyubiru,0.9729755704457842,Semarang_Banyubiru
Semarang,Bawen,0.97025499913975,Semarang_Bawen
Semarang,Bergas,0.9782952081138472,Semarang_Bergas
Semarang,Bringin,0.9719122045805252,Semarang_Bringin
Semarang,Getasan,0.9661507912066919,Semarang_Getasan
Semarang,Jambu,0.9699714912886281,Semarang_Jambu
Semarang,Kaliwungu,0.9753876273611316,Semarang_Kaliwungu
Semarang,Pabelan,0.9741326453444338,Semarang_Pabelan
Semarang,Pringapus,0.9747191007800764,Semarang_Pringapus
Semarang,Sumowono,0.9768576618039456,Semarang_Sumowono
Semarang,Suruh,0.9769271875164333,Semarang_Suruh
Semarang,Susukan,0.9824665045683418,Semarang_Susukan
Semarang,Tengaran,0.9831495575010957,Semarang_Tengaran
Semarang,Tuntang,0.975538106620758,Semarang_Tuntang
Semarang,Ungaran Barat,0.9759413440202773,Semarang_Ungaran Barat
Semarang,Ungaran Timur,0.9779686238713877,Semarang_Ungaran Timur
Serang,Anyar,0.9666878850497166,Serang_Anyar
Serang,Bandung,0.9844719314730471,Serang_Bandung
Serang,Baros,0.9770406274381759,Serang_Baros
Serang,Binuang,0.9815536181045501,Serang_Binuang
Serang,Bojonegara,0.9599532207554675,Serang_Bojonegara
Serang,Carenang,0.9810523653682679,Serang_Carenang
Serang,Cikande,0.9890014795465231,Serang_Cikande
Serang,Cikeusal,0.9769316183543092,Serang_Cikeusal
Serang,Cinangka,0.9813671641036953,Serang_Cinangka
Serang,Ciomas,0.9676597421062371,Serang_Ciomas
Serang,Ciruas,0.9844982587856491,Serang_Ciruas
Serang,Gunungsari,0.974189772866495,Serang_Gunungsari
Serang,Jawilan,0.9840188072348134,Serang_Jawilan
Serang,Kibin,0.9830576279345808,Serang_Kibin
Serang,Kopo,0.9843655684994601,Serang_Kopo
Serang,Kragilan,0.9846521319501634,Serang_Kragilan
Serang,Kramatwatu,0.9771468371551995,Serang_Kramatwatu
Serang,Lebak Wangi,0.9795042669059196,Serang_Lebak Wangi
Serang,Mancak,0.9669350768482057,Serang_Mancak
Serang,Pabuaran,0.978235534901335,Serang_Pabuaran
Serang,Padarincang,0.9807026737073387,Serang_Padarincang
Serang,Pamarayan,0.9834656182167011,Serang_Pamarayan
Serang,Petir,0.9796984354833137,Serang_Petir
Serang,Pontang,0.9801656010912523,Serang_Pontang
Serang,Pulo Ampel,0.9505253741657875,Serang_Pulo Ampel
Serang,Tanara,0.9827429116578164,Serang_Tanara
Serang,Tirtayasa,0.9742512749225842,Serang_Tirtayasa
Serang,Tunjung Teja,0.9755202313561828,Serang_Tunjung Teja
Serang,Waringinkurung,0.962372950006542,Serang_Waringinkurung
Sidoarjo,Balongbendo,0.9556992452432693,Sidoarjo_Balongbendo
Sidoarjo,Buduran,0.9382994957888583,Sidoarjo_Buduran
Sidoarjo,Candi,,Sidoarjo_Candi
Sidoarjo,Gedangan,0.9503202819888819,Sidoarjo_Gedangan
Sidoarjo,Jabon,,Sidoarjo_Jabon
Sidoarjo,Krembung,0.9155356297105426,Sidoarjo_Krembung
Sidoarjo,Krian,0.9492540529694141,Sidoarjo_Krian
Sidoarjo,Porong,,Sidoarjo_Porong
Sidoarjo,Prambon,0.9453439022345624,Sidoarjo_Prambon
Sidoarjo,Sedati,0.9439277967218185,Sidoarjo_Sedati
Sidoarjo,Sidoarjo,,Sidoarjo_Sidoarjo
Sidoarjo,Sukodono,0.947498625084887,Sidoarjo_Sukodono
Sidoarjo,Taman,,Sidoarjo_Taman
Sidoarjo,Tanggulangin,,Sidoarjo_Tanggulangin
Sidoarjo,Tarik,0.9531039960858523,Sidoarjo_Tarik
Sidoarjo,Tulangan,0.9277458027964236,Sidoarjo_Tulangan
Sidoarjo,Waru,0.967786061260682,Sidoarjo_Waru
Sidoarjo,Wonoayu,0.9330944506623442,Sidoarjo_Wonoayu
Situbondo,Arjasa,0.669378956850462,Situbondo_Arjasa
Situbondo,Asembagus,0.6514427997074584,Situbondo_Asembagus
Situbondo,Banyuglugur,0.8195252417122639,Situbondo_Banyuglugur
Situbondo,Banyuputih,0.7097793463591767,Situbondo_Banyuputih
Situbondo,Besuki,0.8747186592197045,Situbondo_Besuki
Situbondo,Bungatan,0.7760968433727009,Situbondo_Bungatan
Situbondo,Jangkar,0.7735348756924384,Situbondo_Jangkar
Situbondo,Jatibanteng,0.7063230441852343,Situbondo_Jatibanteng
Situbondo,Kapongan,0.8300676489353612,Situbondo_Kapongan
Situbondo,Kendit,0.768893481440558,Situbondo_Kendit
Situbondo,Mangaran,0.8693179276796914,Situbondo_Mangaran
Situbondo,Mlandingan,0.7921753050202228,Situbondo_Mlandingan
Situbondo,Panarukan,0.8785822971776538,Situbondo_Panarukan
Situbondo,Panji,0.8225762561110138,Situbondo_Panji
Situbondo,Situbondo,0.8580338688301223,Situbondo_Situbondo
Situbondo,Suboh,0.844527513558861,Situbondo_Suboh
Situbondo,Sumbermalang,0.6987173598052128,Situbondo_Sumbermalang
Sleman,Berbah,0.9626702463498641,Sleman_Berbah
Sleman,Cangkringan,0.9668682007515577,Sleman_Cangkringan
Sleman,Depok,0.9737040400137894,Sleman_Depok
Sleman,Gamping,0.9738818614913276,Sleman_Gamping
Sleman,Godean,0.9728774671081549,Sleman_Godean
Sleman,Kalasan,0.9716083585191619,Sleman_Kalasan
Sleman,Minggir,0.9691225634723669,Sleman_Minggir
Sleman,Mlati,0.9758511349249172,Sleman_Mlati
Sleman,Moyudan,0.9716334585529955,Sleman_Moyudan
Sleman,Ngaglik,0.9748096754925097,Sleman_Ngaglik
Sleman,Ngemplak,0.9689382624228647,Sleman_Ngemplak
Sleman,Pakem,0.9666207613023127,Sleman_Pakem
Sleman,Prambanan,0.9510980794615425,Sleman_Prambanan
Sleman,Seyegan,0.971768505056537,Sleman_Seyegan
Sleman,Sleman,0.9749119739536924,Sleman_Sleman
Sleman,Tempel,0.972002252557913,Sleman_Tempel
Sleman,Turi,0.968239669797507,Sleman_Turi
Sragen,Gemolong,0.9633520518912182,Sragen_Gemolong
Sragen,Gesi,0.9502821515551945,Sragen_Gesi
Sragen,Gondang,0.9641880607794706,Sragen_Gondang
Sragen,Jenar,0.946983099737352,Sragen_Jenar
Sragen,Kalijambe,0.9697060399854274,Sragen_Kalijambe
Sragen,Karangmalang,0.9663783884605893,Sragen_Karangmalang
Sragen,Kedawung,0.964816742517374,Sragen_Kedawung
Sragen,Masaran,0.9540179909889073,Sragen_Masaran
Sragen,Miri,0.9660799706622962,Sragen_Miri
Sragen,Mondokan,0.9446570396964731,Sragen_Mondokan
Sragen,Ngrampal,0.9565439342374691,Sragen_Ngrampal
Sragen,Plupuh,0.96330762651411,Sragen_Plupuh
Sragen,Sambirejo,0.9465561946715111,Sragen_Sambirejo
Sragen,Sambungmacan,0.9645262303136325,Sragen_Sambungmacan
Sragen,Sidoharjo,0.9598044648942942,Sragen_Sidoharjo
Sragen,Sragen,0.9619982290527033,Sragen_Sragen
Sragen,Sukodono,0.9471101957519951,Sragen_Sukodono
Sragen,Sumberlawang,0.9654690892286647,Sragen_Sumberlawang
Sragen,Tangen,0.9475738339913913,Sragen_Tangen
Sragen,Tanon,0.9503203167542945,Sragen_Tanon
Subang,Binong,0.9817210260446263,Subang_Binong
Subang,Blanakan,0.976158990887124,Subang_Blanakan
Subang,Ciasem,0.9765375308322221,Subang_Ciasem
Subang,Ciater,0.9680681730287761,Subang_Ciater
Subang,Cibogo,0.9860254510027746,Subang_Cibogo
Subang,Cijambe,0.9781517179078483,Subang_Cijambe
Subang,Cikaum,0.9840483079848168,Subang_Cikaum
Subang,Cipeundeuy,0.9839348134367838,Subang_Cipeundeuy
Subang,Cipunagara,0.9836616672876185,Subang_Cipunagara
Subang,Cisalak,0.961949558468207,Subang_Cisalak
Subang,Compreng,0.9758659728982296,Subang_Compreng
Subang,Dawuan,0.983035277947923,Subang_Dawuan
Subang,Jalancagak,0.9792384997596998,Subang_Jalancagak
Subang,Kalijati,0.9845056676402142,Subang_Kalijati
Subang,Kasomalang,0.979300777713309,Subang_Kasomalang
Subang,Legonkulon,0.9727424468151332,Subang_Legonkulon
Subang,Pabuaran,0.9857740642758586,Subang_Pabuaran
Subang,Pagaden,0.9843039532346045,Subang_Pagaden
Subang,Pagaden Barat,0.9842534671421638,Subang_Pagaden Barat
Subang,Pamanukan,0.9689665566160095,Subang_Pamanukan
Subang,Patokbeusi,0.9828263886411654,Subang_Patokbeusi
Subang,Purwadadi,0.9839227958040331,Subang_Purwadadi
Subang,Pusakajaya,0.9777955778206087,Subang_Pusakajaya
Subang,Pusakanagara,0.9733515789086891,Subang_Pusakanagara
Subang,Sagalaherang,0.973828480098604,Subang_Sagalaherang
Subang,Serangpanjang,0.9762971136072004,Subang_Serangpanjang
Subang,Subang,0.983255225439494,Subang_Subang
Subang,Sukasari,0.9723498175547611,Subang_Sukasari
Subang,Tambakdahan,0.9749259504518764,Subang_Tambakdahan
Subang,Tanjungsiang,0.9752709645914467,Subang_Tanjungsiang
Sukabumi,Bantargadung,0.9701136708339673,Sukabumi_Bantargadung
Sukabumi,Bojonggenteng,0.9746147689213829,Sukabumi_Bojonggenteng
Sukabumi,Caringin,0.9687777365287512,Sukabumi_Caringin
Sukabumi,Ciambar,0.9625094348315129,Sukabumi_Ciambar
Sukabumi,Cibadak,0.9724370642905303,Sukabumi_Cibadak
Sukabumi,Cibitung,0.9879956268894885,Sukabumi_Cibitung
Sukabumi,Cicantayan,0.9739316883822835,Sukabumi_Cicantayan
Sukabumi,Cicurug,0.9718683896202805,Sukabumi_Cicurug
Sukabumi,Cidadap,0.9771157460550302,Sukabumi_Cidadap
Sukabumi,Cidahu,0.9687594898454609,Sukabumi_Cidahu
Sukabumi,Cidolog,0.975557204011936,Sukabumi_Cidolog
Sukabumi,Ciemas,0.9898523519212684,Sukabumi_Ciemas
Sukabumi,Cikakak,0.9608503368688653,Sukabumi_Cikakak
Sukabumi,Cikembar,0.9765331137821623,Sukabumi_Cikembar
Sukabumi,Cikidang,0.9628424673517787,Sukabumi_Cikidang
Sukabumi,Cimanggu,0.9866272915000657,Sukabumi_Cimanggu
Sukabumi,Ciracap,0.9939890247758274,Sukabumi_Ciracap
Sukabumi,Cireunghas,0.9659655301674775,Sukabumi_Cireunghas
Sukabumi,Cisaat,0.9812725267371559,Sukabumi_Cisaat
Sukabumi,Cisolok,0.9697466610708694,Sukabumi_Cisolok
Sukabumi,Curugkembar,0.9724655158420352,Sukabumi_Curugkembar
Sukabumi,Gegerbitung,0.9630200827726827,Sukabumi_Gegerbitung
Sukabumi,Gunungguruh,0.9750118811337153,Sukabumi_Gunungguruh
Sukabumi,Jampangkulon,0.9878165154740182,Sukabumi_Jampangkulon
Sukabumi,Jampangtengah,0.9731209466605905,Sukabumi_Jampangtengah
Sukabumi,Kabandungan,0.9629477731602251,Sukabumi_Kabandungan
Sukabumi,Kadudampit,0.9578432782136931,Sukabumi_Kadudampit
Sukabumi,Kalapanunggal,0.9682943537543212,Sukabumi_Kalapanunggal
Sukabumi,Kalibunder,0.9807379965304712,Sukabumi_Kalibunder
Sukabumi,Kebonpedes,0.9823978838396712,Sukabumi_Kebonpedes
Sukabumi,Lengkong,0.9788336324112659,Sukabumi_Lengkong
Sukabumi,Nagrak,0.9663129330340053,Sukabumi_Nagrak
Sukabumi,Nyalindung,0.9643729703282091,Sukabumi_Nyalindung
Sukabumi,Pabuaran,0.9789872090643615,Sukabumi_Pabuaran
Sukabumi,Palabuhanratu,0.9696280142144116,Sukabumi_Palabuhanratu
Sukabumi,Parakansalak,0.9670194234620944,Sukabumi_Parakansalak
Sukabumi,Parungkuda,0.9770361091363922,Sukabumi_Parungkuda
Sukabumi,Purabaya,0.9754114680496746,Sukabumi_Purabaya
Sukabumi,Sagaranten,0.9786006415977088,Sukabumi_Sagaranten
Sukabumi,Simpenan,0.9714502547275542,Sukabumi_Simpenan
Sukabumi,Sukabumi,0.9659626461681552,Sukabumi_Sukabumi
Sukabumi,Sukalarang,0.9716844238518616,Sukabumi_Sukalarang
Sukabumi,Sukaraja,0.9745230743045612,Sukabumi_Sukaraja
Sukabumi,Surade,0.992230232326995,Sukabumi_Surade
Sukabumi,Tegalbuleud,0.9831633337149832,Sukabumi_Tegalbuleud
Sukabumi,Waluran,0.9879330983753345,Sukabumi_Waluran
Sukabumi,Warungkiara,0.9728435949355353,Sukabumi_Warungkiara
Sukoharjo,Baki,0.9534581996817945,Sukoharjo_Baki
Sukoharjo,Bendosari,0.956672280716546,Sukoharjo_Bendosari
Sukoharjo,Bulu,0.9313126321579741,Sukoharjo_Bulu
Sukoharjo,Gatak,0.9722100300519702,Sukoharjo_Gatak
Sukoharjo,Grogol,0.9636674421951373,Sukoharjo_Grogol
Sukoharjo,Kartasura,0.9751540307925318,Sukoharjo_Kartasura
Sukoharjo,Mojolaban,0.9606289264918592,Sukoharjo_Mojolaban
Sukoharjo,Nguter,0.9482785502726208,Sukoharjo_Nguter
Sukoharjo,Polokarto,0.9456798539988219,Sukoharjo_Polokarto
Sukoharjo,Sukoharjo,0.9587112968694126,Sukoharjo_Sukoharjo
Sukoharjo,Tawangsari,0.9586722923982663,Sukoharjo_Tawangsari
Sukoharjo,Weru,0.9592924696926132,Sukoharjo_Weru
Sumedang,Buahdua,0.981172646408298,Sumedang_Buahdua
Sumedang,Cibugel,0.9722179332871801,Sumedang_Cibugel
Sumedang,Cimalaka,0.9774539662726072,Sumedang_Cimalaka
Sumedang,Cimanggung,0.9658462806491763,Sumedang_Cimanggung
Sumedang,Cisarua,0.9786653753546962,Sumedang_Cisarua
Sumedang,Cisitu,0.9761390759129209,Sumedang_Cisitu
Sumedang,Conggeang,0.9827724145359351,Sumedang_Conggeang
Sumedang,Darmaraja,0.9791754033607787,Sumedang_Darmaraja
Sumedang,Ganeas,0.9691921459638403,Sumedang_Ganeas
Sumedang,Jatigede,0.983609782889466,Sumedang_Jatigede
Sumedang,Jatinangor,0.9725764600915227,Sumedang_Jatinangor
Sumedang,Jatinunggal,0.9815739379255589,Sumedang_Jatinunggal
Sumedang,Pamulihan,0.9672938205710951,Sumedang_Pamulihan
Sumedang,Paseh,0.9815207095143405,Sumedang_Paseh
Sumedang,Rancakalong,0.9664141846391511,Sumedang_Rancakalong
Sumedang,Situraja,0.9774402685448103,Sumedang_Situraja
Sumedang,Sukasari,0.9613591335562518,Sumedang_Sukasari
Sumedang,Sumedang Selatan,0.9630266821971574,Sumedang_Sumedang Selatan
Sumedang,Sumedang Utara,0.9808748846114214,Sumedang_Sumedang Utara
Sumedang,Surian,0.9799329085316281,Sumedang_Surian
Sumedang,Tanjungkerta,0.9771854811616933,Sumedang_Tanjungkerta
Sumedang,Tanjungmedar,0.9750342153631165,Sumedang_Tanjungmedar
Sumedang,Tanjungsari,0.9665511382188116,Sumedang_Tanjungsari
Sumedang,Tomo,0.9890023236248007,Sumedang_Tomo
Sumedang,Ujungjaya,0.9877914425573474,Sumedang_Ujungjaya
Sumedang,Wado,0.9768209097873255,Sumedang_Wado
Sumenep,Ambunten,0.9750539638751613,Sumenep_Ambunten
Sumenep,Arjasa,,Sumenep_Arjasa
Sumenep,Batang Batang,0.9541794898643567,Sumenep_Batang Batang
Sumenep,Batuan,0.9392747273564481,Sumenep_Batuan
Sumenep,Batuputih,0.9292536281049505,Sumenep_Batuputih
Sumenep,Bluto,0.883911699913605,Sumenep_Bluto
Sumenep,Dasuk,0.9653009220719184,Sumenep_Dasuk
Sumenep,Dungkek,0.9639756977264871,Sumenep_Dungkek
Sumenep,Ganding,0.946347924364795,Sumenep_Ganding
Sumenep,Gapura,0.9008255186513242,Sumenep_Gapura
Sumenep,Gayam,0.820353056986873,Sumenep_Gayam
Sumenep,Giliginting,0.49260171262371905,Sumenep_Giliginting
Sumenep,Guluk-Guluk,0.949088312636343,Sumenep_Guluk-Guluk
Sumenep,Kalianget,0.9525399146731045,Sumenep_Kalianget
Sumenep,Kangayan,,Sumenep_Kangayan
Sumenep,Kota Sumenep,0.9440138798674749,Sumenep_Kota Sumenep
Sumenep,Lenteng,0.9456619179029983,Sumenep_Lenteng
Sumenep,Manding,0.9670487194165146,Sumenep_Manding
Sumenep,Masalembu,,Sumenep_Masalembu
Sumenep,Nonggunong,0.7907371078498162,Sumenep_Nonggunong
Sumenep,Pasongsongan,0.974782548206253,Sumenep_Pasongsongan
Sumenep,Pragaan,0.9470119281038811,Sumenep_Pragaan
Sumenep,Ra'As,0.6492414743680267,Sumenep_Ra'As
Sumenep,Rubaru,0.9725217717452044,Sumenep_Rubaru
Sumenep,Sapeken,,Sumenep_Sapeken
Sumenep,Saronggi,0.9282726115035043,Sumenep_Saronggi
Sumenep,Talango,0.8008716762476117,Sumenep_Talango
Tangerang,Balaraja,0.9870589718989835,Tangerang_Balaraja
Tangerang,Cikupa,0.9868581800312061,Tangerang_Cikupa
Tangerang,Cisauk,0.9830083366594229,Tangerang_Cisauk
Tangerang,Cisoka,0.9870083291452557,Tangerang_Cisoka
Tangerang,Curug,0.9871010822178368,Tangerang_Curug
Tangerang,Gunung Kaler,0.9815838245031759,Tangerang_Gunung Kaler
Tangerang,Jambe,0.9826135381824749,Tangerang_Jambe
Tangerang,Jayanti,0.9865241331116216,Tangerang_Jayanti
Tangerang,Kelapa Dua,0.9877921443215877,Tangerang_Kelapa Dua
Tangerang,Kemiri,0.9839028550873352,Tangerang_Kemiri
Tangerang,Kosambi,0.9880562295926979,Tangerang_Kosambi
Tangerang,Kresek,0.9839200841397894,Tangerang_Kresek
Tangerang,Kronjo,0.9846105071260974,Tangerang_Kronjo
Tangerang,Legok,0.98237282372658,Tangerang_Legok
Tangerang,Mauk,0.9886561528357359,Tangerang_Mauk
Tangerang,Mekar Baru,0.9813732673555173,Tangerang_Mekar Baru
Tangerang,Pagedangan,0.9856770061647377,Tangerang_Pagedangan
Tangerang,Pakuhaji,0.9851481617364413,Tangerang_Pakuhaji
Tangerang,Panongan,0.9859387160115981,Tangerang_Panongan
Tangerang,Pasar Kemis,0.9899803875645141,Tangerang_Pasar Kemis
Tangerang,Rajeg,0.9881234270928894,Tangerang_Rajeg
Tangerang,Sepatan,0.9896065388116079,Tangerang_Sepatan
Tangerang,Sepatan Timur,0.9849178735804741,Tangerang_Sepatan Timur
Tangerang,Sindang Jaya,0.9840004611257787,Tangerang_Sindang Jaya
Tangerang,Solear,0.9836879319714874,Tangerang_Solear
Tangerang,Sukadiri,0.9882537350480091,Tangerang_Sukadiri
Tangerang,Sukamulya,0.9828596263556003,Tangerang_Sukamulya
Tangerang,Teluknaga,0.986206948234704,Tangerang_Teluknaga
Tangerang,Tigaraksa,0.9867952514991841,Tangerang_Tigaraksa
Tasikmalaya,Bantarkalong,0.9061857478853926,Tasikmalaya_Bantarkalong
Tasikmalaya,Bojongasih,0.9110169758624377,Tasikmalaya_Bojongasih
Tasikmalaya,Bojonggambir,0.9354529341790517,Tasikmalaya_Bojonggambir
Tasikmalaya,Ciawi,0.9605200979661863,Tasikmalaya_Ciawi
Tasikmalaya,Cibalong,0.9140689042124761,Tasikmalaya_Cibalong
Tasikmalaya,Cigalontang,0.9374081613097794,Tasikmalaya_Cigalontang
Tasikmalaya,Cikalong,0.9257247067965887,Tasikmalaya_Cikalong
Tasikmalaya,Cikatomas,0.9017050893376051,Tasikmalaya_Cikatomas
Tasikmalaya,Cineam,0.9223756190158066,Tasikmalaya_Cineam
Tasikmalaya,Cipatujah,0.9184341495385434,Tasikmalaya_Cipatujah
Tasikmalaya,Cisayong,0.9685084423500249,Tasikmalaya_Cisayong
Tasikmalaya,Culamega,0.8918815980618883,Tasikmalaya_Culamega
Tasikmalaya,Gunungtanjung,0.9196826464675254,Tasikmalaya_Gunungtanjung
Tasikmalaya,Jamanis,0.9734472002987382,Tasikmalaya_Jamanis
Tasikmalaya,Jatiwaras,0.9316942898491808,Tasikmalaya_Jatiwaras
Tasikmalaya,Kadipaten,0.9571418408747218,Tasikmalaya_Kadipaten
Tasikmalaya,Karangjaya,0.9144877990317386,Tasikmalaya_Karangjaya
Tasikmalaya,Karangnunggal,0.9156777106752736,Tasikmalaya_Karangnunggal
Tasikmalaya,Leuwisari,0.9500916966765092,Tasikmalaya_Leuwisari
Tasikmalaya,Mangunreja,0.9517668742540466,Tasikmalaya_Mangunreja
Tasikmalaya,Manonjaya,0.9491213724120163,Tasikmalaya_Manonjaya
Tasikmalaya,Padakembang,0.9652411898206442,Tasikmalaya_Padakembang
Tasikmalaya,Pagerageung,0.9673652996454482,Tasikmalaya_Pagerageung
Tasikmalaya,Pancatengah,0.9205195669560908,Tasikmalaya_Pancatengah
Tasikmalaya,Parungponteng,0.9324517734887745,Tasikmalaya_Parungponteng
Tasikmalaya,Puspahiang,0.9214824360966264,Tasikmalaya_Puspahiang
Tasikmalaya,Rajapolah,0.9797453042126821,Tasikmalaya_Rajapolah
Tasikmalaya,Salawu,0.9519438252256449,Tasikmalaya_Salawu
Tasikmalaya,Salopa,0.9063362545533995,Tasikmalaya_Salopa
Tasikmalaya,Sariwangi,0.9559275182653574,Tasikmalaya_Sariwangi
Tasikmalaya,Singaparna,0.970328345879921,Tasikmalaya_Singaparna
Tasikmalaya,Sodonghilir,0.9258200066890225,Tasikmalaya_Sodonghilir
Tasikmalaya,Sukahening,0.9652662001478188,Tasikmalaya_Sukahening
Tasikmalaya,Sukaraja,0.9339640478314838,Tasikmalaya_Sukaraja
Tasikmalaya,Sukarame,0.9685728441519911,Tasikmalaya_Sukarame
Tasikmalaya,Sukaratu,0.9742878519088043,Tasikmalaya_Sukaratu
Tasikmalaya,Sukaresik,0.9762398954253463,Tasikmalaya_Sukaresik
Tasikmalaya,Tanjungjaya,0.934904452870821,Tasikmalaya_Tanjungjaya
Tasikmalaya,Taraju,0.9554894190884875,Tasikmalaya_Taraju
Tegal,Adiwerna,0.9893386763283744,Tegal_Adiwerna
Tegal,Balapulang,0.9849149506989728,Tegal_Balapulang
Tegal,Bojong,0.9828348667597466,Tegal_Bojong
Tegal,Bumijawa,0.9816551623322616,Tegal_Bumijawa
Tegal,Dukuhturi,0.9885017362006125,Tegal_Dukuhturi
Tegal,Dukuhwaru,0.9873496525525772,Tegal_Dukuhwaru
Tegal,Jatinegara,0.98601156796182,Tegal_Jatinegara
Tegal,Kedungbanteng,0.9890504633822677,Tegal_Kedungbanteng
Tegal,Kramat,0.9873304176548637,Tegal_Kramat
Tegal,Lebaksiu,0.9865787359735125,Tegal_Lebaksiu
Tegal,Margasari,0.9872315535043444,Tegal_Margasari
Tegal,Pagerbarang,0.9899683417296905,Tegal_Pagerbarang
Tegal,Pangkah,0.9886220604693993,Tegal_Pangkah
Tegal,Slawi,0.9899546519015294,Tegal_Slawi
Tegal,Suradadi,0.9913181280927473,Tegal_Suradadi
Tegal,Talang,0.9893094947918855,Tegal_Talang
Tegal,Tarub,0.9886286476977565,Tegal_Tarub
Tegal,Warureja,0.9923314706234369,Tegal_Warureja
Temanggung,Bansari,0.9764211197061715,Temanggung_Bansari
Temanggung,Bejen,0.977670052503711,Temanggung_Bejen
Temanggung,Bulu,0.9733941289130067,Temanggung_Bulu
Temanggung,Candiroto,0.978468629469033,Temanggung_Candiroto
Temanggung,Gemawang,0.9742834769319763,Temanggung_Gemawang
Temanggung,Jumo,0.9798605315476515,Temanggung_Jumo
Temanggung,Kaloran,0.9806410552768847,Temanggung_Kaloran
Temanggung,Kandangan,0.9799908513642566,Temanggung_Kandangan
Temanggung,Kedu,0.9832412026144851,Temanggung_Kedu
Temanggung,Kledung,0.9728319679559602,Temanggung_Kledung
Temanggung,Kranggan,0.9755739263506144,Temanggung_Kranggan
Temanggung,Ngadirejo,0.9799295856709244,Temanggung_Ngadirejo
Temanggung,Parakan,0.9819301318234868,Temanggung_Parakan
Temanggung,Pringsurat,0.971827629924064,Temanggung_Pringsurat
Temanggung,Selopampang,0.9712836856272883,Temanggung_Selopampang
Temanggung,Temanggung,0.9824487473638073,Temanggung_Temanggung
Temanggung,Tembarak,0.9747045593552697,Temanggung_Tembarak
Temanggung,Tlogomulyo,0.9696156272439415,Temanggung_Tlogomulyo
Temanggung,Tretep,0.9768342224851265,Temanggung_Tretep
Temanggung,Wonoboyo,0.967481212369276,Temanggung_Wonoboyo
Trenggalek,Bendungan,0.8285658862262436,Trenggalek_Bendungan
Trenggalek,Dongko,0.8378172095292644,Trenggalek_Dongko
Trenggalek,Durenan,0.9258834880447276,Trenggalek_Durenan
Trenggalek,Gandusari,0.9124162438631733,Trenggalek_Gandusari
Trenggalek,Kampak,0.8161867912368088,Trenggalek_Kampak
Trenggalek,Karangan,0.902533109483315,Trenggalek_Karangan
Trenggalek,Munjungan,0.8114616743103055,Trenggalek_Munjungan
Trenggalek,Panggul,0.8487921785131625,Trenggalek_Panggul
Trenggalek,Pogalan,0.9074166666464173,Trenggalek_Pogalan
Trenggalek,Pule,0.8541474337906402,Trenggalek_Pule
Trenggalek,Suruh,0.8660902026511348,Trenggalek_Suruh
Trenggalek,Trenggalek,0.901912451132921,Trenggalek_Trenggalek
Trenggalek,Tugu,0.9027978906384132,Trenggalek_Tugu
Trenggalek,Watulimo,,Trenggalek_Watulimo
Tuban,Bancar,0.9493111127406147,Tuban_Bancar
Tuban,Bangilan,0.9372772438265887,Tuban_Bangilan
Tuban,Grabagan,0.902511581405648,Tuban_Grabagan
Tuban,Jatirogo,0.9293241588342636,Tuban_Jatirogo
Tuban,Jenu,0.9392333713846587,Tuban_Jenu
Tuban,Kenduruan,0.9131070538891192,Tuban_Kenduruan
Tuban,Kerek,0.9353274859286298,Tuban_Kerek
Tuban,Merakurak,0.9363512832028952,Tuban_Merakurak
Tuban,Montong,0.9477563651709129,Tuban_Montong
Tuban,Palang,0.9239317539146509,Tuban_Palang
Tuban,Parengan,0.9202132147100365,Tuban_Parengan
Tuban,Plumpang,0.93346107873941,Tuban_Plumpang
Tuban,Rengel,0.9272647635570364,Tuban_Rengel
Tuban,Semanding,0.9379973636655125,Tuban_Semanding
Tuban,Senori,0.9317229080419585,Tuban_Senori
Tuban,Singgahan,0.9390876681204184,Tuban_Singgahan
Tuban,Soko,0.9069726334119882,Tuban_Soko
Tuban,Tambakboyo,0.9424863332961042,Tuban_Tambakboyo
Tuban,Tuban,0.8916554470066929,Tuban_Tuban
Tuban,Widang,0.936493261239902,Tuban_Widang
Tulungagung,Bandung,0.9194326006565179,Tulungagung_Bandung
Tulungagung,Besuki,,Tulungagung_Besuki
Tulungagung,Boyolangu,0.9298570549298499,Tulungagung_Boyolangu
Tulungagung,Campurdarat,0.9207517664535321,Tulungagung_Campurdarat
Tulungagung,Gondang,0.9333660415515118,Tulungagung_Gondang
Tulungagung,Kalidawir,0.8931869510477192,Tulungagung_Kalidawir
Tulungagung,Karangrejo,0.893740522077151,Tulungagung_Karangrejo
Tulungagung,Kauman,0.9405670822706239,Tulungagung_Kauman
Tulungagung,Kedungwaru,0.9394222909062352,Tulungagung_Kedungwaru
Tulungagung,Nan,,Tulungagung_Nan
Tulungagung,Ngantru,0.9323041957107311,Tulungagung_Ngantru
Tulungagung,Ngunut,0.918376669889504,Tulungagung_Ngunut
Tulungagung,Pagerwojo,0.8348240000726007,Tulungagung_Pagerwojo
Tulungagung,Pakel,0.9422234807893901,Tulungagung_Pakel
Tulungagung,Pucanglaban,0.8931385781291347,Tulungagung_Pucanglaban
Tulungagung,Rejotangan,0.9144676691514521,Tulungagung_Rejotangan
Tulungagung,Sendang,0.8086630410360862,Tulungagung_Sendang
Tulungagung,Sumbergempol,0.9037293222395424,Tulungagung_Sumbergempol
Tulungagung,Tanggunggunung,,Tulungagung_Tanggunggunung
Tulungagung,Tulungagung,0.9606694885391893,Tulungagung_Tulungagung
Wonogiri,Baturetno,0.9486859101677546,Wonogiri_Baturetno
Wonogiri,Batuwarno,0.9059310831882901,Wonogiri_Batuwarno
Wonogiri,Bulukerto,0.8839326031271111,Wonogiri_Bulukerto
Wonogiri,Eromoko,0.9433796350910798,Wonogiri_Eromoko
Wonogiri,Girimarto,0.9310122032037706,Wonogiri_Girimarto
Wonogiri,Giritontro,0.9571358708690547,Wonogiri_Giritontro
Wonogiri,Giriwoyo,0.9322460446539169,Wonogiri_Giriwoyo
Wonogiri,Jatipurno,0.9034763151582259,Wonogiri_Jatipurno
Wonogiri,Jatiroto,0.8971778785479554,Wonogiri_Jatiroto
Wonogiri,Jatisrono,0.9173480848415589,Wonogiri_Jatisrono
Wonogiri,Karangtengah,0.8873880445307524,Wonogiri_Karangtengah
Wonogiri,Kismantoro,0.8941993805528362,Wonogiri_Kismantoro
Wonogiri,Manyaran,0.9188786766716596,Wonogiri_Manyaran
Wonogiri,Ngadirojo,0.9276630319522952,Wonogiri_Ngadirojo
Wonogiri,Nguntoronadi,0.9295315974728726,Wonogiri_Nguntoronadi
Wonogiri,Paranggupito,0.9646184690494646,Wonogiri_Paranggupito
Wonogiri,Pracimantoro,0.9603326032903909,Wonogiri_Pracimantoro
Wonogiri,Puhpelem,0.9007117951724244,Wonogiri_Puhpelem
Wonogiri,Purwantoro,0.898601142726493,Wonogiri_Purwantoro
Wonogiri,Selogiri,0.9339154784772123,Wonogiri_Selogiri
Wonogiri,Sidoharjo,0.9190442520412179,Wonogiri_Sidoharjo
Wonogiri,Slogohimo,0.8845648350174358,Wonogiri_Slogohimo
Wonogiri,Tirtomoyo,0.8914982608815669,Wonogiri_Tirtomoyo
Wonogiri,Wonogiri,0.9280654292348773,Wonogiri_Wonogiri
Wonogiri,Wuryantoro,0.9470385458004338,Wonogiri_Wuryantoro
Wonosobo,Garung,0.9792193372585775,Wonosobo_Garung
Wonosobo,Kalibawang,0.9547887106835566,Wonosobo_Kalibawang
Wonosobo,Kalikajar,0.9684162220717579,Wonosobo_Kalikajar
Wonosobo,Kaliwiro,0.9688392820792859,Wonosobo_Kaliwiro
Wonosobo,Kejajar,0.974628527251131,Wonosobo_Kejajar
Wonosobo,Kepil,0.9580113245107177,Wonosobo_Kepil
Wonosobo,Kertek,0.9827205434701881,Wonosobo_Kertek
Wonosobo,Leksono,0.9683479965841505,Wonosobo_Leksono
Wonosobo,Mojotengah,0.9791263640635425,Wonosobo_Mojotengah
Wonosobo,Sapuran,0.9709366196960084,Wonosobo_Sapuran
Wonosobo,Selomerto,0.9748014868867801,Wonosobo_Selomerto
Wonosobo,Sukoharjo,0.9721984511390813,Wonosobo_Sukoharjo
Wonosobo,Wadaslintang,0.964293283615401,Wonosobo_Wadaslintang
Wonosobo,Watumalang,0.9693455296420137,Wonosobo_Watumalang
Wonosobo,Wonosobo,0.9853929409414474,Wonosobo_Wonosobo
