WADMKK,WADMKC,probability,JOIN_ID
Adm. Kep. Seribu,Kepulauan Seribu Selatan,0.9623791830185453,Adm. Kep. Seribu_Kepulauan Seribu Selatan
Adm. Kep. Seribu,Kepulauan Seribu Utara,,Adm. Kep. Seribu_Kepulauan Seribu Utara
Bandung,Arjasari,0.735927977052478,Bandung_Arjasari
Bandung,Baleendah,0.890379785350898,Bandung_Baleendah
Bandung,Banjaran,0.7959887352689483,Bandung_Banjaran
Bandung,Bojongsoang,0.9563282110479935,Bandung_Bojongsoang
Bandung,Cangkuang,0.8017253479655817,Bandung_Cangkuang
Bandung,Cicalengka,0.842139325220208,Bandung_Cicalengka
Bandung,Cikancung,0.6677932078057854,Bandung_Cikancung
Bandung,Cilengkrang,0.5411814373093045,Bandung_Cilengkrang
Bandung,Cileunyi,0.8703494603913688,Bandung_Cileunyi
Bandung,Cimaung,0.7850269027654302,Bandung_Cimaung
Bandung,Cimenyan,0.8307597420688212,Bandung_Cimenyan
Bandung,Ciparay,0.8570466924462463,Bandung_Ciparay
Bandung,Ciwidey,0.7647052599103922,Bandung_Ciwidey
Bandung,Dayeuhkolot,0.9832285081819138,Bandung_Dayeuhkolot
Bandung,Ibun,0.9066410403826715,Bandung_Ibun
Bandung,Katapang,0.9350765356927884,Bandung_Katapang
Bandung,Kertasari,0.7696876371230332,Bandung_Kertasari
Bandung,Kutawaringin,0.7237792809312718,Bandung_Kutawaringin
Bandung,Majalaya,0.7877581385818525,Bandung_Majalaya
Bandung,Margaasih,0.8383720675643406,Bandung_Margaasih
Bandung,Margahayu,0.8844512136202936,Bandung_Margahayu
Bandung,Nagreg,0.6654604067965032,Bandung_Nagreg
Bandung,Pacet,0.8802256580428153,Bandung_Pacet
Bandung,Pameungpeuk,0.8996466793571856,Bandung_Pameungpeuk
Bandung,Pangalengan,0.7968479136253324,Bandung_Pangalengan
Bandung,Paseh,0.7007225810986566,Bandung_Paseh
Bandung,Pasirjambu,0.9238039152095678,Bandung_Pasirjambu
Bandung,Rancabali,0.7793363331401716,Bandung_Rancabali
Bandung,Rancaekek,0.9517598327773028,Bandung_Rancaekek
Bandung,Solokanjeruk,0.9280621682694593,Bandung_Solokanjeruk
Bandung,Soreang,0.8506030244315389,Bandung_Soreang
Bandung Barat,Batujajar,0.8721865348013059,Bandung Barat_Batujajar
Bandung Barat,Cihampelas,0.8534720223624029,Bandung Barat_Cihampelas
Bandung Barat,Cikalongwetan,0.7104246608448036,Bandung Barat_Cikalongwetan
Bandung Barat,Cililin,0.827755698632911,Bandung Barat_Cililin
Bandung Barat,Cipatat,0.898090780176674,Bandung Barat_Cipatat
Bandung Barat,Cipeundeuy,0.8139879671493111,Bandung Barat_Cipeundeuy
Bandung Barat,Cipongkor,0.8578868744717894,Bandung Barat_Cipongkor
Bandung Barat,Cisarua,0.880906377624085,Bandung Barat_Cisarua
Bandung Barat,Gununghalu,0.6689831725684556,Bandung Barat_Gununghalu
Bandung Barat,Lembang,0.8404241731264147,Bandung Barat_Lembang
Bandung Barat,Ngamprah,0.734126339139373,Bandung Barat_Ngamprah
Bandung Barat,Padalarang,0.8853236844698855,Bandung Barat_Padalarang
Bandung Barat,Parongpong,0.6773523849368124,Bandung Barat_Parongpong
Bandung Barat,Rongga,0.7136994248071237,Bandung Barat_Rongga
Bandung Barat,Saguling,0.7933129289625537,Bandung Barat_Saguling
Bandung Barat,Sindangkerta,0.7975796080931022,Bandung Barat_Sindangkerta
Bangkalan,Arosbaya,0.27670256069851107,Bangkalan_Arosbaya
Bangkalan,Bangkalan,0.8358247946212025,Bangkalan_Bangkalan
Bangkalan,Blega,0.36244910195731866,Bangkalan_Blega
Bangkalan,Burneh,0.7706260973960805,Bangkalan_Burneh
Bangkalan,Galis,0.4906854971341675,Bangkalan_Galis
Bangkalan,Geger,0.4796406625018699,Bangkalan_Geger
Bangkalan,Kamal,,Bangkalan_Kamal
Bangkalan,Klampis,0.27514161919813407,Bangkalan_Klampis
Bangkalan,Kokop,0.2352859553149897,Bangkalan_Kokop
Bangkalan,Konang,0.23053748912397512,Bangkalan_Konang
Bangkalan,Kwanyar,0.38867263341532665,Bangkalan_Kwanyar
Bangkalan,Labang,,Bangkalan_Labang
Bangkalan,Modung,0.3470856507086065,Bangkalan_Modung
Bangkalan,Sepulu,0.3296481418996345,Bangkalan_Sepulu
Bangkalan,Socah,,Bangkalan_Socah
Bangkalan,Tanah Merah,0.7585665780251922,Bangkalan_Tanah Merah
Bangkalan,Tanjung Bumi,0.2742899342655565,Bangkalan_Tanjung Bumi
Bangkalan,Tragah,0.400762420142377,Bangkalan_Tragah
Banjarnegara,Banjarmangu,0.5028214511949702,Banjarnegara_Banjarmangu
Banjarnegara,Banjarnegara,0.38270500166805616,Banjarnegara_Banjarnegara
Banjarnegara,Batur,0.616880833156333,Banjarnegara_Batur
Banjarnegara,Bawang,0.3332315407185875,Banjarnegara_Bawang
Banjarnegara,Kalibening,0.6076335659612451,Banjarnegara_Kalibening
Banjarnegara,Karangkobar,0.5862364771662114,Banjarnegara_Karangkobar
Banjarnegara,Madukara,0.41317132246773786,Banjarnegara_Madukara
Banjarnegara,Mandiraja,0.3633372571445342,Banjarnegara_Mandiraja
Banjarnegara,Pagedongan,0.2654497581843503,Banjarnegara_Pagedongan
Banjarnegara,Pagentan,0.3799958412219655,Banjarnegara_Pagentan
Banjarnegara,Pandanarum,0.5491899455807611,Banjarnegara_Pandanarum
Banjarnegara,Pejawaran,0.6188133572084984,Banjarnegara_Pejawaran
Banjarnegara,Punggelan,0.3903855858406734,Banjarnegara_Punggelan
Banjarnegara,Purwanegara,0.4739099907347561,Banjarnegara_Purwanegara
Banjarnegara,Purworeja Klampok,0.3857778988245199,Banjarnegara_Purworeja Klampok
Banjarnegara,Rakit,0.5107642174434186,Banjarnegara_Rakit
Banjarnegara,Sigaluh,0.34604304426768834,Banjarnegara_Sigaluh
Banjarnegara,Susukan,0.35164205637772317,Banjarnegara_Susukan
Banjarnegara,Wanadadi,0.6213439647362543,Banjarnegara_Wanadadi
Banjarnegara,Wanayasa,0.5804830034384592,Banjarnegara_Wanayasa
Bantul,Bambanglipuro,0.45317754049815934,Bantul_Bambanglipuro
Bantul,Banguntapan,0.6154321275894644,Bantul_Banguntapan
Bantul,Bantul,0.7986318888847277,Bantul_Bantul
Bantul,Dlingo,0.6104030642597722,Bantul_Dlingo
Bantul,Imogiri,0.42987113053554427,Bantul_Imogiri
Bantul,Jetis,0.46939823569296923,Bantul_Jetis
Bantul,Kasihan,0.8896756528349027,Bantul_Kasihan
Bantul,Kretek,0.35811916725514364,Bantul_Kretek
Bantul,Pajangan,0.5887058250815261,Bantul_Pajangan
Bantul,Pandak,0.671076762744649,Bantul_Pandak
Bantul,Piyungan,0.5441645171417343,Bantul_Piyungan
Bantul,Pleret,0.5590402591557578,Bantul_Pleret
Bantul,Pundong,0.43463105739189833,Bantul_Pundong
Bantul,Sanden,0.6161188601520431,Bantul_Sanden
Bantul,Sedayu,0.6104691735806658,Bantul_Sedayu
Bantul,Sewon,0.8352839613858742,Bantul_Sewon
Bantul,Srandakan,0.6301711296272735,Bantul_Srandakan
Banyumas,Ajibarang,0.49316736396638433,Banyumas_Ajibarang
Banyumas,Banyumas,0.48177408602046384,Banyumas_Banyumas
Banyumas,Baturraden,0.5138659871058682,Banyumas_Baturraden
Banyumas,Cilongok,0.48613848921357894,Banyumas_Cilongok
Banyumas,Gumelar,0.43271824373283635,Banyumas_Gumelar
Banyumas,Jatilawang,0.6347383737223727,Banyumas_Jatilawang
Banyumas,Kalibagor,0.5888520645433671,Banyumas_Kalibagor
Banyumas,Karanglewas,0.5187108840886479,Banyumas_Karanglewas
Banyumas,Kebasen,0.4982662631684609,Banyumas_Kebasen
Banyumas,Kedungbanteng,0.45531049239671134,Banyumas_Kedungbanteng
Banyumas,Kembaran,0.7487307983583935,Banyumas_Kembaran
Banyumas,Kemranjen,0.4647617230452007,Banyumas_Kemranjen
Banyumas,Lumbir,0.47225541546981037,Banyumas_Lumbir
Banyumas,Patikraja,0.6467883107258027,Banyumas_Patikraja
Banyumas,Pekuncen,0.47544237934977224,Banyumas_Pekuncen
Banyumas,Purwojati,0.4259785671469401,Banyumas_Purwojati
Banyumas,Purwokerto Barat,0.7150017610263577,Banyumas_Purwokerto Barat
Banyumas,Purwokerto Selatan,0.6396057899298825,Banyumas_Purwokerto Selatan
Banyumas,Purwokerto Timur,0.7521330353877697,Banyumas_Purwokerto Timur
Banyumas,Purwokerto Utara,0.6439646226165561,Banyumas_Purwokerto Utara
Banyumas,Rawalo,0.8073876942738647,Banyumas_Rawalo
Banyumas,Sokaraja,0.6297866174399956,Banyumas_Sokaraja
Banyumas,Somagede,0.3150187624719202,Banyumas_Somagede
Banyumas,Sumbang,0.542668465598653,Banyumas_Sumbang
Banyumas,Sumpiuh,0.39870282613076746,Banyumas_Sumpiuh
Banyumas,Tambak,0.467988353503518,Banyumas_Tambak
Banyumas,Wangon,0.7560311117465199,Banyumas_Wangon
Banyuwangi,Bangorejo,0.3320657973765909,Banyuwangi_Bangorejo
Banyuwangi,Banyuwangi,0.6351199818156651,Banyuwangi_Banyuwangi
Banyuwangi,Blimbingsari,0.767702165581852,Banyuwangi_Blimbingsari
Banyuwangi,Cluring,0.4869223037051701,Banyuwangi_Cluring
Banyuwangi,Gambiran,0.3794748187054971,Banyuwangi_Gambiran
Banyuwangi,Genteng,0.4892455269772365,Banyuwangi_Genteng
Banyuwangi,Giri,0.569743870239305,Banyuwangi_Giri
Banyuwangi,Glagah,0.3544125497199841,Banyuwangi_Glagah
Banyuwangi,Glenmore,0.268870235422264,Banyuwangi_Glenmore
Banyuwangi,Kabat,0.5712045181491985,Banyuwangi_Kabat
Banyuwangi,Kalibaru,0.26147896361276374,Banyuwangi_Kalibaru
Banyuwangi,Kalipuro,0.49451379937027495,Banyuwangi_Kalipuro
Banyuwangi,Licin,0.2710759174118284,Banyuwangi_Licin
Banyuwangi,Muncar,0.9041970193704381,Banyuwangi_Muncar
Banyuwangi,Pesanggaran,0.15026964967690098,Banyuwangi_Pesanggaran
Banyuwangi,Purwoharjo,0.5590732588802018,Banyuwangi_Purwoharjo
Banyuwangi,Rogojampi,0.3857476765870135,Banyuwangi_Rogojampi
Banyuwangi,Sempu,0.23836740965784095,Banyuwangi_Sempu
Banyuwangi,Siliragung,0.1940753499541551,Banyuwangi_Siliragung
Banyuwangi,Singojuruh,0.3738749858358339,Banyuwangi_Singojuruh
Banyuwangi,Songgon,0.1567190115052986,Banyuwangi_Songgon
Banyuwangi,Srono,0.38969950192528574,Banyuwangi_Srono
Banyuwangi,Tegaldlimo,0.26310241006518337,Banyuwangi_Tegaldlimo
Banyuwangi,Tegalsari,0.38990551332842244,Banyuwangi_Tegalsari
Banyuwangi,Wongsorejo,0.17293008518536856,Banyuwangi_Wongsorejo
Batang,Bandar,0.6929509620422268,Batang_Bandar
Batang,Banyuputih,0.9621028912808213,Batang_Banyuputih
Batang,Batang,0.918354266797188,Batang_Batang
Batang,Bawang,0.5269355254355421,Batang_Bawang
Batang,Blado,0.5189151144673497,Batang_Blado
Batang,Gringsing,0.9966113115766866,Batang_Gringsing
Batang,Kandeman,0.8825501537636407,Batang_Kandeman
Batang,Limpung,0.8546904165611767,Batang_Limpung
Batang,Pecalungan,0.8275423918321773,Batang_Pecalungan
Batang,Reban,0.5022051943595262,Batang_Reban
Batang,Subah,0.943266492106575,Batang_Subah
Batang,Tersono,0.8383097962619418,Batang_Tersono
Batang,Tulis,0.946792538327294,Batang_Tulis
Batang,Warungasem,0.9122188166357886,Batang_Warungasem
Batang,Wonotunggal,0.7004821079273462,Batang_Wonotunggal
Bekasi,Babelan,0.9952178225811407,Bekasi_Babelan
Bekasi,Bojongmangu,0.9985749320675381,Bekasi_Bojongmangu
Bekasi,Cabangbungin,0.9767020975927764,Bekasi_Cabangbungin
Bekasi,Cibarusah,0.997500277960712,Bekasi_Cibarusah
Bekasi,Cibitung,0.9955782271703689,Bekasi_Cibitung
Bekasi,Cikarang Barat,0.9956870264010327,Bekasi_Cikarang Barat
Bekasi,Cikarang Pusat,0.9997098527097494,Bekasi_Cikarang Pusat
Bekasi,Cikarang Selatan,0.9994666055606708,Bekasi_Cikarang Selatan
Bekasi,Cikarang Timur,0.990172483368576,Bekasi_Cikarang Timur
Bekasi,Cikarang Utara,0.9856653737273852,Bekasi_Cikarang Utara
Bekasi,Karang Bahagia,0.9835155134638206,Bekasi_Karang Bahagia
Bekasi,Kedung Waringin,0.9812282060222086,Bekasi_Kedung Waringin
Bekasi,Muaragembong,0.9937309836220211,Bekasi_Muaragembong
Bekasi,Pebayuran,0.9733104833324534,Bekasi_Pebayuran
Bekasi,Serang Baru,0.9992531696019434,Bekasi_Serang Baru
Bekasi,Setu,0.9992374877893632,Bekasi_Setu
Bekasi,Sukakarya,0.9889706276705026,Bekasi_Sukakarya
Bekasi,Sukatani,0.990978478003111,Bekasi_Sukatani
Bekasi,Sukawangi,0.9945152739960076,Bekasi_Sukawangi
Bekasi,Tambelang,0.9864466462653291,Bekasi_Tambelang
Bekasi,Tambun Selatan,0.9957928085389418,Bekasi_Tambun Selatan
Bekasi,Tambun Utara,0.9946591302249082,Bekasi_Tambun Utara
Bekasi,Tarumajaya,0.9914300509517664,Bekasi_Tarumajaya
Blitar,Bakung,0.8457591584400577,Blitar_Bakung
Blitar,Binangun,,Blitar_Binangun
Blitar,Doko,0.4222559821664527,Blitar_Doko
Blitar,Gandusari,0.7012795296338898,Blitar_Gandusari
Blitar,Garum,0.8395597476079572,Blitar_Garum
Blitar,Kademangan,0.554491729828786,Blitar_Kademangan
Blitar,Kanigoro,0.48983050094392816,Blitar_Kanigoro
Blitar,Kesamben,0.8368468641002728,Blitar_Kesamben
Blitar,Nan,,Blitar_Nan
Blitar,Nglegok,0.5535062293558288,Blitar_Nglegok
Blitar,Panggungrejo,,Blitar_Panggungrejo
Blitar,Ponggok,0.8102865428191981,Blitar_Ponggok
Blitar,Sanankulon,0.8180165716256182,Blitar_Sanankulon
Blitar,Selopuro,0.866429953635233,Blitar_Selopuro
Blitar,Selorejo,0.4602057018203624,Blitar_Selorejo
Blitar,Srengat,0.6649227826196685,Blitar_Srengat
Blitar,Sutojayan,,Blitar_Sutojayan
Blitar,Talun,0.85937529978352,Blitar_Talun
Blitar,Udanawu,0.6500941289242946,Blitar_Udanawu
Blitar,Wates,,Blitar_Wates
Blitar,Wlingi,0.40482228666675096,Blitar_Wlingi
Blitar,Wonodadi,0.7449329433943376,Blitar_Wonodadi
Blitar,Wonotirto,,Blitar_Wonotirto
Blora,Banjarejo,0.6212670947839831,Blora_Banjarejo
Blora,Blora,0.6676829111910142,Blora_Blora
Blora,Bogorejo,0.6429860202832292,Blora_Bogorejo
Blora,Cepu,0.7562728767828422,Blora_Cepu
Blora,Japah,0.9366892412596342,Blora_Japah
Blora,Jati,0.8442550103175889,Blora_Jati
Blora,Jepon,0.581088945418899,Blora_Jepon
Blora,Jiken,0.3478033174021339,Blora_Jiken
Blora,Kedungtuban,0.6104173394035667,Blora_Kedungtuban
Blora,Kradenan,0.917411092738262,Blora_Kradenan
Blora,Kunduran,0.7056309501089479,Blora_Kunduran
Blora,Ngawen,0.9445412683560738,Blora_Ngawen
Blora,Randublatung,0.6741564167777678,Blora_Randublatung
Blora,Sambong,0.2674923371497562,Blora_Sambong
Blora,Todanan,0.9662134151393417,Blora_Todanan
Blora,Tunjungan,0.3989229545818862,Blora_Tunjungan
Bogor,Babakan Madang,0.8868420278127374,Bogor_Babakan Madang
Bogor,Bojong Gede,0.9393828786061783,Bogor_Bojong Gede
Bogor,Caringin,0.6420243386258224,Bogor_Caringin
Bogor,Cariu,0.9664551694961658,Bogor_Cariu
Bogor,Ciampea,0.8400951054189785,Bogor_Ciampea
Bogor,Ciawi,0.6526521068219481,Bogor_Ciawi
Bogor,Cibinong,0.9492656576256653,Bogor_Cibinong
Bogor,Cibungbulang,0.8161341415555877,Bogor_Cibungbulang
Bogor,Cigombong,0.6654292013198714,Bogor_Cigombong
Bogor,Cigudeg,0.8490565102389398,Bogor_Cigudeg
Bogor,Cijeruk,0.4253015973261945,Bogor_Cijeruk
Bogor,Cileungsi,0.9830389900225437,Bogor_Cileungsi
Bogor,Ciomas,0.6747661228086165,Bogor_Ciomas
Bogor,Cisarua,0.7322551103008689,Bogor_Cisarua
Bogor,Ciseeng,0.8239187770686133,Bogor_Ciseeng
Bogor,Citeureup,0.800624240063741,Bogor_Citeureup
Bogor,Dramaga,0.8194632938283126,Bogor_Dramaga
Bogor,Gunung Putri,0.9839792286927935,Bogor_Gunung Putri
Bogor,Gunung Sindur,0.9013637268612386,Bogor_Gunung Sindur
Bogor,Jasinga,0.8713680344343895,Bogor_Jasinga
Bogor,Jonggol,0.996143802207635,Bogor_Jonggol
Bogor,Kemang,0.8310827470320867,Bogor_Kemang
Bogor,Klapanunggal,0.9781891666560245,Bogor_Klapanunggal
Bogor,Leuwiliang,0.6894916147943737,Bogor_Leuwiliang
Bogor,Leuwisadeng,0.7365726364165398,Bogor_Leuwisadeng
Bogor,Megamendung,0.754211126985785,Bogor_Megamendung
Bogor,Nanggung,0.47460121608475947,Bogor_Nanggung
Bogor,Pamijahan,0.6128350223282716,Bogor_Pamijahan
Bogor,Parung,0.9345376919629087,Bogor_Parung
Bogor,Parung Panjang,0.9083317656860618,Bogor_Parung Panjang
Bogor,Ranca Bungur,0.8089683320225548,Bogor_Ranca Bungur
Bogor,Rumpin,0.7680911001809712,Bogor_Rumpin
Bogor,Sukajaya,0.6315905288413785,Bogor_Sukajaya
Bogor,Sukamakmur,0.9431929575336563,Bogor_Sukamakmur
Bogor,Sukaraja,0.7971898813813383,Bogor_Sukaraja
Bogor,Tajurhalang,0.9277486012600853,Bogor_Tajurhalang
Bogor,Tamansari,0.46657627623017117,Bogor_Tamansari
Bogor,Tanjungsari,0.6686926553058294,Bogor_Tanjungsari
Bogor,Tenjo,0.8905890514450844,Bogor_Tenjo
Bogor,Tenjolaya,0.5507685456815665,Bogor_Tenjolaya
Bojonegoro,Balen,0.5966288180190151,Bojonegoro_Balen
Bojonegoro,Baureno,0.5314861559045283,Bojonegoro_Baureno
Bojonegoro,Bojonegoro,0.7404221620205541,Bojonegoro_Bojonegoro
Bojonegoro,Bubulan,0.6901487917341268,Bojonegoro_Bubulan
Bojonegoro,Dander,0.8308977983260042,Bojonegoro_Dander
Bojonegoro,Gayam,0.6548471392887919,Bojonegoro_Gayam
Bojonegoro,Gondang,0.9348530037190982,Bojonegoro_Gondang
Bojonegoro,Kalitidu,0.6101406611222298,Bojonegoro_Kalitidu
Bojonegoro,Kanor,0.8380582113494802,Bojonegoro_Kanor
Bojonegoro,Kapas,0.9238049495915233,Bojonegoro_Kapas
Bojonegoro,Kasiman,0.5817896972386494,Bojonegoro_Kasiman
Bojonegoro,Kedewan,0.2871879217004251,Bojonegoro_Kedewan
Bojonegoro,Kedungadem,0.9918497858047938,Bojonegoro_Kedungadem
Bojonegoro,Kepohbaru,0.8691256084291618,Bojonegoro_Kepohbaru
Bojonegoro,Malo,0.9030337296694493,Bojonegoro_Malo
Bojonegoro,Margomulyo,0.860202876646163,Bojonegoro_Margomulyo
Bojonegoro,Ngambon,0.3904653694040826,Bojonegoro_Ngambon
Bojonegoro,Ngasem,0.6995642416820779,Bojonegoro_Ngasem
Bojonegoro,Ngraho,0.8772081489843089,Bojonegoro_Ngraho
Bojonegoro,Padangan,0.5582497966843539,Bojonegoro_Padangan
Bojonegoro,Purwosari,0.5628127472737697,Bojonegoro_Purwosari
Bojonegoro,Sekar,0.5397743703661774,Bojonegoro_Sekar
Bojonegoro,Sugihwaras,0.9212686977961256,Bojonegoro_Sugihwaras
Bojonegoro,Sukosewu,0.7984572749725767,Bojonegoro_Sukosewu
Bojonegoro,Sumberejo,0.9542806724766002,Bojonegoro_Sumberejo
Bojonegoro,Tambakrejo,0.7180814021058307,Bojonegoro_Tambakrejo
Bojonegoro,Temayang,0.9341546648941499,Bojonegoro_Temayang
Bojonegoro,Trucuk,0.7601476993404703,Bojonegoro_Trucuk
Bondowoso,Binakal,0.19285352372619335,Bondowoso_Binakal
Bondowoso,Bondowoso,0.3255405545076758,Bondowoso_Bondowoso
Bondowoso,Botolinggo,0.21559115426565909,Bondowoso_Botolinggo
Bondowoso,Cermee,0.3452089086234202,Bondowoso_Cermee
Bondowoso,Curahdami,0.24940278084388917,Bondowoso_Curahdami
Bondowoso,Grujugan,0.21150202274415703,Bondowoso_Grujugan
Bondowoso,Jambesari Darus Sholah,0.28979204807617287,Bondowoso_Jambesari Darus Sholah
Bondowoso,Klabang,0.3521414029734136,Bondowoso_Klabang
Bondowoso,Maesan,0.7321767794172729,Bondowoso_Maesan
Bondowoso,Pakem,0.1782861610343422,Bondowoso_Pakem
Bondowoso,Prajekan,0.43142945789992393,Bondowoso_Prajekan
Bondowoso,Pujer,0.2828482342251803,Bondowoso_Pujer
Bondowoso,Sempol,0.14404974390010902,Bondowoso_Sempol
Bondowoso,Sukosari,0.17465735884052314,Bondowoso_Sukosari
Bondowoso,Sumberwringin,0.12555338333575294,Bondowoso_Sumberwringin
Bondowoso,Taman Krocok,0.24977216793088106,Bondowoso_Taman Krocok
Bondowoso,Tamanan,0.38273828089497536,Bondowoso_Tamanan
Bondowoso,Tapen,0.4313419589456777,Bondowoso_Tapen
Bondowoso,Tegalampel,0.27245683367493656,Bondowoso_Tegalampel
Bondowoso,Tenggarang,0.3375738781344745,Bondowoso_Tenggarang
Bondowoso,Tlogosari,0.17978708914273406,Bondowoso_Tlogosari
Bondowoso,Wonosari,0.30528678045262253,Bondowoso_Wonosari
Bondowoso,Wringin,0.7036779367799278,Bondowoso_Wringin
Boyolali,Ampel,0.388040962447823,Boyolali_Ampel
Boyolali,Andong,0.7749213855003388,Boyolali_Andong
Boyolali,Banyudono,0.6574878365246372,Boyolali_Banyudono
Boyolali,Boyolali,0.690776639040785,Boyolali_Boyolali
Boyolali,Cepogo,0.6174851232773848,Boyolali_Cepogo
Boyolali,Gladagsari,0.6690315409992749,Boyolali_Gladagsari
Boyolali,Juwangi,0.8237855501338184,Boyolali_Juwangi
Boyolali,Karanggede,0.7472032433386564,Boyolali_Karanggede
Boyolali,Kemusu,0.841426132545908,Boyolali_Kemusu
Boyolali,Klego,0.7921075512219142,Boyolali_Klego
Boyolali,Mojosongo,0.6413939673539979,Boyolali_Mojosongo
Boyolali,Musuk,0.6467561563454511,Boyolali_Musuk
Boyolali,Ngemplak,0.9548953447331768,Boyolali_Ngemplak
Boyolali,Nogosari,0.5316007715741852,Boyolali_Nogosari
Boyolali,Sambi,0.6785044824460604,Boyolali_Sambi
Boyolali,Sawit,0.5881064741115698,Boyolali_Sawit
Boyolali,Selo,0.6453225086817902,Boyolali_Selo
Boyolali,Simo,0.6978901008712441,Boyolali_Simo
Boyolali,Tamansari,0.6219842656048986,Boyolali_Tamansari
Boyolali,Teras,0.5781483003747957,Boyolali_Teras
Boyolali,Wonosamodro,0.6280154149136419,Boyolali_Wonosamodro
Boyolali,Wonosegoro,0.6066317863879358,Boyolali_Wonosegoro
Brebes,Banjarharjo,0.9858967513668919,Brebes_Banjarharjo
Brebes,Bantarkawung,0.7826007501572299,Brebes_Bantarkawung
Brebes,Brebes,0.9995756847656037,Brebes_Brebes
Brebes,Bulakamba,0.999660162561419,Brebes_Bulakamba
Brebes,Bumiayu,0.8301593367725396,Brebes_Bumiayu
Brebes,Jatibarang,0.999299839640679,Brebes_Jatibarang
Brebes,Kersana,0.9974019437132348,Brebes_Kersana
Brebes,Ketanggungan,0.9797053085621479,Brebes_Ketanggungan
Brebes,Larangan,0.9825610732115537,Brebes_Larangan
Brebes,Losari,0.9930869050126854,Brebes_Losari
Brebes,Paguyangan,0.7571960523746573,Brebes_Paguyangan
Brebes,Salem,0.9612486701591286,Brebes_Salem
Brebes,Sirampog,0.7177829375589851,Brebes_Sirampog
Brebes,Songgom,0.9702343449869603,Brebes_Songgom
Brebes,Tanjung,0.9910999182026734,Brebes_Tanjung
Brebes,Tonjong,0.8795352641220487,Brebes_Tonjong
Brebes,Wanasari,0.9995309442809558,Brebes_Wanasari
Ciamis,Banjaranyar,0.706574168085466,Ciamis_Banjaranyar
Ciamis,Banjarsari,0.711022115529201,Ciamis_Banjarsari
Ciamis,Baregbeg,0.8017689255475767,Ciamis_Baregbeg
Ciamis,Ciamis,0.8719858705252637,Ciamis_Ciamis
Ciamis,Cidolog,0.7184244609159217,Ciamis_Cidolog
Ciamis,Cihaurbeuti,0.5641505577033054,Ciamis_Cihaurbeuti
Ciamis,Cijeungjing,0.6055954024952852,Ciamis_Cijeungjing
Ciamis,Cikoneng,0.597638019174943,Ciamis_Cikoneng
Ciamis,Cimaragas,0.6219107798476846,Ciamis_Cimaragas
Ciamis,Cipaku,0.7796512403989364,Ciamis_Cipaku
Ciamis,Cisaga,0.594885535382075,Ciamis_Cisaga
Ciamis,Jatinagara,0.7701455943160334,Ciamis_Jatinagara
Ciamis,Kawali,0.888876059081987,Ciamis_Kawali
Ciamis,Lakbok,0.665255229759825,Ciamis_Lakbok
Ciamis,Lumbung,0.9021965713554533,Ciamis_Lumbung
Ciamis,Pamarican,0.7303013181320366,Ciamis_Pamarican
Ciamis,Panawangan,0.8774230905375194,Ciamis_Panawangan
Ciamis,Panjalu,0.7752767075545038,Ciamis_Panjalu
Ciamis,Panumbangan,0.8163379039585271,Ciamis_Panumbangan
Ciamis,Purwadadi,0.6260077339996301,Ciamis_Purwadadi
Ciamis,Rajadesa,0.7891721481931306,Ciamis_Rajadesa
Ciamis,Rancah,0.6909563105207618,Ciamis_Rancah
Ciamis,Sadananya,0.7186607567402037,Ciamis_Sadananya
Ciamis,Sindangkasih,0.657990794817645,Ciamis_Sindangkasih
Ciamis,Sukadana,0.7801260205801877,Ciamis_Sukadana
Ciamis,Sukamantri,0.8524036553795372,Ciamis_Sukamantri
Ciamis,Tambaksari,0.6601073957079643,Ciamis_Tambaksari
Cianjur,Agrabinta,0.6177416855227208,Cianjur_Agrabinta
Cianjur,Bojongpicung,0.8016162961784921,Cianjur_Bojongpicung
Cianjur,Campaka,0.591745583907006,Cianjur_Campaka
Cianjur,Campakamulya,0.6537544565530842,Cianjur_Campakamulya
Cianjur,Cianjur,0.8075345999728554,Cianjur_Cianjur
Cianjur,Cibeber,0.7968438529369561,Cianjur_Cibeber
Cianjur,Cibinong,0.60557061041466,Cianjur_Cibinong
Cianjur,Cidaun,0.7588700909477527,Cianjur_Cidaun
Cianjur,Cijati,0.5548723251159166,Cianjur_Cijati
Cianjur,Cikadu,0.5200209172927707,Cianjur_Cikadu
Cianjur,Cikalongkulon,0.6136152879372251,Cianjur_Cikalongkulon
Cianjur,Cilaku,0.7853833198639669,Cianjur_Cilaku
Cianjur,Cipanas,0.9414422958060426,Cianjur_Cipanas
Cianjur,Ciranjang,0.8414920998754628,Cianjur_Ciranjang
Cianjur,Cugenang,0.9899235916881264,Cianjur_Cugenang
Cianjur,Gekbrong,0.9911016746695374,Cianjur_Gekbrong
Cianjur,Haurwangi,0.9074415783489618,Cianjur_Haurwangi
Cianjur,Kadupandak,0.5505587359223967,Cianjur_Kadupandak
Cianjur,Karangtengah,0.7966484631018435,Cianjur_Karangtengah
Cianjur,Leles,0.48322174263481915,Cianjur_Leles
Cianjur,Mande,0.7512310431399647,Cianjur_Mande
Cianjur,Naringgul,0.46946473051063425,Cianjur_Naringgul
Cianjur,Pacet,0.9549045877924076,Cianjur_Pacet
Cianjur,Pagelaran,0.6274254414458603,Cianjur_Pagelaran
Cianjur,Pasirkuda,0.8946544375055967,Cianjur_Pasirkuda
Cianjur,Sindangbarang,0.7510604234473398,Cianjur_Sindangbarang
Cianjur,Sukaluyu,0.9059349871812538,Cianjur_Sukaluyu
Cianjur,Sukanagara,0.647088749507173,Cianjur_Sukanagara
Cianjur,Sukaresmi,0.6436480314485454,Cianjur_Sukaresmi
Cianjur,Takokak,0.6947156839327978,Cianjur_Takokak
Cianjur,Tanggeung,0.5815271932813316,Cianjur_Tanggeung
Cianjur,Warungkondang,0.9923174088974612,Cianjur_Warungkondang
Cilacap,Adipala,0.6166451466906542,Cilacap_Adipala
Cilacap,Bantarsari,0.6550340459787037,Cilacap_Bantarsari
Cilacap,Binangun,0.49028441820972324,Cilacap_Binangun
Cilacap,Cilacap Selatan,0.581422303959289,Cilacap_Cilacap Selatan
Cilacap,Cilacap Tengah,0.597325203678517,Cilacap_Cilacap Tengah
Cilacap,Cilacap Utara,0.6691454624389195,Cilacap_Cilacap Utara
Cilacap,Cimanggu,0.5647163564720644,Cilacap_Cimanggu
Cilacap,Cipari,0.7719518004455245,Cilacap_Cipari
Cilacap,Dayeuhluhur,0.8033279212819248,Cilacap_Dayeuhluhur
Cilacap,Gandrungmangu,0.6165170188312442,Cilacap_Gandrungmangu
Cilacap,Jeruklegi,0.6356563098647614,Cilacap_Jeruklegi
Cilacap,Kampung Laut,0.8744087956868756,Cilacap_Kampung Laut
Cilacap,Karangpucung,0.47927624383124134,Cilacap_Karangpucung
Cilacap,Kawunganten,0.5906913585175039,Cilacap_Kawunganten
Cilacap,Kedungreja,0.5673055072260125,Cilacap_Kedungreja
Cilacap,Kesugihan,0.8659481938276253,Cilacap_Kesugihan
Cilacap,Kroya,0.5048208126298697,Cilacap_Kroya
Cilacap,Majenang,0.7930492177378934,Cilacap_Majenang
Cilacap,Maos,0.49250324527500305,Cilacap_Maos
Cilacap,Nusawungu,0.3587239517947067,Cilacap_Nusawungu
Cilacap,Patimuan,0.8558419817721771,Cilacap_Patimuan
Cilacap,Sampang,0.551262151634242,Cilacap_Sampang
Cilacap,Sidareja,0.8485356386534973,Cilacap_Sidareja
Cilacap,Wanareja,0.6569456227874323,Cilacap_Wanareja
Cirebon,Arjawinangun,0.9706215100151097,Cirebon_Arjawinangun
Cirebon,Astanajapura,0.9482634452460749,Cirebon_Astanajapura
Cirebon,Babakan,0.9754903249045178,Cirebon_Babakan
Cirebon,Beber,0.8994317560743684,Cirebon_Beber
Cirebon,Ciledug,0.9768141927019124,Cirebon_Ciledug
Cirebon,Ciwaringin,0.7982291334666104,Cirebon_Ciwaringin
Cirebon,Depok,0.7919517941530541,Cirebon_Depok
Cirebon,Dukupuntang,0.6909433738756451,Cirebon_Dukupuntang
Cirebon,Gebang,0.9732438631781971,Cirebon_Gebang
Cirebon,Gegesik,0.8417239438581962,Cirebon_Gegesik
Cirebon,Gempol,0.6931302827121145,Cirebon_Gempol
Cirebon,Greged,0.8884661042699381,Cirebon_Greged
Cirebon,Gunung Jati,0.9728346541677824,Cirebon_Gunung Jati
Cirebon,Jamblang,0.9692086406285627,Cirebon_Jamblang
Cirebon,Kaliwedi,0.8436905255655758,Cirebon_Kaliwedi
Cirebon,Kapetakan,0.8211608228951263,Cirebon_Kapetakan
Cirebon,Karangsembung,0.953719382586238,Cirebon_Karangsembung
Cirebon,Karangwareng,0.9446253961319657,Cirebon_Karangwareng
Cirebon,Kedawung,0.9445696914402512,Cirebon_Kedawung
Cirebon,Klangenan,0.9702605214277479,Cirebon_Klangenan
Cirebon,Lemahabang,0.9336766475939412,Cirebon_Lemahabang
Cirebon,Losari,0.9944822064599158,Cirebon_Losari
Cirebon,Mundu,0.928371181320264,Cirebon_Mundu
Cirebon,Pabedilan,0.9657343664828008,Cirebon_Pabedilan
Cirebon,Pabuaran,0.9738720450563583,Cirebon_Pabuaran
Cirebon,Palimanan,0.7923121636923526,Cirebon_Palimanan
Cirebon,Pangenan,0.9725977982970384,Cirebon_Pangenan
Cirebon,Panguragan,0.9722687474316208,Cirebon_Panguragan
Cirebon,Pasaleman,0.9928027801632643,Cirebon_Pasaleman
Cirebon,Plered,0.9686464746966256,Cirebon_Plered
Cirebon,Plumbon,0.8167543575325773,Cirebon_Plumbon
Cirebon,Sedong,0.8974670120020984,Cirebon_Sedong
Cirebon,Sumber,0.7776480295610428,Cirebon_Sumber
Cirebon,Suranenggala,0.9690215485635185,Cirebon_Suranenggala
Cirebon,Susukan,0.909664718343336,Cirebon_Susukan
Cirebon,Susukan Lebak,0.9416756622334935,Cirebon_Susukan Lebak
Cirebon,Talun,0.927837503758127,Cirebon_Talun
Cirebon,Tengah Tani,0.9711742891951002,Cirebon_Tengah Tani
Cirebon,Waled,0.9878824600779083,Cirebon_Waled
Cirebon,Weru,0.8261543395888116,Cirebon_Weru
Demak,Bonang,0.9709336054135069,Demak_Bonang
Demak,Demak,0.9502057894482896,Demak_Demak
Demak,Dempet,0.7293258736677999,Demak_Dempet
Demak,Gajah,0.7254436450786275,Demak_Gajah
Demak,Guntur,0.9296791943699206,Demak_Guntur
Demak,Karanganyar,0.7896778631158771,Demak_Karanganyar
Demak,Karangawen,0.6892316577746264,Demak_Karangawen
Demak,Karangtengah,0.9294776018270026,Demak_Karangtengah
Demak,Kebonagung,0.7222347237957334,Demak_Kebonagung
Demak,Mijen,0.7776188213965052,Demak_Mijen
Demak,Mranggen,0.6927090149637487,Demak_Mranggen
Demak,Sayung,0.9006735466441194,Demak_Sayung
Demak,Wedung,0.9563180524420868,Demak_Wedung
Demak,Wonosalam,0.9294588087414435,Demak_Wonosalam
Garut,Banjarwangi,0.6417461074941316,Garut_Banjarwangi
Garut,Banyuresmi,0.802824895807612,Garut_Banyuresmi
Garut,Bayongbong,0.5311505793835346,Garut_Bayongbong
Garut,Bl. Limbangan,0.8791665139319811,Garut_Bl. Limbangan
Garut,Bungbulang,0.7711621446896569,Garut_Bungbulang
Garut,Caringin,0.5467021048280563,Garut_Caringin
Garut,Cibalong,0.9479208474191553,Garut_Cibalong
Garut,Cibatu,0.9084472585926321,Garut_Cibatu
Garut,Cibiuk,0.912508152029845,Garut_Cibiuk
Garut,Cigedug,0.5040775814475565,Garut_Cigedug
Garut,Cihurip,0.9163488730951765,Garut_Cihurip
Garut,Cikajang,0.5449315538582195,Garut_Cikajang
Garut,Cikelet,0.873999455968764,Garut_Cikelet
Garut,Cilawu,0.4897308339710858,Garut_Cilawu
Garut,Cisewu,0.6239413936299523,Garut_Cisewu
Garut,Cisompet,0.920557206962393,Garut_Cisompet
Garut,Cisurupan,0.5640768928074863,Garut_Cisurupan
Garut,Garut Kota,0.7631027123216527,Garut_Garut Kota
Garut,Kadungora,0.7107365101682047,Garut_Kadungora
Garut,Karangpawitan,0.7720197289787096,Garut_Karangpawitan
Garut,Karangtengah,0.599981065893535,Garut_Karangtengah
Garut,Kersamanah,0.8598149745255345,Garut_Kersamanah
Garut,Leles,0.7410598319330893,Garut_Leles
Garut,Leuwigoong,0.8001098923634977,Garut_Leuwigoong
Garut,Malangbong,0.8488845025235108,Garut_Malangbong
Garut,Mekarmukti,0.9094122075548133,Garut_Mekarmukti
Garut,Pakenjeng,0.4771727745226903,Garut_Pakenjeng
Garut,Pameungpeuk,0.6820759178015358,Garut_Pameungpeuk
Garut,Pamulihan,0.36575896778589334,Garut_Pamulihan
Garut,Pangatikan,0.6994294486934494,Garut_Pangatikan
Garut,Pasirwangi,0.6726427774685101,Garut_Pasirwangi
Garut,Peundeuy,0.8862846944532036,Garut_Peundeuy
Garut,Samarang,0.7451205346885874,Garut_Samarang
Garut,Selaawi,0.8627643854077769,Garut_Selaawi
Garut,Singajaya,0.7149849396640688,Garut_Singajaya
Garut,Sucinaraja,0.5563395951032142,Garut_Sucinaraja
Garut,Sukaresmi,0.686062849901441,Garut_Sukaresmi
Garut,Sukawening,0.6660480791518238,Garut_Sukawening
Garut,Talegong,0.7277773548386813,Garut_Talegong
Garut,Tarogong Kaler,0.7767025785747714,Garut_Tarogong Kaler
Garut,Tarogong Kidul,0.6433252482473811,Garut_Tarogong Kidul
Garut,Wanaraja,0.7352226061493352,Garut_Wanaraja
Gresik,Balongpanggang,0.5205764774436751,Gresik_Balongpanggang
Gresik,Benjeng,0.4872552957853479,Gresik_Benjeng
Gresik,Bungah,0.7553461974979178,Gresik_Bungah
Gresik,Cerme,,Gresik_Cerme
Gresik,Driyorejo,,Gresik_Driyorejo
Gresik,Duduksampeyan,,Gresik_Duduksampeyan
Gresik,Dukun,0.48703289741519795,Gresik_Dukun
Gresik,Gresik,,Gresik_Gresik
Gresik,Kebomas,,Gresik_Kebomas
Gresik,Kedamean,0.8649482582027858,Gresik_Kedamean
Gresik,Manyar,,Gresik_Manyar
Gresik,Menganti,,Gresik_Menganti
Gresik,Panceng,0.25538984241427726,Gresik_Panceng
Gresik,Sangkapura,,Gresik_Sangkapura
Gresik,Sidayu,0.6541765743235775,Gresik_Sidayu
Gresik,Tambak,,Gresik_Tambak
Gresik,Ujungpangkah,0.16619464465356132,Gresik_Ujungpangkah
Gresik,Wringinanom,0.6629618095671397,Gresik_Wringinanom
Grobogan,Brati,0.4438851411915507,Grobogan_Brati
Grobogan,Gabus,0.8891704851762557,Grobogan_Gabus
Grobogan,Geyer,0.917903082091724,Grobogan_Geyer
Grobogan,Godong,0.8055932366157537,Grobogan_Godong
Grobogan,Grobogan,0.8430258286253869,Grobogan_Grobogan
Grobogan,Gubug,0.749031176033234,Grobogan_Gubug
Grobogan,Karangrayung,0.8206381418033956,Grobogan_Karangrayung
Grobogan,Kedungjati,0.7800791854872257,Grobogan_Kedungjati
Grobogan,Klambu,0.6172681852570048,Grobogan_Klambu
Grobogan,Kradenan,0.7773817637069087,Grobogan_Kradenan
Grobogan,Ngaringan,0.8814751193950211,Grobogan_Ngaringan
Grobogan,Penawangan,0.6964200052655887,Grobogan_Penawangan
Grobogan,Pulokulon,0.8840961255514527,Grobogan_Pulokulon
Grobogan,Purwodadi,0.8832457783569195,Grobogan_Purwodadi
Grobogan,Tanggungharjo,0.7787527505835183,Grobogan_Tanggungharjo
Grobogan,Tawangharjo,0.7647388333399009,Grobogan_Tawangharjo
Grobogan,Tegowanu,0.7285397546858333,Grobogan_Tegowanu
Grobogan,Toroh,0.9111767543098918,Grobogan_Toroh
Grobogan,Wirosari,0.7828027347711081,Grobogan_Wirosari
Gunungkidul,Gedangsari,0.5516798772726061,Gunungkidul_Gedangsari
Gunungkidul,Girisubo,0.4783472432567997,Gunungkidul_Girisubo
Gunungkidul,Karangmojo,0.6098047369342434,Gunungkidul_Karangmojo
Gunungkidul,Ngawen,0.47129420121975074,Gunungkidul_Ngawen
Gunungkidul,Nglipar,0.47152457929750574,Gunungkidul_Nglipar
Gunungkidul,Paliyan,0.743199054333204,Gunungkidul_Paliyan
Gunungkidul,Panggang,0.36781380689151694,Gunungkidul_Panggang
Gunungkidul,Patuk,0.6322122551037547,Gunungkidul_Patuk
Gunungkidul,Playen,0.7234583011267659,Gunungkidul_Playen
Gunungkidul,Ponjong,0.44353204012639175,Gunungkidul_Ponjong
Gunungkidul,Purwosari,0.36404197092840146,Gunungkidul_Purwosari
Gunungkidul,Rongkop,0.5372734866593349,Gunungkidul_Rongkop
Gunungkidul,Saptosari,0.7010415304821127,Gunungkidul_Saptosari
Gunungkidul,Semanu,0.4227713836090669,Gunungkidul_Semanu
Gunungkidul,Semin,0.5686236740055216,Gunungkidul_Semin
Gunungkidul,Tanjungsari,0.7061230443823806,Gunungkidul_Tanjungsari
Gunungkidul,Tepus,0.5550105109066314,Gunungkidul_Tepus
Gunungkidul,Wonosari,0.7868088886168033,Gunungkidul_Wonosari
Indramayu,Anjatan,0.9506083723490086,Indramayu_Anjatan
Indramayu,Arahan,0.6944383421017449,Indramayu_Arahan
Indramayu,Balongan,0.8918279776469691,Indramayu_Balongan
Indramayu,Bangodua,0.7938842826149385,Indramayu_Bangodua
Indramayu,Bongas,0.9364528774320101,Indramayu_Bongas
Indramayu,Cantigi,0.5638447156201564,Indramayu_Cantigi
Indramayu,Cikedung,0.8224895483105887,Indramayu_Cikedung
Indramayu,Gabuswetan,0.9062630296400349,Indramayu_Gabuswetan
Indramayu,Gantar,0.9039189034677612,Indramayu_Gantar
Indramayu,Haurgeulis,0.9548259363022958,Indramayu_Haurgeulis
Indramayu,Indramayu,0.9368596684157328,Indramayu_Indramayu
Indramayu,Jatibarang,0.7437565868125542,Indramayu_Jatibarang
Indramayu,Juntinyuat,0.6613397721998363,Indramayu_Juntinyuat
Indramayu,Kandanghaur,0.9503792704861989,Indramayu_Kandanghaur
Indramayu,Karangampel,0.668566494468641,Indramayu_Karangampel
Indramayu,Kedokan Bunder,0.6521767228927964,Indramayu_Kedokan Bunder
Indramayu,Kertasemaya,0.8202103509723935,Indramayu_Kertasemaya
Indramayu,Krangkeng,0.8508036426282195,Indramayu_Krangkeng
Indramayu,Kroya,0.9218585947282917,Indramayu_Kroya
Indramayu,Lelea,0.7825682655681725,Indramayu_Lelea
Indramayu,Lohbener,0.7436737732573101,Indramayu_Lohbener
Indramayu,Losarang,0.8689431056155125,Indramayu_Losarang
Indramayu,Pasekan,0.4609670335222283,Indramayu_Pasekan
Indramayu,Patrol,0.9484926987180373,Indramayu_Patrol
Indramayu,Sindang,0.8055307430938726,Indramayu_Sindang
Indramayu,Sliyeg,0.7579121847443672,Indramayu_Sliyeg
Indramayu,Sukagumiwang,0.8274295203898024,Indramayu_Sukagumiwang
Indramayu,Sukra,0.8954203665512682,Indramayu_Sukra
Indramayu,Terisi,0.6962569262207108,Indramayu_Terisi
Indramayu,Tukdana,0.8348190166740056,Indramayu_Tukdana
Indramayu,Widasari,0.7760549930426731,Indramayu_Widasari
Jember,Ajung,0.4416648181036039,Jember_Ajung
Jember,Ambulu,0.5324247391961134,Jember_Ambulu
Jember,Arjasa,0.2857285645144705,Jember_Arjasa
Jember,Balung,0.4558958491734923,Jember_Balung
Jember,Bangsalsari,0.28327032040784017,Jember_Bangsalsari
Jember,Gumukmas,0.5413037022107205,Jember_Gumukmas
Jember,Jelbuk,0.6895438322294142,Jember_Jelbuk
Jember,Jenggawah,0.4584749300754931,Jember_Jenggawah
Jember,Jombang,0.4138048703555883,Jember_Jombang
Jember,Kalisat,0.3809436033912398,Jember_Kalisat
Jember,Kaliwates,0.44099637663645597,Jember_Kaliwates
Jember,Kencong,0.47488174640247005,Jember_Kencong
Jember,Ledokombo,0.3411208911809082,Jember_Ledokombo
Jember,Mayang,0.2764093569965542,Jember_Mayang
Jember,Mumbulsari,0.2710963720683739,Jember_Mumbulsari
Jember,Pakusari,0.32847307136140724,Jember_Pakusari
Jember,Panti,0.24234782822125064,Jember_Panti
Jember,Patrang,0.3778032050270833,Jember_Patrang
Jember,Puger,0.2775792604403891,Jember_Puger
Jember,Rambipuji,0.4879455244808242,Jember_Rambipuji
Jember,Semboro,0.4001189414549033,Jember_Semboro
Jember,Silo,0.22558116424819732,Jember_Silo
Jember,Sukorambi,0.30405019753628093,Jember_Sukorambi
Jember,Sukowono,0.36924144400205433,Jember_Sukowono
Jember,Sumberbaru,0.3320889507336275,Jember_Sumberbaru
Jember,Sumberjambe,0.17377039162526167,Jember_Sumberjambe
Jember,Sumbersari,0.38403387420320584,Jember_Sumbersari
Jember,Tanggul,0.2671404645622521,Jember_Tanggul
Jember,Tempurejo,0.2903551271825013,Jember_Tempurejo
Jember,Umbulsari,0.39436726063275657,Jember_Umbulsari
Jember,Wuluhan,0.5125655835466896,Jember_Wuluhan
Jepara,Bangsri,0.9476488460787481,Jepara_Bangsri
Jepara,Batealit,0.44074438866890825,Jepara_Batealit
Jepara,Donorojo,0.6563533263394215,Jepara_Donorojo
Jepara,Jepara,0.9682695753614827,Jepara_Jepara
Jepara,Kalinyamatan,0.8845737964222281,Jepara_Kalinyamatan
Jepara,Karimunjawa,0.5186796856176631,Jepara_Karimunjawa
Jepara,Kedung,0.9654750736993774,Jepara_Kedung
Jepara,Keling,0.41620592629879977,Jepara_Keling
Jepara,Kembang,0.8851527578667595,Jepara_Kembang
Jepara,Mayong,0.8090512580243945,Jepara_Mayong
Jepara,Mlonggo,0.9577167329188228,Jepara_Mlonggo
Jepara,Nalumsari,0.8938595413097138,Jepara_Nalumsari
Jepara,Pakis Aji,0.9437228883828644,Jepara_Pakis Aji
Jepara,Pecangaan,0.6662059042331064,Jepara_Pecangaan
Jepara,Tahunan,0.9189961720847768,Jepara_Tahunan
Jepara,Welahan,0.8595960035278633,Jepara_Welahan
Jombang,Bandarkedungmulyo,0.9131649882996216,Jombang_Bandarkedungmulyo
Jombang,Bareng,0.6009656764257139,Jombang_Bareng
Jombang,Diwek,0.754378573821621,Jombang_Diwek
Jombang,Gudo,0.8312235765979733,Jombang_Gudo
Jombang,Jogoroto,0.8918048395002265,Jombang_Jogoroto
Jombang,Jombang,0.8473189182285842,Jombang_Jombang
Jombang,Kabuh,0.6498099454172099,Jombang_Kabuh
Jombang,Kesamben,0.892496381346262,Jombang_Kesamben
Jombang,Kudu,0.7706854685795472,Jombang_Kudu
Jombang,Megaluh,0.6827977491667949,Jombang_Megaluh
Jombang,Mojoagung,0.7298905804618054,Jombang_Mojoagung
Jombang,Mojowarno,0.5255047979212552,Jombang_Mojowarno
Jombang,Ngoro,0.7640594704392708,Jombang_Ngoro
Jombang,Ngusikan,0.9362131536631643,Jombang_Ngusikan
Jombang,Perak,0.6836480203658221,Jombang_Perak
Jombang,Peterongan,0.764874500776106,Jombang_Peterongan
Jombang,Plandaan,0.6689925239620513,Jombang_Plandaan
Jombang,Ploso,0.8390286349903215,Jombang_Ploso
Jombang,Sumobito,0.6915377748772603,Jombang_Sumobito
Jombang,Tembelang,0.7584550832669729,Jombang_Tembelang
Jombang,Wonosalam,0.38997974020113113,Jombang_Wonosalam
Karanganyar,Colomadu,0.9554164657952823,Karanganyar_Colomadu
Karanganyar,Gondangrejo,0.6686156053371844,Karanganyar_Gondangrejo
Karanganyar,Jaten,0.498416380071679,Karanganyar_Jaten
Karanganyar,Jatipuro,0.8049537083017827,Karanganyar_Jatipuro
Karanganyar,Jatiyoso,0.5228183230615897,Karanganyar_Jatiyoso
Karanganyar,Jenawi,0.4865081396049765,Karanganyar_Jenawi
Karanganyar,Jumantono,0.6423916137824606,Karanganyar_Jumantono
Karanganyar,Jumapolo,0.804197395336309,Karanganyar_Jumapolo
Karanganyar,Karanganyar,0.6876452397331906,Karanganyar_Karanganyar
Karanganyar,Karangpandan,0.5659714315576857,Karanganyar_Karangpandan
Karanganyar,Kebakkramat,0.6657242268998881,Karanganyar_Kebakkramat
Karanganyar,Kerjo,0.5289596537227506,Karanganyar_Kerjo
Karanganyar,Matesih,0.5778290552248783,Karanganyar_Matesih
Karanganyar,Mojogedang,0.681428568729353,Karanganyar_Mojogedang
Karanganyar,Ngargoyoso,0.4548198287023867,Karanganyar_Ngargoyoso
Karanganyar,Tasikmadu,0.5931805150438499,Karanganyar_Tasikmadu
Karanganyar,Tawangmangu,0.4138679056854994,Karanganyar_Tawangmangu
Karawang,Banyusari,0.9719744399546382,Karawang_Banyusari
Karawang,Batujaya,0.9352086730805527,Karawang_Batujaya
Karawang,Ciampel,0.9975940407034849,Karawang_Ciampel
Karawang,Cibuaya,0.8619144053906092,Karawang_Cibuaya
Karawang,Cikampek,0.994500224241259,Karawang_Cikampek
Karawang,Cilamaya Kulon,0.9526525950182474,Karawang_Cilamaya Kulon
Karawang,Cilamaya Wetan,0.9592245706913491,Karawang_Cilamaya Wetan
Karawang,Cilebar,0.8420801180726616,Karawang_Cilebar
Karawang,Jatisari,0.9720982431828883,Karawang_Jatisari
Karawang,Jayakerta,0.9707760720442761,Karawang_Jayakerta
Karawang,Karawang Barat,0.9817386429953606,Karawang_Karawang Barat
Karawang,Karawang Timur,0.9853778818463214,Karawang_Karawang Timur
Karawang,Klari,0.9569402775022418,Karawang_Klari
Karawang,Kota Baru,0.9720538453576123,Karawang_Kota Baru
Karawang,Kutawaluya,0.9288310858658901,Karawang_Kutawaluya
Karawang,Lemahabang,0.9063917672448519,Karawang_Lemahabang
Karawang,Majalaya,0.9510767370203937,Karawang_Majalaya
Karawang,Pakisjaya,0.9496339540071388,Karawang_Pakisjaya
Karawang,Pangkalan,0.9922011465779217,Karawang_Pangkalan
Karawang,Pedes,0.9142965764487182,Karawang_Pedes
Karawang,Purwasari,0.9684260364396883,Karawang_Purwasari
Karawang,Rawamerta,0.9715096908307275,Karawang_Rawamerta
Karawang,Rengasdengklok,0.9741181887859778,Karawang_Rengasdengklok
Karawang,Tegalwaru,0.96776454405914,Karawang_Tegalwaru
Karawang,Telagasari,0.904614808050828,Karawang_Telagasari
Karawang,Telukjambe Barat,0.9991750049063937,Karawang_Telukjambe Barat
Karawang,Telukjambe Timur,0.9997860453503179,Karawang_Telukjambe Timur
Karawang,Tempuran,0.8375703568960668,Karawang_Tempuran
Karawang,Tirtajaya,0.9045158095576885,Karawang_Tirtajaya
Karawang,Tirtamulya,0.9670596417448992,Karawang_Tirtamulya
Kebumen,Adimulyo,0.5266975443469761,Kebumen_Adimulyo
Kebumen,Alian,0.6276567365077417,Kebumen_Alian
Kebumen,Ambal,0.5195967871924282,Kebumen_Ambal
Kebumen,Ayah,0.49916896899304475,Kebumen_Ayah
Kebumen,Bonorowo,0.5281505728985246,Kebumen_Bonorowo
Kebumen,Buayan,0.4329574050456375,Kebumen_Buayan
Kebumen,Buluspesantren,0.5815877220526406,Kebumen_Buluspesantren
Kebumen,Gombong,0.5782341262592183,Kebumen_Gombong
Kebumen,Karanganyar,0.48776550553661374,Kebumen_Karanganyar
Kebumen,Karanggayam,0.4287205115162472,Kebumen_Karanggayam
Kebumen,Karangsambung,0.7695388024347938,Kebumen_Karangsambung
Kebumen,Kebumen,0.6786579110753521,Kebumen_Kebumen
Kebumen,Klirong,0.5554671784616828,Kebumen_Klirong
Kebumen,Kutowinangun,0.7042260098616876,Kebumen_Kutowinangun
Kebumen,Kuwarasan,0.5863948949308856,Kebumen_Kuwarasan
Kebumen,Mirit,0.5409155041286009,Kebumen_Mirit
Kebumen,Padureso,0.5864551259908676,Kebumen_Padureso
Kebumen,Pejagoan,0.6237063992418214,Kebumen_Pejagoan
Kebumen,Petanahan,0.5490391999254248,Kebumen_Petanahan
Kebumen,Poncowarno,0.6355453188613301,Kebumen_Poncowarno
Kebumen,Prembun,0.5029345294244575,Kebumen_Prembun
Kebumen,Puring,0.5771422866163817,Kebumen_Puring
Kebumen,Rowokele,0.5218493065355427,Kebumen_Rowokele
Kebumen,Sadang,0.7152180614460018,Kebumen_Sadang
Kebumen,Sempor,0.332434772629784,Kebumen_Sempor
Kebumen,Sruweng,0.785572830760289,Kebumen_Sruweng
Kediri,Badas,0.7567639348368286,Kediri_Badas
Kediri,Banyakan,0.36686983745530877,Kediri_Banyakan
Kediri,Gampengrejo,0.7040206435303009,Kediri_Gampengrejo
Kediri,Grogol,0.5085258488289403,Kediri_Grogol
Kediri,Gurah,0.4718638831324398,Kediri_Gurah
Kediri,Kandangan,0.5263328083921234,Kediri_Kandangan
Kediri,Kandat,0.7894743639538392,Kediri_Kandat
Kediri,Kayen Kidul,0.745214852251959,Kediri_Kayen Kidul
Kediri,Kepung,0.5820042603616871,Kediri_Kepung
Kediri,Kras,0.6359877568815042,Kediri_Kras
Kediri,Kunjang,0.8275600380771211,Kediri_Kunjang
Kediri,Mojo,0.43244006855576156,Kediri_Mojo
Kediri,Ngadiluwih,0.5892709705826277,Kediri_Ngadiluwih
Kediri,Ngancar,0.7046035410353092,Kediri_Ngancar
Kediri,Ngasem,0.7133779296516026,Kediri_Ngasem
Kediri,Pagu,0.5736446596352235,Kediri_Pagu
Kediri,Papar,0.7733225959186995,Kediri_Papar
Kediri,Pare,0.7641803668774856,Kediri_Pare
Kediri,Plemahan,0.7424229711004727,Kediri_Plemahan
Kediri,Plosoklaten,0.4673288077686043,Kediri_Plosoklaten
Kediri,Puncu,0.5230615326697761,Kediri_Puncu
Kediri,Purwoasri,0.8362822610419062,Kediri_Purwoasri
Kediri,Ringinrejo,0.7864597572437465,Kediri_Ringinrejo
Kediri,Semen,0.4071156629140125,Kediri_Semen
Kediri,Tarokan,0.46011260289688155,Kediri_Tarokan
Kediri,Wates,0.7490809916436557,Kediri_Wates
Kendal,Boja,0.659127009178406,Kendal_Boja
Kendal,Brangsong,0.846347218217126,Kendal_Brangsong
Kendal,Cepiring,0.9353694802235417,Kendal_Cepiring
Kendal,Gemuh,0.9234200419661506,Kendal_Gemuh
Kendal,Kaliwungu,0.9242820176578433,Kendal_Kaliwungu
Kendal,Kaliwungu Selatan,0.9677316666962389,Kendal_Kaliwungu Selatan
Kendal,Kangkung,0.9274283871250757,Kendal_Kangkung
Kendal,Kendal,0.8707671259596279,Kendal_Kendal
Kendal,Limbangan,0.5793122837237822,Kendal_Limbangan
Kendal,Ngampel,0.9229559291779451,Kendal_Ngampel
Kendal,Pageruyung,0.7096987742843396,Kendal_Pageruyung
Kendal,Patean,0.7721029165139356,Kendal_Patean
Kendal,Patebon,0.9005942912705791,Kendal_Patebon
Kendal,Pegandon,0.8252766866948056,Kendal_Pegandon
Kendal,Plantungan,0.5670932051258222,Kendal_Plantungan
Kendal,Ringinarum,0.9233659140482265,Kendal_Ringinarum
Kendal,Rowosari,0.9970329189107754,Kendal_Rowosari
Kendal,Singorojo,0.6274988665383818,Kendal_Singorojo
Kendal,Sukorejo,0.5584205001419744,Kendal_Sukorejo
Kendal,Weleri,0.9968104539979485,Kendal_Weleri
Klaten,Bayat,0.8509874026029078,Klaten_Bayat
Klaten,Cawas,0.5902217549578063,Klaten_Cawas
Klaten,Ceper,0.6322803332520626,Klaten_Ceper
Klaten,Delanggu,0.751913927129054,Klaten_Delanggu
Klaten,Gantiwarno,0.47948492531515624,Klaten_Gantiwarno
Klaten,Jatinom,0.711445369961237,Klaten_Jatinom
Klaten,Jogonalan,0.45547096581464175,Klaten_Jogonalan
Klaten,Juwiring,0.6359302092648648,Klaten_Juwiring
Klaten,Kalikotes,0.8182077684279124,Klaten_Kalikotes
Klaten,Karanganom,0.6113165754198768,Klaten_Karanganom
Klaten,Karangdowo,0.5104927425703252,Klaten_Karangdowo
Klaten,Karangnongko,0.7103471945634657,Klaten_Karangnongko
Klaten,Kebonarum,0.734313218628198,Klaten_Kebonarum
Klaten,Kemalang,0.7441466294084214,Klaten_Kemalang
Klaten,Klaten Selatan,0.45863700649346156,Klaten_Klaten Selatan
Klaten,Klaten Tengah,0.6975623922351002,Klaten_Klaten Tengah
Klaten,Klaten Utara,0.6614859298857885,Klaten_Klaten Utara
Klaten,Manisrenggo,0.7894991676302965,Klaten_Manisrenggo
Klaten,Ngawen,0.6228628447759327,Klaten_Ngawen
Klaten,Pedan,0.5346305518383362,Klaten_Pedan
Klaten,Polanharjo,0.619267013514821,Klaten_Polanharjo
Klaten,Prambanan,0.445511276036187,Klaten_Prambanan
Klaten,Trucuk,0.6887458247638447,Klaten_Trucuk
Klaten,Tulung,0.5673301925747313,Klaten_Tulung
Klaten,Wedi,0.7114724878544443,Klaten_Wedi
Klaten,Wonosari,0.5392844235091756,Klaten_Wonosari
Kota Adm. Jakarta Barat,Cengkareng,0.9790962982489114,Kota Adm. Jakarta Barat_Cengkareng
Kota Adm. Jakarta Barat,Grogol Petamburan,0.9784297131525058,Kota Adm. Jakarta Barat_Grogol Petamburan
Kota Adm. Jakarta Barat,Kalideres,0.9793426240562255,Kota Adm. Jakarta Barat_Kalideres
Kota Adm. Jakarta Barat,Kebon Jeruk,0.9771137291941925,Kota Adm. Jakarta Barat_Kebon Jeruk
Kota Adm. Jakarta Barat,Kembangan,0.9791034102330163,Kota Adm. Jakarta Barat_Kembangan
Kota Adm. Jakarta Barat,Pal Merah,0.9782431950987749,Kota Adm. Jakarta Barat_Pal Merah
Kota Adm. Jakarta Barat,Taman Sari,0.989938415795178,Kota Adm. Jakarta Barat_Taman Sari
Kota Adm. Jakarta Barat,Tambora,0.9908687879082179,Kota Adm. Jakarta Barat_Tambora
Kota Adm. Jakarta Pusat,Cempaka Putih,0.9904182219864509,Kota Adm. Jakarta Pusat_Cempaka Putih
Kota Adm. Jakarta Pusat,Gambir,0.9899938741397908,Kota Adm. Jakarta Pusat_Gambir
Kota Adm. Jakarta Pusat,Johar Baru,0.9913134298156226,Kota Adm. Jakarta Pusat_Johar Baru
Kota Adm. Jakarta Pusat,Kemayoran,0.9908832554829138,Kota Adm. Jakarta Pusat_Kemayoran
Kota Adm. Jakarta Pusat,Menteng,0.9905127418648376,Kota Adm. Jakarta Pusat_Menteng
Kota Adm. Jakarta Pusat,Sawah Besar,0.9904478664871975,Kota Adm. Jakarta Pusat_Sawah Besar
Kota Adm. Jakarta Pusat,Senen,0.9898819208901376,Kota Adm. Jakarta Pusat_Senen
Kota Adm. Jakarta Pusat,Tanah Abang,0.9967363457462555,Kota Adm. Jakarta Pusat_Tanah Abang
Kota Adm. Jakarta Selatan,Cilandak,0.9960576039186926,Kota Adm. Jakarta Selatan_Cilandak
Kota Adm. Jakarta Selatan,Jagakarsa,0.9953475741747484,Kota Adm. Jakarta Selatan_Jagakarsa
Kota Adm. Jakarta Selatan,Kebayoran Baru,0.9967519290693376,Kota Adm. Jakarta Selatan_Kebayoran Baru
Kota Adm. Jakarta Selatan,Kebayoran Lama,0.9959136018332279,Kota Adm. Jakarta Selatan_Kebayoran Lama
Kota Adm. Jakarta Selatan,Mampang Prapatan,0.9969614092831005,Kota Adm. Jakarta Selatan_Mampang Prapatan
Kota Adm. Jakarta Selatan,Pancoran,0.9969386786621025,Kota Adm. Jakarta Selatan_Pancoran
Kota Adm. Jakarta Selatan,Pasar Minggu,0.9969468302811486,Kota Adm. Jakarta Selatan_Pasar Minggu
Kota Adm. Jakarta Selatan,Pesanggrahan,0.9962298487680064,Kota Adm. Jakarta Selatan_Pesanggrahan
Kota Adm. Jakarta Selatan,Setiabudi,0.9966592873479309,Kota Adm. Jakarta Selatan_Setiabudi
Kota Adm. Jakarta Selatan,Tebet,0.996924730835656,Kota Adm. Jakarta Selatan_Tebet
Kota Adm. Jakarta Timur,Cakung,0.9917010722379402,Kota Adm. Jakarta Timur_Cakung
Kota Adm. Jakarta Timur,Cipayung,0.9977280483272751,Kota Adm. Jakarta Timur_Cipayung
Kota Adm. Jakarta Timur,Ciracas,0.9952450500000474,Kota Adm. Jakarta Timur_Ciracas
Kota Adm. Jakarta Timur,Duren Sawit,0.9923732606297508,Kota Adm. Jakarta Timur_Duren Sawit
Kota Adm. Jakarta Timur,Jatinegara,0.9968578462259216,Kota Adm. Jakarta Timur_Jatinegara
Kota Adm. Jakarta Timur,Kramatjati,0.996902749835748,Kota Adm. Jakarta Timur_Kramatjati
Kota Adm. Jakarta Timur,Makasar,0.9968069772747753,Kota Adm. Jakarta Timur_Makasar
Kota Adm. Jakarta Timur,Matraman,0.9968163618122086,Kota Adm. Jakarta Timur_Matraman
Kota Adm. Jakarta Timur,Pasar Rebo,0.9952102899975889,Kota Adm. Jakarta Timur_Pasar Rebo
Kota Adm. Jakarta Timur,Pulogadung,0.990932093563972,Kota Adm. Jakarta Timur_Pulogadung
Kota Adm. Jakarta Utara,Cilincing,0.9911906720196165,Kota Adm. Jakarta Utara_Cilincing
Kota Adm. Jakarta Utara,Kelapa Gading,0.992116318480287,Kota Adm. Jakarta Utara_Kelapa Gading
Kota Adm. Jakarta Utara,Koja,0.9913760951114428,Kota Adm. Jakarta Utara_Koja
Kota Adm. Jakarta Utara,Pademangan,0.9906014296192045,Kota Adm. Jakarta Utara_Pademangan
Kota Adm. Jakarta Utara,Penjaringan,0.9782235792821807,Kota Adm. Jakarta Utara_Penjaringan
Kota Adm. Jakarta Utara,Tanjung Priok,0.9906580590934235,Kota Adm. Jakarta Utara_Tanjung Priok
Kota Bandung,Andir,0.8909104203247828,Kota Bandung_Andir
Kota Bandung,Antapani,0.9159737364394172,Kota Bandung_Antapani
Kota Bandung,Arcamanik,0.9555536398254217,Kota Bandung_Arcamanik
Kota Bandung,Astana Anyar,0.9571452195758181,Kota Bandung_Astana Anyar
Kota Bandung,Babakan Ciparay,0.8274208597822227,Kota Bandung_Babakan Ciparay
Kota Bandung,Bandung Kidul,0.9195158225947871,Kota Bandung_Bandung Kidul
Kota Bandung,Bandung Kulon,0.8429707644151684,Kota Bandung_Bandung Kulon
Kota Bandung,Bandung Wetan,0.907050800185694,Kota Bandung_Bandung Wetan
Kota Bandung,Batununggal,0.9139255542928699,Kota Bandung_Batununggal
Kota Bandung,Bojongloa Kaler,0.8213937895678708,Kota Bandung_Bojongloa Kaler
Kota Bandung,Bojongloa Kidul,0.833260156505337,Kota Bandung_Bojongloa Kidul
Kota Bandung,Buahbatu,0.9247699050576307,Kota Bandung_Buahbatu
Kota Bandung,Cibeunying Kaler,0.9068638660944218,Kota Bandung_Cibeunying Kaler
Kota Bandung,Cibeunying Kidul,0.9054951468434982,Kota Bandung_Cibeunying Kidul
Kota Bandung,Cibiru,0.8440575694785223,Kota Bandung_Cibiru
Kota Bandung,Cicendo,0.8317685898043824,Kota Bandung_Cicendo
Kota Bandung,Cidadap,0.8811460493015386,Kota Bandung_Cidadap
Kota Bandung,Cinambo,0.9122217221915889,Kota Bandung_Cinambo
Kota Bandung,Coblong,0.9026497675384674,Kota Bandung_Coblong
Kota Bandung,Gedebage,0.9489657929349047,Kota Bandung_Gedebage
Kota Bandung,Kiaracondong,0.9127776999064547,Kota Bandung_Kiaracondong
Kota Bandung,Lengkong,0.9160111485328554,Kota Bandung_Lengkong
Kota Bandung,Mandalajati,0.892183670524101,Kota Bandung_Mandalajati
Kota Bandung,Panyileukan,0.8941497545209963,Kota Bandung_Panyileukan
Kota Bandung,Rancasari,0.9415828975551365,Kota Bandung_Rancasari
Kota Bandung,Regol,0.9068551758499581,Kota Bandung_Regol
Kota Bandung,Sukajadi,0.7806760697228857,Kota Bandung_Sukajadi
Kota Bandung,Sukasari,0.7541809599034769,Kota Bandung_Sukasari
Kota Bandung,Sumur Bandung,0.9239069780331995,Kota Bandung_Sumur Bandung
Kota Bandung,Ujungberung,0.8619634005272152,Kota Bandung_Ujungberung
Kota Banjar,Banjar,0.6363115110729841,Kota Banjar_Banjar
Kota Banjar,Langensari,0.6976731653685816,Kota Banjar_Langensari
Kota Banjar,Pataruman,0.5692570880439072,Kota Banjar_Pataruman
Kota Banjar,Purwaharja,0.8002046411044943,Kota Banjar_Purwaharja
Kota Batu,Batu,0.698475853853974,Kota Batu_Batu
Kota Batu,Bumiaji,0.5267202510150331,Kota Batu_Bumiaji
Kota Batu,Junrejo,0.5305561797503132,Kota Batu_Junrejo
Kota Bekasi,Bantargebang,0.9976453460507377,Kota Bekasi_Bantargebang
Kota Bekasi,Bekasi Barat,0.9927368773727333,Kota Bekasi_Bekasi Barat
Kota Bekasi,Bekasi Selatan,0.9926747973630354,Kota Bekasi_Bekasi Selatan
Kota Bekasi,Bekasi Timur,0.9957526244536657,Kota Bekasi_Bekasi Timur
Kota Bekasi,Bekasi Utara,0.9955430862818945,Kota Bekasi_Bekasi Utara
Kota Bekasi,Jatiasih,0.9977192964947028,Kota Bekasi_Jatiasih
Kota Bekasi,Jatisampurna,0.9976594792578033,Kota Bekasi_Jatisampurna
Kota Bekasi,Medansatria,0.9916475272751892,Kota Bekasi_Medansatria
Kota Bekasi,Mustikajaya,0.999355489108506,Kota Bekasi_Mustikajaya
Kota Bekasi,Pondokgede,0.9924258936653092,Kota Bekasi_Pondokgede
Kota Bekasi,Pondokmelati,0.9978495990316866,Kota Bekasi_Pondokmelati
Kota Bekasi,Rawalumbu,0.9920875336050426,Kota Bekasi_Rawalumbu
Kota Blitar,Kepanjenkidul,0.8324282568257073,Kota Blitar_Kepanjenkidul
Kota Blitar,Sananwetan,0.610070521172469,Kota Blitar_Sananwetan
Kota Blitar,Sukorejo,0.8370731738882423,Kota Blitar_Sukorejo
Kota Bogor,Bogor Barat,0.866840149152474,Kota Bogor_Bogor Barat
Kota Bogor,Bogor Selatan,0.6917496107573676,Kota Bogor_Bogor Selatan
Kota Bogor,Bogor Tengah,0.856007376653925,Kota Bogor_Bogor Tengah
Kota Bogor,Bogor Timur,0.7130250661693259,Kota Bogor_Bogor Timur
Kota Bogor,Bogor Utara,0.8438758532702425,Kota Bogor_Bogor Utara
Kota Bogor,Tanah Sareal,0.8550374184245598,Kota Bogor_Tanah Sareal
Kota Cilegon,Cibeber,0.9199578024455525,Kota Cilegon_Cibeber
Kota Cilegon,Cilegon,0.9191916057478631,Kota Cilegon_Cilegon
Kota Cilegon,Citangkil,0.9231041289864269,Kota Cilegon_Citangkil
Kota Cilegon,Ciwandan,0.9005138661413064,Kota Cilegon_Ciwandan
Kota Cilegon,Gerogol,0.6928202118230539,Kota Cilegon_Gerogol
Kota Cilegon,Jombang,0.9283458113040046,Kota Cilegon_Jombang
Kota Cilegon,Pulomerak,0.6436843737725909,Kota Cilegon_Pulomerak
Kota Cilegon,Purwakarta,0.7527556432033051,Kota Cilegon_Purwakarta
Kota Cimahi,Cimahi Selatan,0.8656829802211946,Kota Cimahi_Cimahi Selatan
Kota Cimahi,Cimahi Tengah,0.8088483869998562,Kota Cimahi_Cimahi Tengah
Kota Cimahi,Cimahi Utara,0.7765827608466477,Kota Cimahi_Cimahi Utara
Kota Cirebon,Harjamukti,0.933614477190524,Kota Cirebon_Harjamukti
Kota Cirebon,Kejaksan,0.9393585990891989,Kota Cirebon_Kejaksan
Kota Cirebon,Kesambi,0.94197901291743,Kota Cirebon_Kesambi
Kota Cirebon,Lemahwungkuk,0.9358268726395075,Kota Cirebon_Lemahwungkuk
Kota Cirebon,Pekalipan,0.9351106978974628,Kota Cirebon_Pekalipan
Kota Depok,Beji,0.9952325507972871,Kota Depok_Beji
Kota Depok,Bojongsari,0.9570198356296822,Kota Depok_Bojongsari
Kota Depok,Cilodong,0.9464707619030753,Kota Depok_Cilodong
Kota Depok,Cimanggis,0.9950537332330276,Kota Depok_Cimanggis
Kota Depok,Cinere,0.9626883990610069,Kota Depok_Cinere
Kota Depok,Cipayung,0.9502049023557528,Kota Depok_Cipayung
Kota Depok,Limo,0.9626984713712312,Kota Depok_Limo
Kota Depok,Pancoran Mas,0.9623707387361773,Kota Depok_Pancoran Mas
Kota Depok,Sawangan,0.9354172861580498,Kota Depok_Sawangan
Kota Depok,Sukmajaya,0.9953337408226547,Kota Depok_Sukmajaya
Kota Depok,Tapos,0.9443167893888536,Kota Depok_Tapos
Kota Kediri,Kota,0.6544165261782046,Kota Kediri_Kota
Kota Kediri,Mojoroto,0.6562929771335686,Kota Kediri_Mojoroto
Kota Kediri,Pesantren,0.6902473403908594,Kota Kediri_Pesantren
Kota Madiun,Kartoharjo,0.6651516449320267,Kota Madiun_Kartoharjo
Kota Madiun,Manguharjo,0.47878023531106584,Kota Madiun_Manguharjo
Kota Madiun,Taman,0.733981749924273,Kota Madiun_Taman
Kota Magelang,Magelang Selatan,0.5264607253927865,Kota Magelang_Magelang Selatan
Kota Magelang,Magelang Tengah,0.5585468625420505,Kota Magelang_Magelang Tengah
Kota Magelang,Magelang Utara,0.5811603885053762,Kota Magelang_Magelang Utara
Kota Malang,Blimbing,0.6760864958689354,Kota Malang_Blimbing
Kota Malang,Kedungkandang,0.6379600453527265,Kota Malang_Kedungkandang
Kota Malang,Klojen,0.652319493164053,Kota Malang_Klojen
Kota Malang,Lowokwaru,0.6081282318453323,Kota Malang_Lowokwaru
Kota Malang,Sukun,0.624120862602713,Kota Malang_Sukun
Kota Mojokerto,Kranggan,0.8137435570910969,Kota Mojokerto_Kranggan
Kota Mojokerto,Magersari,0.811682059861508,Kota Mojokerto_Magersari
Kota Mojokerto,Prajuritkulon,0.7923705650670188,Kota Mojokerto_Prajuritkulon
Kota Pasuruan,Bugul Kidul,,Kota Pasuruan_Bugul Kidul
Kota Pasuruan,Gadingrejo,,Kota Pasuruan_Gadingrejo
Kota Pasuruan,Panggungrejo,,Kota Pasuruan_Panggungrejo
Kota Pasuruan,Purworejo,,Kota Pasuruan_Purworejo
Kota Pekalongan,Pekalongan Barat,0.994878192446118,Kota Pekalongan_Pekalongan Barat
Kota Pekalongan,Pekalongan Selatan,0.9653745967071045,Kota Pekalongan_Pekalongan Selatan
Kota Pekalongan,Pekalongan Timur,0.993462940895627,Kota Pekalongan_Pekalongan Timur
Kota Pekalongan,Pekalongan Utara,0.9941212066966653,Kota Pekalongan_Pekalongan Utara
Kota Probolinggo,Kademangan,0.3870654251686093,Kota Probolinggo_Kademangan
Kota Probolinggo,Kanigaran,0.43893368440761094,Kota Probolinggo_Kanigaran
Kota Probolinggo,Kedopok,0.402363017503768,Kota Probolinggo_Kedopok
Kota Probolinggo,Mayangan,0.43619984805357603,Kota Probolinggo_Mayangan
Kota Probolinggo,Wonoasih,0.3976715175714875,Kota Probolinggo_Wonoasih
Kota Salatiga,Argomulyo,0.7065802614068729,Kota Salatiga_Argomulyo
Kota Salatiga,Sidomukti,0.7246107925695642,Kota Salatiga_Sidomukti
Kota Salatiga,Sidorejo,0.6834987199807968,Kota Salatiga_Sidorejo
Kota Salatiga,Tingkir,0.9501043272162493,Kota Salatiga_Tingkir
Kota Semarang,Banyumanik,0.5870270176185496,Kota Semarang_Banyumanik
Kota Semarang,Candisari,0.5987215315373586,Kota Semarang_Candisari
Kota Semarang,Gajahmungkur,0.5934632925965365,Kota Semarang_Gajahmungkur
Kota Semarang,Gayamsari,0.7995651339398488,Kota Semarang_Gayamsari
Kota Semarang,Genuk,0.7884491632871521,Kota Semarang_Genuk
Kota Semarang,Gunungpati,0.654025632704017,Kota Semarang_Gunungpati
Kota Semarang,Mijen,0.6710384781887293,Kota Semarang_Mijen
Kota Semarang,Ngaliyan,0.6717916086504596,Kota Semarang_Ngaliyan
Kota Semarang,Pedurungan,0.6715476943085943,Kota Semarang_Pedurungan
Kota Semarang,Semarang Barat,0.7609597101874915,Kota Semarang_Semarang Barat
Kota Semarang,Semarang Selatan,0.776928240241786,Kota Semarang_Semarang Selatan
Kota Semarang,Semarang Tengah,0.7713080862394482,Kota Semarang_Semarang Tengah
Kota Semarang,Semarang Timur,0.7762486986575342,Kota Semarang_Semarang Timur
Kota Semarang,Semarang Utara,0.7887679825296108,Kota Semarang_Semarang Utara
Kota Semarang,Tembalang,0.6097092739953615,Kota Semarang_Tembalang
Kota Semarang,Tugu,0.7772518059880675,Kota Semarang_Tugu
Kota Serang,Cipocok Jaya,0.7268603385638998,Kota Serang_Cipocok Jaya
Kota Serang,Curug,0.7195579070901345,Kota Serang_Curug
Kota Serang,Kasemen,0.729196339134118,Kota Serang_Kasemen
Kota Serang,Serang,0.7868130087123609,Kota Serang_Serang
Kota Serang,Taktakan,0.6749644161903491,Kota Serang_Taktakan
Kota Serang,Walantaka,0.6558522913632009,Kota Serang_Walantaka
Kota Sukabumi,Baros,0.8989757258611151,Kota Sukabumi_Baros
Kota Sukabumi,Cibeureum,0.8609761818016952,Kota Sukabumi_Cibeureum
Kota Sukabumi,Cikole,0.8702040284064166,Kota Sukabumi_Cikole
Kota Sukabumi,Citamiang,0.8669923193252794,Kota Sukabumi_Citamiang
Kota Sukabumi,Gunung Puyuh,0.8630925521175169,Kota Sukabumi_Gunung Puyuh
Kota Sukabumi,Lembursitu,0.8253195162360226,Kota Sukabumi_Lembursitu
Kota Sukabumi,Warudoyong,0.8881465476472913,Kota Sukabumi_Warudoyong
Kota Surabaya,Asem Rowo,,Kota Surabaya_Asem Rowo
Kota Surabaya,Benowo,,Kota Surabaya_Benowo
Kota Surabaya,Bubutan,,Kota Surabaya_Bubutan
Kota Surabaya,Bulak,,Kota Surabaya_Bulak
Kota Surabaya,Dukuh Pakis,,Kota Surabaya_Dukuh Pakis
Kota Surabaya,Gayungan,,Kota Surabaya_Gayungan
Kota Surabaya,Genteng,,Kota Surabaya_Genteng
Kota Surabaya,Gubeng,,Kota Surabaya_Gubeng
Kota Surabaya,Gunung Anyar,0.5873850609999562,Kota Surabaya_Gunung Anyar
Kota Surabaya,Jambangan,,Kota Surabaya_Jambangan
Kota Surabaya,Karang Pilang,,Kota Surabaya_Karang Pilang
Kota Surabaya,Kenjeran,,Kota Surabaya_Kenjeran
Kota Surabaya,Krembangan,,Kota Surabaya_Krembangan
Kota Surabaya,Lakarsantri,,Kota Surabaya_Lakarsantri
Kota Surabaya,Mulyorejo,,Kota Surabaya_Mulyorejo
Kota Surabaya,Pabean Cantian,,Kota Surabaya_Pabean Cantian
Kota Surabaya,Pakal,,Kota Surabaya_Pakal
Kota Surabaya,Rungkut,0.7031950504074845,Kota Surabaya_Rungkut
Kota Surabaya,Sambikerep,,Kota Surabaya_Sambikerep
Kota Surabaya,Sawahan,,Kota Surabaya_Sawahan
Kota Surabaya,Semampir,,Kota Surabaya_Semampir
Kota Surabaya,Simokerto,,Kota Surabaya_Simokerto
Kota Surabaya,Sukolilo,,Kota Surabaya_Sukolilo
Kota Surabaya,Sukomanunggal,,Kota Surabaya_Sukomanunggal
Kota Surabaya,Tambaksari,,Kota Surabaya_Tambaksari
Kota Surabaya,Tandes,,Kota Surabaya_Tandes
Kota Surabaya,Tegalsari,,Kota Surabaya_Tegalsari
Kota Surabaya,Tenggilis Mejoyo,,Kota Surabaya_Tenggilis Mejoyo
Kota Surabaya,Wiyung,,Kota Surabaya_Wiyung
Kota Surabaya,Wonocolo,,Kota Surabaya_Wonocolo
Kota Surabaya,Wonokromo,,Kota Surabaya_Wonokromo
Kota Surakarta,Banjarsari,0.6488092880834295,Kota Surakarta_Banjarsari
Kota Surakarta,Jebres,0.6631542396990735,Kota Surakarta_Jebres
Kota Surakarta,Laweyan,0.9470998176514661,Kota Surakarta_Laweyan
Kota Surakarta,Pasar Kliwon,0.5935796602481901,Kota Surakarta_Pasar Kliwon
Kota Surakarta,Serengan,0.5305880494788121,Kota Surakarta_Serengan
Kota Tangerang,Batuceper,0.9840477393411818,Kota Tangerang_Batuceper
Kota Tangerang,Benda,0.9754737533050999,Kota Tangerang_Benda
Kota Tangerang,Cibodas,0.9916125085106442,Kota Tangerang_Cibodas
Kota Tangerang,Ciledug,0.9964838914915065,Kota Tangerang_Ciledug
Kota Tangerang,Cipondoh,0.9871640154212158,Kota Tangerang_Cipondoh
Kota Tangerang,Jatiuwung,0.9221975652378664,Kota Tangerang_Jatiuwung
Kota Tangerang,Karang Tengah,0.9958118180296722,Kota Tangerang_Karang Tengah
Kota Tangerang,Karawaci,0.9837579215967197,Kota Tangerang_Karawaci
Kota Tangerang,Larangan,0.9957807366749916,Kota Tangerang_Larangan
Kota Tangerang,Neglasari,0.9753578172311907,Kota Tangerang_Neglasari
Kota Tangerang,Periuk,0.9357175727362503,Kota Tangerang_Periuk
Kota Tangerang,Pinang,0.9944453924467298,Kota Tangerang_Pinang
Kota Tangerang,Tangerang,0.9833797296248545,Kota Tangerang_Tangerang
Kota Tangerang Selatan,Ciputat,0.9651456177231055,Kota Tangerang Selatan_Ciputat
Kota Tangerang Selatan,Ciputat Timur,0.9958944817255025,Kota Tangerang Selatan_Ciputat Timur
Kota Tangerang Selatan,Pamulang,0.9637218699069865,Kota Tangerang Selatan_Pamulang
Kota Tangerang Selatan,Pondok Aren,0.9957989488937921,Kota Tangerang Selatan_Pondok Aren
Kota Tangerang Selatan,Serpong,0.9157383666975748,Kota Tangerang Selatan_Serpong
Kota Tangerang Selatan,Serpong Utara,0.9900428475249199,Kota Tangerang Selatan_Serpong Utara
Kota Tangerang Selatan,Setu,0.912172035173808,Kota Tangerang Selatan_Setu
Kota Tasikmalaya,Bungursari,0.5107516017739118,Kota Tasikmalaya_Bungursari
Kota Tasikmalaya,Cibeureum,0.8037501263283716,Kota Tasikmalaya_Cibeureum
Kota Tasikmalaya,Cihideung,0.8589946533030326,Kota Tasikmalaya_Cihideung
Kota Tasikmalaya,Cipedes,0.8330494049302218,Kota Tasikmalaya_Cipedes
Kota Tasikmalaya,Indihiang,0.6665736838806264,Kota Tasikmalaya_Indihiang
Kota Tasikmalaya,Kawalu,0.8890766384074709,Kota Tasikmalaya_Kawalu
Kota Tasikmalaya,Mangkubumi,0.5130745516094057,Kota Tasikmalaya_Mangkubumi
Kota Tasikmalaya,Purbaratu,0.7657910893972028,Kota Tasikmalaya_Purbaratu
Kota Tasikmalaya,Tamansari,0.780355517286699,Kota Tasikmalaya_Tamansari
Kota Tasikmalaya,Tawang,0.8569657609378553,Kota Tasikmalaya_Tawang
Kota Tegal,Margadana,0.9994263432195796,Kota Tegal_Margadana
Kota Tegal,Tegal Barat,0.9960166578859352,Kota Tegal_Tegal Barat
Kota Tegal,Tegal Selatan,0.9962220136489145,Kota Tegal_Tegal Selatan
Kota Tegal,Tegal Timur,0.9964344008828971,Kota Tegal_Tegal Timur
Kota Yogyakarta,Danurejan,0.6722075300000266,Kota Yogyakarta_Danurejan
Kota Yogyakarta,Gedongtengen,0.6492958752913522,Kota Yogyakarta_Gedongtengen
Kota Yogyakarta,Gondokusuman,0.669280103587997,Kota Yogyakarta_Gondokusuman
Kota Yogyakarta,Gondomanan,0.8298904804367622,Kota Yogyakarta_Gondomanan
Kota Yogyakarta,Jetis,0.6730313400749249,Kota Yogyakarta_Jetis
Kota Yogyakarta,Kotagede,0.8325508310298584,Kota Yogyakarta_Kotagede
Kota Yogyakarta,Kraton,0.8266788268923759,Kota Yogyakarta_Kraton
Kota Yogyakarta,Mantrijeron,0.8307022613987854,Kota Yogyakarta_Mantrijeron
Kota Yogyakarta,Mergangsan,0.8358849443052467,Kota Yogyakarta_Mergangsan
Kota Yogyakarta,Ngampilan,0.8209914559634068,Kota Yogyakarta_Ngampilan
Kota Yogyakarta,Pakualaman,0.6787050785340171,Kota Yogyakarta_Pakualaman
Kota Yogyakarta,Tegalrejo,0.6590315086251239,Kota Yogyakarta_Tegalrejo
Kota Yogyakarta,Umbulharjo,0.8377405308276756,Kota Yogyakarta_Umbulharjo
Kota Yogyakarta,Wirobrajan,0.8124330442341153,Kota Yogyakarta_Wirobrajan
Kudus,Bae,0.9250011935870072,Kudus_Bae
Kudus,Dawe,0.8743210354179575,Kudus_Dawe
Kudus,Gebog,0.8659314992435231,Kudus_Gebog
Kudus,Jati,0.6125480701067157,Kudus_Jati
Kudus,Jekulo,0.9332722486803486,Kudus_Jekulo
Kudus,Kaliwungu,0.8940984439080243,Kudus_Kaliwungu
Kudus,Kota Kudus,0.5653106171139964,Kudus_Kota Kudus
Kudus,Mejobo,0.5691350140829147,Kudus_Mejobo
Kudus,Undaan,0.6756282484290846,Kudus_Undaan
Kulon Progo,Galur,0.6366207853829299,Kulon Progo_Galur
Kulon Progo,Girimulyo,0.5556678609733191,Kulon Progo_Girimulyo
Kulon Progo,Kalibawang,0.6222474862945783,Kulon Progo_Kalibawang
Kulon Progo,Kokap,0.23672326453436052,Kulon Progo_Kokap
Kulon Progo,Lendah,0.6746940344928891,Kulon Progo_Lendah
Kulon Progo,Nanggulan,0.5887794001408266,Kulon Progo_Nanggulan
Kulon Progo,Panjatan,0.5590375562695971,Kulon Progo_Panjatan
Kulon Progo,Pengasih,0.4036685373032221,Kulon Progo_Pengasih
Kulon Progo,Samigaluh,0.46612438073596096,Kulon Progo_Samigaluh
Kulon Progo,Sentolo,0.6182478730439694,Kulon Progo_Sentolo
Kulon Progo,Temon,0.4839003163703904,Kulon Progo_Temon
Kulon Progo,Wates,0.527109795014846,Kulon Progo_Wates
Kuningan,Ciawigebang,0.9576194040801033,Kuningan_Ciawigebang
Kuningan,Cibeureum,0.9862450355464878,Kuningan_Cibeureum
Kuningan,Cibingbin,0.990169640462143,Kuningan_Cibingbin
Kuningan,Cidahu,0.9840876294281098,Kuningan_Cidahu
Kuningan,Cigandamekar,0.8803628755682837,Kuningan_Cigandamekar
Kuningan,Cigugur,0.9467038733919785,Kuningan_Cigugur
Kuningan,Cilebak,0.8502972123215959,Kuningan_Cilebak
Kuningan,Cilimus,0.8326217021675562,Kuningan_Cilimus
Kuningan,Cimahi,0.9906740813864875,Kuningan_Cimahi
Kuningan,Ciniru,0.9589751020590911,Kuningan_Ciniru
Kuningan,Cipicung,0.9489270693068299,Kuningan_Cipicung
Kuningan,Ciwaru,0.974980855050792,Kuningan_Ciwaru
Kuningan,Darma,0.9395764143089376,Kuningan_Darma
Kuningan,Garawangi,0.9773275429986346,Kuningan_Garawangi
Kuningan,Hantara,0.8941506721653637,Kuningan_Hantara
Kuningan,Jalaksana,0.9421310407021429,Kuningan_Jalaksana
Kuningan,Japara,0.9482573556643862,Kuningan_Japara
Kuningan,Kadugede,0.9118525591474909,Kuningan_Kadugede
Kuningan,Kalimanggis,0.9841916544835811,Kuningan_Kalimanggis
Kuningan,Karang Kancana,0.9284826678037458,Kuningan_Karang Kancana
Kuningan,Kramatmulya,0.9648467142695586,Kuningan_Kramatmulya
Kuningan,Kuningan,0.9588333278537003,Kuningan_Kuningan
Kuningan,Lebakwangi,0.984065455466536,Kuningan_Lebakwangi
Kuningan,Luragung,0.983049363494132,Kuningan_Luragung
Kuningan,Maleber,0.9714366666569878,Kuningan_Maleber
Kuningan,Mandirancan,0.8264327526001259,Kuningan_Mandirancan
Kuningan,Nusaherang,0.9030394561922808,Kuningan_Nusaherang
Kuningan,Pancalang,0.8811186042881045,Kuningan_Pancalang
Kuningan,Pasawahan,0.8232136698099864,Kuningan_Pasawahan
Kuningan,Selajambe,0.7139193363674784,Kuningan_Selajambe
Kuningan,Sindangagung,0.9533588420617397,Kuningan_Sindangagung
Kuningan,Subang,0.8773119500482786,Kuningan_Subang
Lamongan,Babat,0.8224258831408515,Lamongan_Babat
Lamongan,Bluluk,0.6757574403328692,Lamongan_Bluluk
Lamongan,Brondong,0.46027385183107167,Lamongan_Brondong
Lamongan,Deket,0.8197553635577116,Lamongan_Deket
Lamongan,Glagah,0.7186017410215365,Lamongan_Glagah
Lamongan,Kalitengah,0.8795262771590252,Lamongan_Kalitengah
Lamongan,Karangbinangun,0.9415088755945721,Lamongan_Karangbinangun
Lamongan,Karanggeneng,0.6899577611240625,Lamongan_Karanggeneng
Lamongan,Kedungpring,0.9342569004565789,Lamongan_Kedungpring
Lamongan,Kembangbahu,0.6087072562552591,Lamongan_Kembangbahu
Lamongan,Lamongan,0.7861156519155702,Lamongan_Lamongan
Lamongan,Laren,0.4964283465350078,Lamongan_Laren
Lamongan,Maduran,0.8962323873518986,Lamongan_Maduran
Lamongan,Mantup,0.6146760038479424,Lamongan_Mantup
Lamongan,Modo,0.6675645253911735,Lamongan_Modo
Lamongan,Ngimbang,0.6596886788817612,Lamongan_Ngimbang
Lamongan,Paciran,0.5306553829812367,Lamongan_Paciran
Lamongan,Pucuk,0.51541059105056,Lamongan_Pucuk
Lamongan,Sambeng,0.7686834763440833,Lamongan_Sambeng
Lamongan,Sarirejo,0.9159252194580373,Lamongan_Sarirejo
Lamongan,Sekaran,0.5033769896094207,Lamongan_Sekaran
Lamongan,Solokuro,0.43252989395036695,Lamongan_Solokuro
Lamongan,Sugio,0.8349110411422397,Lamongan_Sugio
Lamongan,Sukodadi,0.7917252642833973,Lamongan_Sukodadi
Lamongan,Sukorame,0.9124948969167864,Lamongan_Sukorame
Lamongan,Tikung,0.9699817046559668,Lamongan_Tikung
Lamongan,Turi,0.924360665798898,Lamongan_Turi
Lebak,Banjarsari,0.8330143548632019,Lebak_Banjarsari
Lebak,Bayah,0.6239341044980397,Lebak_Bayah
Lebak,Bojongmanik,0.7310617327553134,Lebak_Bojongmanik
Lebak,Cibadak,0.7820697077506376,Lebak_Cibadak
Lebak,Cibeber,0.6209569319057238,Lebak_Cibeber
Lebak,Cigemlong,0.8922964296438207,Lebak_Cigemlong
Lebak,Cihara,0.9334741013867746,Lebak_Cihara
Lebak,Cijaku,0.9798184735454213,Lebak_Cijaku
Lebak,Cikulur,0.620109267841742,Lebak_Cikulur
Lebak,Cileles,0.7359170228617342,Lebak_Cileles
Lebak,Cilograng,0.6117328206341641,Lebak_Cilograng
Lebak,Cimarga,0.6759086194366571,Lebak_Cimarga
Lebak,Cipanas,0.7988963469293354,Lebak_Cipanas
Lebak,Cirinten,0.9050587518956751,Lebak_Cirinten
Lebak,Curug Bitung,0.8898291048428424,Lebak_Curug Bitung
Lebak,Gunungkencana,0.9866855137011247,Lebak_Gunungkencana
Lebak,Kalanganyar,0.590495278925605,Lebak_Kalanganyar
Lebak,Lebakgedong,0.6042347238725326,Lebak_Lebakgedong
Lebak,Leuwidamar,0.75007867024162,Lebak_Leuwidamar
Lebak,Maja,0.8821579914738109,Lebak_Maja
Lebak,Malingping,0.9824990236983812,Lebak_Malingping
Lebak,Muncang,0.7226951420924524,Lebak_Muncang
Lebak,Panggarangan,0.593043746059808,Lebak_Panggarangan
Lebak,Rangkasbitung,0.6778112675535469,Lebak_Rangkasbitung
Lebak,Sajira,0.8362680671402541,Lebak_Sajira
Lebak,Sobang,0.45440178508907203,Lebak_Sobang
Lebak,Wanasalam,0.9607514790399222,Lebak_Wanasalam
Lebak,Warunggunung,0.6259902746001728,Lebak_Warunggunung
Lumajang,Candipuro,0.5270113691541842,Lumajang_Candipuro
Lumajang,Gucialit,0.2770144390349908,Lumajang_Gucialit
Lumajang,Jatiroto,0.4031937702874835,Lumajang_Jatiroto
Lumajang,Kedungjajang,0.29067802965790657,Lumajang_Kedungjajang
Lumajang,Klakah,0.32996927573011126,Lumajang_Klakah
Lumajang,Kunir,0.45804291370107014,Lumajang_Kunir
Lumajang,Lumajang,0.4813709123417269,Lumajang_Lumajang
Lumajang,Padang,0.3723998140743191,Lumajang_Padang
Lumajang,Pasirian,0.35480634248070236,Lumajang_Pasirian
Lumajang,Pasrujambe,0.4371786013484279,Lumajang_Pasrujambe
Lumajang,Pronojiwo,0.38502427600956407,Lumajang_Pronojiwo
Lumajang,Randuagung,0.3414612589542211,Lumajang_Randuagung
Lumajang,Ranuyoso,0.2978452891442145,Lumajang_Ranuyoso
Lumajang,Rowokangkung,0.4172302132560258,Lumajang_Rowokangkung
Lumajang,Senduro,0.4338840535215982,Lumajang_Senduro
Lumajang,Sukodono,0.5043438533801341,Lumajang_Sukodono
Lumajang,Sumbersuko,0.3754115803596387,Lumajang_Sumbersuko
Lumajang,Tekung,0.4547357218409265,Lumajang_Tekung
Lumajang,Tempeh,0.42085094904475895,Lumajang_Tempeh
Lumajang,Tempursari,0.4245535923622222,Lumajang_Tempursari
Lumajang,Yosowilangun,0.4689237521609025,Lumajang_Yosowilangun
Madiun,Balerejo,0.548502102354853,Madiun_Balerejo
Madiun,Dagangan,0.47590366683879637,Madiun_Dagangan
Madiun,Dolopo,0.5971973501528569,Madiun_Dolopo
Madiun,Geger,0.5916287818099275,Madiun_Geger
Madiun,Gemarang,0.6787129601545664,Madiun_Gemarang
Madiun,Jiwan,0.7553250416817634,Madiun_Jiwan
Madiun,Kare,0.4068641412767681,Madiun_Kare
Madiun,Kebonsari,0.7470919098172164,Madiun_Kebonsari
Madiun,Madiun,0.7899717901216423,Madiun_Madiun
Madiun,Mejayan,0.7685488623999612,Madiun_Mejayan
Madiun,Pilangkenceng,0.9034352013452199,Madiun_Pilangkenceng
Madiun,Saradan,0.7225494384011247,Madiun_Saradan
Madiun,Sawahan,0.5502986787069029,Madiun_Sawahan
Madiun,Wonoasri,0.7513509326584847,Madiun_Wonoasri
Madiun,Wungu,0.590038010371036,Madiun_Wungu
Magelang,Bandongan,0.7518207869181434,Magelang_Bandongan
Magelang,Borobudur,0.5513074278757847,Magelang_Borobudur
Magelang,Candimulyo,0.5402912298604691,Magelang_Candimulyo
Magelang,Dukun,0.624584469974816,Magelang_Dukun
Magelang,Grabag,0.5428193853809306,Magelang_Grabag
Magelang,Kajoran,0.7000597434430196,Magelang_Kajoran
Magelang,Kaliangkrik,0.6797163004287865,Magelang_Kaliangkrik
Magelang,Mertoyudan,0.981017320739056,Magelang_Mertoyudan
Magelang,Mungkid,0.9829534000116285,Magelang_Mungkid
Magelang,Muntilan,0.982827502814989,Magelang_Muntilan
Magelang,Ngablak,0.5181748701265756,Magelang_Ngablak
Magelang,Ngluwar,0.7207378744870138,Magelang_Ngluwar
Magelang,Pakis,0.5058438134149059,Magelang_Pakis
Magelang,Salam,0.7050279721338475,Magelang_Salam
Magelang,Salaman,0.7377218250669977,Magelang_Salaman
Magelang,Sawangan,0.5732114666345696,Magelang_Sawangan
Magelang,Secang,0.5198379022778492,Magelang_Secang
Magelang,Srumbung,0.635923546839959,Magelang_Srumbung
Magelang,Tegalrejo,0.5264784027829527,Magelang_Tegalrejo
Magelang,Tempuran,0.7561938865932551,Magelang_Tempuran
Magelang,Windusari,0.6705284818535124,Magelang_Windusari
Magetan,Barat,0.9780882294261408,Magetan_Barat
Magetan,Bendo,0.7667593939855213,Magetan_Bendo
Magetan,Karangrejo,0.9695843244372968,Magetan_Karangrejo
Magetan,Karas,0.8610581802321785,Magetan_Karas
Magetan,Kartoharjo,0.9641889514534064,Magetan_Kartoharjo
Magetan,Kawedanan,0.7488535525857952,Magetan_Kawedanan
Magetan,Lembeyan,0.9028112184037012,Magetan_Lembeyan
Magetan,Magetan,0.3718686579337466,Magetan_Magetan
Magetan,Maospati,0.9866538032444252,Magetan_Maospati
Magetan,Ngariboyo,0.3588401259011945,Magetan_Ngariboyo
Magetan,Nguntoronadi,0.7491143744789426,Magetan_Nguntoronadi
Magetan,Panekan,0.645758167704956,Magetan_Panekan
Magetan,Parang,0.5639245769481851,Magetan_Parang
Magetan,Plaosan,0.6403743116591956,Magetan_Plaosan
Magetan,Poncol,0.435125067317619,Magetan_Poncol
Magetan,Sidorejo,0.6811381317675785,Magetan_Sidorejo
Magetan,Sukomoro,0.36664345095965983,Magetan_Sukomoro
Magetan,Takeran,0.7710555576465405,Magetan_Takeran
Majalengka,Argapura,0.7905884697331627,Majalengka_Argapura
Majalengka,Banjaran,0.8535699832462531,Majalengka_Banjaran
Majalengka,Bantarujeg,0.9345274401439855,Majalengka_Bantarujeg
Majalengka,Cigasong,0.8932002682416019,Majalengka_Cigasong
Majalengka,Cikijing,0.9607088587970781,Majalengka_Cikijing
Majalengka,Cingambul,0.9315978958673138,Majalengka_Cingambul
Majalengka,Dawuan,0.7534434843239239,Majalengka_Dawuan
Majalengka,Jatitujuh,0.8568587494610375,Majalengka_Jatitujuh
Majalengka,Jatiwangi,0.7157207325821952,Majalengka_Jatiwangi
Majalengka,Kadipaten,0.9288855256816512,Majalengka_Kadipaten
Majalengka,Kasokandel,0.7936952435415864,Majalengka_Kasokandel
Majalengka,Kertajati,0.8951259231359512,Majalengka_Kertajati
Majalengka,Lemahsugih,0.8915829183189211,Majalengka_Lemahsugih
Majalengka,Leuwimunding,0.7015737997497379,Majalengka_Leuwimunding
Majalengka,Ligung,0.9123516593292004,Majalengka_Ligung
Majalengka,Maja,0.9272535459832667,Majalengka_Maja
Majalengka,Majalengka,0.9008009838093616,Majalengka_Majalengka
Majalengka,Malausma,0.8596063074949375,Majalengka_Malausma
Majalengka,Palasah,0.6832535769610059,Majalengka_Palasah
Majalengka,Panyingkiran,0.9061415047509486,Majalengka_Panyingkiran
Majalengka,Rajagaluh,0.8202682502327131,Majalengka_Rajagaluh
Majalengka,Sindang,0.8321461585687702,Majalengka_Sindang
Majalengka,Sindangwangi,0.8148855271858718,Majalengka_Sindangwangi
Majalengka,Sukahaji,0.8807490331451778,Majalengka_Sukahaji
Majalengka,Sumberjaya,0.8600383811257133,Majalengka_Sumberjaya
Majalengka,Talaga,0.9002704493494389,Majalengka_Talaga
Malang,Ampelgading,0.3847682635310919,Malang_Ampelgading
Malang,Bantur,0.7764458928521315,Malang_Bantur
Malang,Bululawang,0.6406383889125192,Malang_Bululawang
Malang,Dampit,0.6003993486775683,Malang_Dampit
Malang,Dau,0.45296253051108254,Malang_Dau
Malang,Donomulyo,,Malang_Donomulyo
Malang,Gedangan,0.4619523801045511,Malang_Gedangan
Malang,Gondanglegi,0.6469400652051015,Malang_Gondanglegi
Malang,Jabung,0.7961050531532343,Malang_Jabung
Malang,Kalipare,0.6132217930502086,Malang_Kalipare
Malang,Karangploso,0.7572001556371086,Malang_Karangploso
Malang,Kasembon,0.9000157907442897,Malang_Kasembon
Malang,Kepanjen,0.5788470769926194,Malang_Kepanjen
Malang,Kromengan,0.52721941888072,Malang_Kromengan
Malang,Lawang,0.5078740042262532,Malang_Lawang
Malang,Ngajum,0.46257616876938007,Malang_Ngajum
Malang,Ngantang,0.8934188204979331,Malang_Ngantang
Malang,Pagak,0.5469705386359952,Malang_Pagak
Malang,Pagelaran,0.6505350957948006,Malang_Pagelaran
Malang,Pakis,0.9046923962059675,Malang_Pakis
Malang,Pakisaji,0.5757044926119094,Malang_Pakisaji
Malang,Poncokusumo,0.8841499284962173,Malang_Poncokusumo
Malang,Pujon,0.6929557255640079,Malang_Pujon
Malang,Singosari,0.6256368509302892,Malang_Singosari
Malang,Sumbermanjing Wetan,0.6736057450203249,Malang_Sumbermanjing Wetan
Malang,Sumberpucung,0.5576236626357339,Malang_Sumberpucung
Malang,Tajinan,0.6102032683137635,Malang_Tajinan
Malang,Tirtoyudo,0.30815366764639707,Malang_Tirtoyudo
Malang,Tumpang,0.6208947455121919,Malang_Tumpang
Malang,Turen,0.6433263133550321,Malang_Turen
Malang,Wagir,0.4595804089831335,Malang_Wagir
Malang,Wajak,0.5156665354166412,Malang_Wajak
Malang,Wonosari,0.46875943532432357,Malang_Wonosari
Mojokerto,Bangsal,0.563596979531902,Mojokerto_Bangsal
Mojokerto,Dawarblandong,0.8015735146447639,Mojokerto_Dawarblandong
Mojokerto,Dlanggu,0.5262873884106788,Mojokerto_Dlanggu
Mojokerto,Gedeg,0.8050964689990994,Mojokerto_Gedeg
Mojokerto,Gondang,0.3461814411978773,Mojokerto_Gondang
Mojokerto,Jatirejo,0.37841953493582153,Mojokerto_Jatirejo
Mojokerto,Jetis,0.9216660737235135,Mojokerto_Jetis
Mojokerto,Kemlagi,0.8626168808466986,Mojokerto_Kemlagi
Mojokerto,Kutorejo,0.7456669691125464,Mojokerto_Kutorejo
Mojokerto,Mojoanyar,0.9153042085556921,Mojokerto_Mojoanyar
Mojokerto,Mojosari,0.9055122261431501,Mojokerto_Mojosari
Mojokerto,Ngoro,0.6059472156323363,Mojokerto_Ngoro
Mojokerto,Pacet,0.65310622277314,Mojokerto_Pacet
Mojokerto,Pungging,0.8617105835530261,Mojokerto_Pungging
Mojokerto,Puri,0.5498661532775019,Mojokerto_Puri
Mojokerto,Sooko,0.5577863209477962,Mojokerto_Sooko
Mojokerto,Trawas,0.6411609086807811,Mojokerto_Trawas
Mojokerto,Trowulan,0.5849347267716254,Mojokerto_Trowulan
Nan,Nan,,Nan_Nan
Nganjuk,Bagor,0.8150805415368865,Nganjuk_Bagor
Nganjuk,Baron,0.775898369383502,Nganjuk_Baron
Nganjuk,Berbek,0.6330675214763273,Nganjuk_Berbek
Nganjuk,Gondang,0.6549064161687465,Nganjuk_Gondang
Nganjuk,Jatikalen,0.6899337014192031,Nganjuk_Jatikalen
Nganjuk,Kertosono,0.7001061029606345,Nganjuk_Kertosono
Nganjuk,Lengkong,0.8475936653986312,Nganjuk_Lengkong
Nganjuk,Loceret,0.6023182138902416,Nganjuk_Loceret
Nganjuk,Nganjuk,0.5899976713193726,Nganjuk_Nganjuk
Nganjuk,Ngetos,0.5689179747394137,Nganjuk_Ngetos
Nganjuk,Ngluyu,0.8657335561003363,Nganjuk_Ngluyu
Nganjuk,Ngronggot,0.6800772997611529,Nganjuk_Ngronggot
Nganjuk,Pace,0.7067133519612885,Nganjuk_Pace
Nganjuk,Patianrowo,0.7158304073928663,Nganjuk_Patianrowo
Nganjuk,Prambon,0.5516080471055707,Nganjuk_Prambon
Nganjuk,Rejoso,0.9558793455359454,Nganjuk_Rejoso
Nganjuk,Sawahan,0.5893585610542164,Nganjuk_Sawahan
Nganjuk,Sukomoro,0.5800432994733395,Nganjuk_Sukomoro
Nganjuk,Tanjunganom,0.6095446316572902,Nganjuk_Tanjunganom
Nganjuk,Wilangan,0.6776562849699732,Nganjuk_Wilangan
Ngawi,Bringin,0.6598903974594073,Ngawi_Bringin
Ngawi,Geneng,0.8336191510131853,Ngawi_Geneng
Ngawi,Gerih,0.8620141525521258,Ngawi_Gerih
Ngawi,Jogorogo,0.5736229700011094,Ngawi_Jogorogo
Ngawi,Karanganyar,0.6501552285030427,Ngawi_Karanganyar
Ngawi,Karangjati,0.769864095962673,Ngawi_Karangjati
Ngawi,Kasreman,0.593249552212256,Ngawi_Kasreman
Ngawi,Kedunggalar,0.7223007859215932,Ngawi_Kedunggalar
Ngawi,Kendal,0.5576710265457585,Ngawi_Kendal
Ngawi,Kwadungan,0.9212076853446183,Ngawi_Kwadungan
Ngawi,Mantingan,0.9357384299163193,Ngawi_Mantingan
Ngawi,Ngawi,0.8287396646050056,Ngawi_Ngawi
Ngawi,Ngrambe,0.6225188650007805,Ngawi_Ngrambe
Ngawi,Padas,0.7219201657210484,Ngawi_Padas
Ngawi,Pangkur,0.8158721187432074,Ngawi_Pangkur
Ngawi,Paron,0.7121365713459828,Ngawi_Paron
Ngawi,Pitu,0.7593027191638787,Ngawi_Pitu
Ngawi,Sine,0.5713875992592595,Ngawi_Sine
Ngawi,Widodaren,0.7677139408647282,Ngawi_Widodaren
Pacitan,Arjosari,0.3435697843638457,Pacitan_Arjosari
Pacitan,Bandar,0.4327707399077662,Pacitan_Bandar
Pacitan,Donorojo,0.41882856386569156,Pacitan_Donorojo
Pacitan,Kebonagung,0.5068812705775991,Pacitan_Kebonagung
Pacitan,Nawangan,0.2469466746219565,Pacitan_Nawangan
Pacitan,Ngadirojo,0.48210412648556106,Pacitan_Ngadirojo
Pacitan,Pacitan,0.3013505098709035,Pacitan_Pacitan
Pacitan,Pringkuku,0.7243967045344246,Pacitan_Pringkuku
Pacitan,Punung,0.7214881351427074,Pacitan_Punung
Pacitan,Sudimoro,0.49608692444546054,Pacitan_Sudimoro
Pacitan,Tegalombo,0.3349644594760403,Pacitan_Tegalombo
Pacitan,Tulakan,0.3269643975962768,Pacitan_Tulakan
Pamekasan,Batumarmar,0.5013809198883481,Pamekasan_Batumarmar
Pamekasan,Galis,0.46108373741426684,Pamekasan_Galis
Pamekasan,Kadur,0.5418638365070384,Pamekasan_Kadur
Pamekasan,Larangan,0.4135002150244202,Pamekasan_Larangan
Pamekasan,Pademawu,0.4422049077859969,Pamekasan_Pademawu
Pamekasan,Pakong,0.568530343166253,Pamekasan_Pakong
Pamekasan,Palengaan,0.5406456977309472,Pamekasan_Palengaan
Pamekasan,Pamekasan,0.43118299136014726,Pamekasan_Pamekasan
Pamekasan,Pasean,0.6635267059834291,Pamekasan_Pasean
Pamekasan,Pegantenan,0.5085417849371201,Pamekasan_Pegantenan
Pamekasan,Proppo,0.4289462711891551,Pamekasan_Proppo
Pamekasan,Tlanakan,0.41362145878302076,Pamekasan_Tlanakan
Pamekasan,Waru,0.6372836760167183,Pamekasan_Waru
Pandeglang,Angsana,0.9304757049589277,Pandeglang_Angsana
Pandeglang,Banjar,0.6246509081763344,Pandeglang_Banjar
Pandeglang,Bojong,0.8300123759641989,Pandeglang_Bojong
Pandeglang,Cadasari,0.5134455894244644,Pandeglang_Cadasari
Pandeglang,Carita,0.5176258626708784,Pandeglang_Carita
Pandeglang,Cibaliung,0.9563976461065701,Pandeglang_Cibaliung
Pandeglang,Cibitung,0.9607239314961085,Pandeglang_Cibitung
Pandeglang,Cigeulis,0.8013318678265269,Pandeglang_Cigeulis
Pandeglang,Cikedal,0.7451108257771264,Pandeglang_Cikedal
Pandeglang,Cikeusik,0.9322708813397736,Pandeglang_Cikeusik
Pandeglang,Cimanggu,0.9562308617126409,Pandeglang_Cimanggu
Pandeglang,Cimanuk,0.6007456295555659,Pandeglang_Cimanuk
Pandeglang,Cipeucang,0.5298272381480013,Pandeglang_Cipeucang
Pandeglang,Cisata,0.8100276513292223,Pandeglang_Cisata
Pandeglang,Jiput,0.6888009136835327,Pandeglang_Jiput
Pandeglang,Kaduhejo,0.513213805497539,Pandeglang_Kaduhejo
Pandeglang,Karang Tanjung,0.5147507144479627,Pandeglang_Karang Tanjung
Pandeglang,Koroncong,0.5443844300318367,Pandeglang_Koroncong
Pandeglang,Labuan,0.7736382543067228,Pandeglang_Labuan
Pandeglang,Majasari,0.5248651631330897,Pandeglang_Majasari
Pandeglang,Mandalawangi,0.8033869928401884,Pandeglang_Mandalawangi
Pandeglang,Mekarjaya,0.554337633450511,Pandeglang_Mekarjaya
Pandeglang,Menes,0.5594433778378827,Pandeglang_Menes
Pandeglang,Munjul,0.8938265385765928,Pandeglang_Munjul
Pandeglang,Pagelaran,0.8697696289737011,Pandeglang_Pagelaran
Pandeglang,Pandeglang,0.6069935977673592,Pandeglang_Pandeglang
Pandeglang,Panimbang,0.8694279347786287,Pandeglang_Panimbang
Pandeglang,Patia,0.7915205451268121,Pandeglang_Patia
Pandeglang,Picung,0.8592635964798244,Pandeglang_Picung
Pandeglang,Pulosari,0.46020062171886633,Pandeglang_Pulosari
Pandeglang,Saketi,0.8112135973227913,Pandeglang_Saketi
Pandeglang,Sindangresmi,0.8406376505928164,Pandeglang_Sindangresmi
Pandeglang,Sobang,0.9438654363663765,Pandeglang_Sobang
Pandeglang,Sukaresmi,0.7954489964317893,Pandeglang_Sukaresmi
Pandeglang,Sumur,0.5205601221057491,Pandeglang_Sumur
Pangandaran,Cigugur,0.7947261686739783,Pangandaran_Cigugur
Pangandaran,Cijulang,0.8845035038651125,Pangandaran_Cijulang
Pangandaran,Cimerak,0.860838566226091,Pangandaran_Cimerak
Pangandaran,Kalipucang,0.7949950540670525,Pangandaran_Kalipucang
Pangandaran,Langkaplancar,0.7398312609770226,Pangandaran_Langkaplancar
Pangandaran,Mangunjaya,0.6264475710095031,Pangandaran_Mangunjaya
Pangandaran,Padaherang,0.7225069694816834,Pangandaran_Padaherang
Pangandaran,Pangandaran,0.68706338742125,Pangandaran_Pangandaran
Pangandaran,Parigi,0.9599918224074097,Pangandaran_Parigi
Pangandaran,Sidamulih,0.9192876649666081,Pangandaran_Sidamulih
Pasuruan,Bangil,,Pasuruan_Bangil
Pasuruan,Beji,,Pasuruan_Beji
Pasuruan,Gempol,0.6697341011186171,Pasuruan_Gempol
Pasuruan,Gondangwetan,,Pasuruan_Gondangwetan
Pasuruan,Grati,0.43119328087249054,Pasuruan_Grati
Pasuruan,Kejayan,,Pasuruan_Kejayan
Pasuruan,Kraton,,Pasuruan_Kraton
Pasuruan,Lekok,,Pasuruan_Lekok
Pasuruan,Lumbang,0.23973431174732984,Pasuruan_Lumbang
Pasuruan,Nguling,0.4195152555636796,Pasuruan_Nguling
Pasuruan,Pandaan,0.609876674981387,Pasuruan_Pandaan
Pasuruan,Pasrepan,0.529729861585278,Pasuruan_Pasrepan
Pasuruan,Pohjentrek,,Pasuruan_Pohjentrek
Pasuruan,Prigen,0.5593721586435894,Pasuruan_Prigen
Pasuruan,Purwodadi,0.47743583386722316,Pasuruan_Purwodadi
Pasuruan,Purwosari,0.3168474420804667,Pasuruan_Purwosari
Pasuruan,Puspo,0.4808945823184187,Pasuruan_Puspo
Pasuruan,Rejoso,,Pasuruan_Rejoso
Pasuruan,Rembang,,Pasuruan_Rembang
Pasuruan,Sukorejo,0.6039126059559413,Pasuruan_Sukorejo
Pasuruan,Tosari,0.254760883844963,Pasuruan_Tosari
Pasuruan,Tutur,0.505016690283477,Pasuruan_Tutur
Pasuruan,Winongan,0.774878389258991,Pasuruan_Winongan
Pasuruan,Wonorejo,,Pasuruan_Wonorejo
Pati,Batangan,0.38832411430514213,Pati_Batangan
Pati,Cluwak,0.38374539730265506,Pati_Cluwak
Pati,Dukuhseti,0.7771905386199449,Pati_Dukuhseti
Pati,Gabus,0.8962950206429366,Pati_Gabus
Pati,Gembong,0.6522829208934826,Pati_Gembong
Pati,Gunungwungkal,0.36621131792514006,Pati_Gunungwungkal
Pati,Jaken,0.3518178394847178,Pati_Jaken
Pati,Jakenan,0.345770646381049,Pati_Jakenan
Pati,Juwana,0.3905335053581328,Pati_Juwana
Pati,Kayen,0.9005225028204228,Pati_Kayen
Pati,Margorejo,0.8574925726190716,Pati_Margorejo
Pati,Margoyoso,0.47528384747010377,Pati_Margoyoso
Pati,Pati,0.39454013769818486,Pati_Pati
Pati,Pucakwangi,0.28390988780277626,Pati_Pucakwangi
Pati,Sukolilo,0.4219007729166364,Pati_Sukolilo
Pati,Tambakromo,0.8875585501399801,Pati_Tambakromo
Pati,Tayu,0.5496650729872931,Pati_Tayu
Pati,Tlogowungu,0.6354788551258244,Pati_Tlogowungu
Pati,Trangkil,0.510020959678564,Pati_Trangkil
Pati,Wedarijaksa,0.5235982983228709,Pati_Wedarijaksa
Pati,Winong,0.8934632475097096,Pati_Winong
Pekalongan,Bojong,0.9409515270065789,Pekalongan_Bojong
Pekalongan,Buaran,0.9627747412056925,Pekalongan_Buaran
Pekalongan,Doro,0.6749049809215398,Pekalongan_Doro
Pekalongan,Kajen,0.8791660757451359,Pekalongan_Kajen
Pekalongan,Kandangserang,0.6332965833993428,Pekalongan_Kandangserang
Pekalongan,Karanganyar,0.7071553855439686,Pekalongan_Karanganyar
Pekalongan,Karangdadap,0.9528721323278015,Pekalongan_Karangdadap
Pekalongan,Kedungwuni,0.9587644215196279,Pekalongan_Kedungwuni
Pekalongan,Kesesi,0.9176344224879995,Pekalongan_Kesesi
Pekalongan,Lebakbarang,0.4134301096846759,Pekalongan_Lebakbarang
Pekalongan,Paninggaran,0.6170684046631318,Pekalongan_Paninggaran
Pekalongan,Petungkriyono,0.6338368969540241,Pekalongan_Petungkriyono
Pekalongan,Siwalan,0.9941131212948987,Pekalongan_Siwalan
Pekalongan,Sragi,0.9401539187163402,Pekalongan_Sragi
Pekalongan,Talun,0.6790134330194354,Pekalongan_Talun
Pekalongan,Tirto,0.9661133324328115,Pekalongan_Tirto
Pekalongan,Wiradesa,0.9602354697970266,Pekalongan_Wiradesa
Pekalongan,Wonokerto,0.9932247914715062,Pekalongan_Wonokerto
Pekalongan,Wonopringgo,0.9548389907355416,Pekalongan_Wonopringgo
Pemalang,Ampelgading,0.9539888298293516,Pemalang_Ampelgading
Pemalang,Bantarbolang,0.937787095477405,Pemalang_Bantarbolang
Pemalang,Belik,0.8778390579629931,Pemalang_Belik
Pemalang,Bodeh,0.8371972780431248,Pemalang_Bodeh
Pemalang,Comal,0.9946231127309575,Pemalang_Comal
Pemalang,Moga,0.944200713400902,Pemalang_Moga
Pemalang,Pemalang,0.9729359537009976,Pemalang_Pemalang
Pemalang,Petarukan,0.995455735623318,Pemalang_Petarukan
Pemalang,Pulosari,0.924331951671101,Pemalang_Pulosari
Pemalang,Randudongkal,0.9388911186464014,Pemalang_Randudongkal
Pemalang,Taman,0.9652650168196576,Pemalang_Taman
Pemalang,Ulujami,0.9929958600616191,Pemalang_Ulujami
Pemalang,Warungpring,0.9795841510664933,Pemalang_Warungpring
Pemalang,Watukumpul,0.7375740622929015,Pemalang_Watukumpul
Ponorogo,Babadan,0.3984714430853802,Ponorogo_Babadan
Ponorogo,Badegan,0.5112563256550543,Ponorogo_Badegan
Ponorogo,Balong,0.5308484138819265,Ponorogo_Balong
Ponorogo,Bungkal,0.40750721081352353,Ponorogo_Bungkal
Ponorogo,Jambon,0.7000868721556932,Ponorogo_Jambon
Ponorogo,Jenangan,0.3911337232003571,Ponorogo_Jenangan
Ponorogo,Jetis,0.5978264806117586,Ponorogo_Jetis
Ponorogo,Kauman,0.5471713533110804,Ponorogo_Kauman
Ponorogo,Mlarak,0.48117431609910083,Ponorogo_Mlarak
Ponorogo,Ngebel,0.2280242391517027,Ponorogo_Ngebel
Ponorogo,Ngrayun,0.38497279795014483,Ponorogo_Ngrayun
Ponorogo,Ponorogo,0.5153994180451454,Ponorogo_Ponorogo
Ponorogo,Pudak,0.2015892567074116,Ponorogo_Pudak
Ponorogo,Pulung,0.2977885580611642,Ponorogo_Pulung
Ponorogo,Sambit,0.4356256066772136,Ponorogo_Sambit
Ponorogo,Sampung,0.5852448210271047,Ponorogo_Sampung
Ponorogo,Sawoo,0.3745665279683953,Ponorogo_Sawoo
Ponorogo,Siman,0.5512647554344942,Ponorogo_Siman
Ponorogo,Slahung,0.42808075633666504,Ponorogo_Slahung
Ponorogo,Sooko,0.4619698811045771,Ponorogo_Sooko
Ponorogo,Sukorejo,0.4271943714640704,Ponorogo_Sukorejo
Probolinggo,Bantaran,0.57932168399206,Probolinggo_Bantaran
Probolinggo,Banyuanyar,0.4170767212282946,Probolinggo_Banyuanyar
Probolinggo,Besuk,0.44495274642520277,Probolinggo_Besuk
Probolinggo,Dringu,0.39552065807605363,Probolinggo_Dringu
Probolinggo,Gading,0.4025033483973363,Probolinggo_Gading
Probolinggo,Gending,0.42756498961063794,Probolinggo_Gending
Probolinggo,Kotaanyar,0.30910857672355363,Probolinggo_Kotaanyar
Probolinggo,Kraksaan,0.4979209401741352,Probolinggo_Kraksaan
Probolinggo,Krejengan,0.6034910982143058,Probolinggo_Krejengan
Probolinggo,Krucil,0.23544048381600863,Probolinggo_Krucil
Probolinggo,Kuripan,0.4183758427569354,Probolinggo_Kuripan
Probolinggo,Leces,0.5491947722344256,Probolinggo_Leces
Probolinggo,Lumbang,0.33212107006413144,Probolinggo_Lumbang
Probolinggo,Maron,0.415097650078568,Probolinggo_Maron
Probolinggo,Paiton,0.3483493601329616,Probolinggo_Paiton
Probolinggo,Pakuniran,0.17517719913783616,Probolinggo_Pakuniran
Probolinggo,Pejarakan,0.4161884734701191,Probolinggo_Pejarakan
Probolinggo,Sukapura,0.4104872436397174,Probolinggo_Sukapura
Probolinggo,Sumber,0.4267589213482739,Probolinggo_Sumber
Probolinggo,Sumberasih,0.3740503645822376,Probolinggo_Sumberasih
Probolinggo,Tegalsiwalan,0.5445146059972565,Probolinggo_Tegalsiwalan
Probolinggo,Tiris,0.31438225766437816,Probolinggo_Tiris
Probolinggo,Tongas,0.44506400113279554,Probolinggo_Tongas
Probolinggo,Wonomerto,0.5953451054193369,Probolinggo_Wonomerto
Purbalingga,Bobotsari,0.5793778605274101,Purbalingga_Bobotsari
Purbalingga,Bojongsari,0.7087210582948587,Purbalingga_Bojongsari
Purbalingga,Bukateja,0.4165576439379473,Purbalingga_Bukateja
Purbalingga,Kaligondang,0.6120081950453442,Purbalingga_Kaligondang
Purbalingga,Kalimanah,0.4104835642279675,Purbalingga_Kalimanah
Purbalingga,Karanganyar,0.8681645970401004,Purbalingga_Karanganyar
Purbalingga,Karangjambu,0.7860348875474531,Purbalingga_Karangjambu
Purbalingga,Karangmoncol,0.8184616423012134,Purbalingga_Karangmoncol
Purbalingga,Karangreja,0.5137458172203139,Purbalingga_Karangreja
Purbalingga,Kejobong,0.36474730713955,Purbalingga_Kejobong
Purbalingga,Kemangkon,0.6939083000566298,Purbalingga_Kemangkon
Purbalingga,Kertanegara,0.8555488064061412,Purbalingga_Kertanegara
Purbalingga,Kutasari,0.5828868104670116,Purbalingga_Kutasari
Purbalingga,Mrebet,0.7289215465644047,Purbalingga_Mrebet
Purbalingga,Padamara,0.7700514799326212,Purbalingga_Padamara
Purbalingga,Pengadegan,0.45706022080693665,Purbalingga_Pengadegan
Purbalingga,Purbalingga,0.8072920209576728,Purbalingga_Purbalingga
Purbalingga,Rembang,0.580216935677166,Purbalingga_Rembang
Purwakarta,Babakancikao,0.993148412445796,Purwakarta_Babakancikao
Purwakarta,Bojong,0.8610218787867261,Purwakarta_Bojong
Purwakarta,Bungursari,0.9913350550679954,Purwakarta_Bungursari
Purwakarta,Campaka,0.935179477183502,Purwakarta_Campaka
Purwakarta,Cibatu,0.9000279615731313,Purwakarta_Cibatu
Purwakarta,Darangdan,0.8185681315379089,Purwakarta_Darangdan
Purwakarta,Jatiluhur,0.9544537734320063,Purwakarta_Jatiluhur
Purwakarta,Kiarapedes,0.8857642045462202,Purwakarta_Kiarapedes
Purwakarta,Maniis,0.8512152741008924,Purwakarta_Maniis
Purwakarta,Pasawahan,0.9539054645042718,Purwakarta_Pasawahan
Purwakarta,Plered,0.9181980970148419,Purwakarta_Plered
Purwakarta,Pondoksalam,0.8341325473382406,Purwakarta_Pondoksalam
Purwakarta,Purwakarta,0.9590530680855419,Purwakarta_Purwakarta
Purwakarta,Sukasari,0.9741622906921197,Purwakarta_Sukasari
Purwakarta,Sukatani,0.9584679230234358,Purwakarta_Sukatani
Purwakarta,Tegalwaru,0.8979466757355854,Purwakarta_Tegalwaru
Purwakarta,Wanayasa,0.8775148109295345,Purwakarta_Wanayasa
Purworejo,Bagelen,0.37371060634983194,Purworejo_Bagelen
Purworejo,Banyuurip,0.39117445450343863,Purworejo_Banyuurip
Purworejo,Bayan,0.39050206703297335,Purworejo_Bayan
Purworejo,Bener,0.5546211844710508,Purworejo_Bener
Purworejo,Bruno,0.5084465231617508,Purworejo_Bruno
Purworejo,Butuh,0.5694286191469657,Purworejo_Butuh
Purworejo,Gebang,0.45016590441582655,Purworejo_Gebang
Purworejo,Grabag,0.5131593995202551,Purworejo_Grabag
Purworejo,Kaligesing,0.305820160053312,Purworejo_Kaligesing
Purworejo,Kemiri,0.4282116437630566,Purworejo_Kemiri
Purworejo,Kutoarjo,0.39356789327062996,Purworejo_Kutoarjo
Purworejo,Loano,0.5648477304920405,Purworejo_Loano
Purworejo,Ngombol,0.46930897824435236,Purworejo_Ngombol
Purworejo,Pituruh,0.7739443171293667,Purworejo_Pituruh
Purworejo,Purwodadi,0.44577512760933785,Purworejo_Purwodadi
Purworejo,Purworejo,0.42131770776016164,Purworejo_Purworejo
Rembang,Bulu,0.5908899582995975,Rembang_Bulu
Rembang,Gunem,0.36635097790765425,Rembang_Gunem
Rembang,Kaliori,0.5540753723973398,Rembang_Kaliori
Rembang,Kragan,0.6416089777351869,Rembang_Kragan
Rembang,Lasem,0.7369748091879307,Rembang_Lasem
Rembang,Pamotan,0.3904964524531462,Rembang_Pamotan
Rembang,Pancur,0.3268097317861336,Rembang_Pancur
Rembang,Rembang,0.5406487202403425,Rembang_Rembang
Rembang,Sale,0.611189271934262,Rembang_Sale
Rembang,Sarang,0.9201870599252112,Rembang_Sarang
Rembang,Sedan,0.5994289679764093,Rembang_Sedan
Rembang,Sluke,0.5850799061165018,Rembang_Sluke
Rembang,Sulang,0.5115787715661677,Rembang_Sulang
Rembang,Sumber,0.3487260324370263,Rembang_Sumber
Sampang,Banyuates,0.21774133379275443,Sampang_Banyuates
Sampang,Camplong,0.37185799591012675,Sampang_Camplong
Sampang,Jrengik,0.24928762530401954,Sampang_Jrengik
Sampang,Karangpenang,0.41942020942479774,Sampang_Karangpenang
Sampang,Kedungdung,0.27412270456252436,Sampang_Kedungdung
Sampang,Ketapang,0.43054869130613027,Sampang_Ketapang
Sampang,Omben,0.3575767212758303,Sampang_Omben
Sampang,Pangarengan,0.2808068840989739,Sampang_Pangarengan
Sampang,Robatal,0.26581141554655224,Sampang_Robatal
Sampang,Sampang,0.41327590438308637,Sampang_Sampang
Sampang,Sokobanah,0.5047868817197599,Sampang_Sokobanah
Sampang,Sreseh,0.3820993412184225,Sampang_Sreseh
Sampang,Tambelangan,0.1648598779453707,Sampang_Tambelangan
Sampang,Torjun,0.4007186304171799,Sampang_Torjun
Semarang,Ambarawa,0.7087974671482609,Semarang_Ambarawa
Semarang,Bancak,0.8174974616377553,Semarang_Bancak
Semarang,Bandungan,0.5884056518417538,Semarang_Bandungan
Semarang,Banyubiru,0.6287563294099158,Semarang_Banyubiru
Semarang,Bawen,0.9843032289738635,Semarang_Bawen
Semarang,Bergas,0.6485517170926944,Semarang_Bergas
Semarang,Bringin,0.8037391869796113,Semarang_Bringin
Semarang,Getasan,0.5752956483224536,Semarang_Getasan
Semarang,Jambu,0.5651983225776551,Semarang_Jambu
Semarang,Kaliwungu,0.6562635457114616,Semarang_Kaliwungu
Semarang,Pabelan,0.9419216078322461,Semarang_Pabelan
Semarang,Pringapus,0.7228480301661425,Semarang_Pringapus
Semarang,Sumowono,0.5811048009795998,Semarang_Sumowono
Semarang,Suruh,0.9450597364129265,Semarang_Suruh
Semarang,Susukan,0.41824751550279365,Semarang_Susukan
Semarang,Tengaran,0.3725588648334665,Semarang_Tengaran
Semarang,Tuntang,0.9865147583640416,Semarang_Tuntang
Semarang,Ungaran Barat,0.5951885566415588,Semarang_Ungaran Barat
Semarang,Ungaran Timur,0.6590386573667776,Semarang_Ungaran Timur
Serang,Anyar,0.8683870370040541,Serang_Anyar
Serang,Bandung,0.8254115981430745,Serang_Bandung
Serang,Baros,0.5568560816983386,Serang_Baros
Serang,Binuang,0.8107885849625619,Serang_Binuang
Serang,Bojonegara,0.7310390057538906,Serang_Bojonegara
Serang,Carenang,0.8622154538116696,Serang_Carenang
Serang,Cikande,0.8522212918441195,Serang_Cikande
Serang,Cikeusal,0.626663217425731,Serang_Cikeusal
Serang,Cinangka,0.6427194990071069,Serang_Cinangka
Serang,Ciomas,0.4985725924263535,Serang_Ciomas
Serang,Ciruas,0.7154127015520275,Serang_Ciruas
Serang,Gunungsari,0.9703041352969621,Serang_Gunungsari
Serang,Jawilan,0.8067352138379779,Serang_Jawilan
Serang,Kibin,0.7908678151200151,Serang_Kibin
Serang,Kopo,0.8387627701024615,Serang_Kopo
Serang,Kragilan,0.6772917735493297,Serang_Kragilan
Serang,Kramatwatu,0.692705468543001,Serang_Kramatwatu
Serang,Lebak Wangi,0.8021580645636127,Serang_Lebak Wangi
Serang,Mancak,0.7642261363566594,Serang_Mancak
Serang,Pabuaran,0.9747360102024859,Serang_Pabuaran
Serang,Padarincang,0.8273249634332419,Serang_Padarincang
Serang,Pamarayan,0.809718934962107,Serang_Pamarayan
Serang,Petir,0.6114681711011641,Serang_Petir
Serang,Pontang,0.8553054496289564,Serang_Pontang
Serang,Pulo Ampel,0.6812215499015873,Serang_Pulo Ampel
Serang,Tanara,0.8573606949631423,Serang_Tanara
Serang,Tirtayasa,0.7765952816637209,Serang_Tirtayasa
Serang,Tunjung Teja,0.6969942997453694,Serang_Tunjung Teja
Serang,Waringinkurung,0.8742297025052119,Serang_Waringinkurung
Sidoarjo,Balongbendo,0.730152802445722,Sidoarjo_Balongbendo
Sidoarjo,Buduran,0.5525395452429694,Sidoarjo_Buduran
Sidoarjo,Candi,,Sidoarjo_Candi
Sidoarjo,Gedangan,0.7377850478648909,Sidoarjo_Gedangan
Sidoarjo,Jabon,,Sidoarjo_Jabon
Sidoarjo,Krembung,0.5210236863807919,Sidoarjo_Krembung
Sidoarjo,Krian,0.7535461179679133,Sidoarjo_Krian
Sidoarjo,Porong,,Sidoarjo_Porong
Sidoarjo,Prambon,0.6914408788096997,Sidoarjo_Prambon
Sidoarjo,Sedati,0.9412600713565373,Sidoarjo_Sedati
Sidoarjo,Sidoarjo,,Sidoarjo_Sidoarjo
Sidoarjo,Sukodono,0.5913621272500341,Sidoarjo_Sukodono
Sidoarjo,Taman,,Sidoarjo_Taman
Sidoarjo,Tanggulangin,,Sidoarjo_Tanggulangin
Sidoarjo,Tarik,0.7209043895006633,Sidoarjo_Tarik
Sidoarjo,Tulangan,0.591867314184089,Sidoarjo_Tulangan
Sidoarjo,Waru,0.6307335414158015,Sidoarjo_Waru
Sidoarjo,Wonoayu,0.6102441549600341,Sidoarjo_Wonoayu
Situbondo,Arjasa,0.20568273054020503,Situbondo_Arjasa
Situbondo,Asembagus,0.15267945053942214,Situbondo_Asembagus
Situbondo,Banyuglugur,0.15968654451398126,Situbondo_Banyuglugur
Situbondo,Banyuputih,0.11605108112574421,Situbondo_Banyuputih
Situbondo,Besuki,0.41066169374139383,Situbondo_Besuki
Situbondo,Bungatan,0.49962965598373793,Situbondo_Bungatan
Situbondo,Jangkar,0.46888607063886756,Situbondo_Jangkar
Situbondo,Jatibanteng,0.10671109308475454,Situbondo_Jatibanteng
Situbondo,Kapongan,0.2618008977814586,Situbondo_Kapongan
Situbondo,Kendit,0.2774794492098322,Situbondo_Kendit
Situbondo,Mangaran,0.40966366476836447,Situbondo_Mangaran
Situbondo,Mlandingan,0.2880762231952932,Situbondo_Mlandingan
Situbondo,Panarukan,0.3685359427262317,Situbondo_Panarukan
Situbondo,Panji,0.25900186277209136,Situbondo_Panji
Situbondo,Situbondo,0.40685804285773586,Situbondo_Situbondo
Situbondo,Suboh,0.36530227223567086,Situbondo_Suboh
Situbondo,Sumbermalang,0.10384881245123423,Situbondo_Sumbermalang
Sleman,Berbah,0.5811889902857095,Sleman_Berbah
Sleman,Cangkringan,0.7494846126420267,Sleman_Cangkringan
Sleman,Depok,0.522485537698683,Sleman_Depok
Sleman,Gamping,0.6170945185805511,Sleman_Gamping
Sleman,Godean,0.6296054546214663,Sleman_Godean
Sleman,Kalasan,0.5088153287981404,Sleman_Kalasan
Sleman,Minggir,0.5995095633541988,Sleman_Minggir
Sleman,Mlati,0.6232169486809195,Sleman_Mlati
Sleman,Moyudan,0.735639446755306,Sleman_Moyudan
Sleman,Ngaglik,0.6265374684758218,Sleman_Ngaglik
Sleman,Ngemplak,0.4759821360300398,Sleman_Ngemplak
Sleman,Pakem,0.747641007354082,Sleman_Pakem
Sleman,Prambanan,0.5928005305461036,Sleman_Prambanan
Sleman,Seyegan,0.6133391800160237,Sleman_Seyegan
Sleman,Sleman,0.7068910232338484,Sleman_Sleman
Sleman,Tempel,0.6870698062587144,Sleman_Tempel
Sleman,Turi,0.6691628958015613,Sleman_Turi
Sragen,Gemolong,0.7929642546921378,Sragen_Gemolong
Sragen,Gesi,0.8814095731660972,Sragen_Gesi
Sragen,Gondang,0.9008583262902068,Sragen_Gondang
Sragen,Jenar,0.9121211729410161,Sragen_Jenar
Sragen,Kalijambe,0.7501201346842552,Sragen_Kalijambe
Sragen,Karangmalang,0.8928603352047897,Sragen_Karangmalang
Sragen,Kedawung,0.823269727518514,Sragen_Kedawung
Sragen,Masaran,0.7617566274104066,Sragen_Masaran
Sragen,Miri,0.6904191735142978,Sragen_Miri
Sragen,Mondokan,0.8456959928218737,Sragen_Mondokan
Sragen,Ngrampal,0.9834819437261983,Sragen_Ngrampal
Sragen,Plupuh,0.9021425394528038,Sragen_Plupuh
Sragen,Sambirejo,0.7132851625834091,Sragen_Sambirejo
Sragen,Sambungmacan,0.9332016787664699,Sragen_Sambungmacan
Sragen,Sidoharjo,0.9361181626211172,Sragen_Sidoharjo
Sragen,Sragen,0.9137245574919534,Sragen_Sragen
Sragen,Sukodono,0.8481509656141464,Sragen_Sukodono
Sragen,Sumberlawang,0.6788354106430476,Sragen_Sumberlawang
Sragen,Tangen,0.7095467915091215,Sragen_Tangen
Sragen,Tanon,0.8444442803148285,Sragen_Tanon
Subang,Binong,0.9306360489971967,Subang_Binong
Subang,Blanakan,0.927445601749832,Subang_Blanakan
Subang,Ciasem,0.9214746346890657,Subang_Ciasem
Subang,Ciater,0.5989448705612948,Subang_Ciater
Subang,Cibogo,0.8125110526500258,Subang_Cibogo
Subang,Cijambe,0.7996956508527148,Subang_Cijambe
Subang,Cikaum,0.913014962033148,Subang_Cikaum
Subang,Cipeundeuy,0.9094290519121053,Subang_Cipeundeuy
Subang,Cipunagara,0.9466402119877617,Subang_Cipunagara
Subang,Cisalak,0.8032653471883886,Subang_Cisalak
Subang,Compreng,0.9048376721322378,Subang_Compreng
Subang,Dawuan,0.848357849172661,Subang_Dawuan
Subang,Jalancagak,0.9342791763698236,Subang_Jalancagak
Subang,Kalijati,0.8566166519410027,Subang_Kalijati
Subang,Kasomalang,0.8106149582547253,Subang_Kasomalang
Subang,Legonkulon,0.9105351045090362,Subang_Legonkulon
Subang,Pabuaran,0.9178086680759227,Subang_Pabuaran
Subang,Pagaden,0.9187852537940439,Subang_Pagaden
Subang,Pagaden Barat,0.912512918095608,Subang_Pagaden Barat
Subang,Pamanukan,0.9036346924462983,Subang_Pamanukan
Subang,Patokbeusi,0.9362168004290875,Subang_Patokbeusi
Subang,Purwadadi,0.9269915464492985,Subang_Purwadadi
Subang,Pusakajaya,0.9132072597300608,Subang_Pusakajaya
Subang,Pusakanagara,0.9160837968531677,Subang_Pusakanagara
Subang,Sagalaherang,0.9174972634102779,Subang_Sagalaherang
Subang,Serangpanjang,0.9460872145418642,Subang_Serangpanjang
Subang,Subang,0.9273253531986932,Subang_Subang
Subang,Sukasari,0.9168176926631795,Subang_Sukasari
Subang,Tambakdahan,0.9059273132457628,Subang_Tambakdahan
Subang,Tanjungsiang,0.8902714656744403,Subang_Tanjungsiang
Sukabumi,Bantargadung,0.6422385302503574,Sukabumi_Bantargadung
Sukabumi,Bojonggenteng,0.6292686233286905,Sukabumi_Bojonggenteng
Sukabumi,Caringin,0.6496980888857384,Sukabumi_Caringin
Sukabumi,Ciambar,0.5913078530657888,Sukabumi_Ciambar
Sukabumi,Cibadak,0.6274241502204156,Sukabumi_Cibadak
Sukabumi,Cibitung,0.7437433657101086,Sukabumi_Cibitung
Sukabumi,Cicantayan,0.79088852811382,Sukabumi_Cicantayan
Sukabumi,Cicurug,0.679336421901307,Sukabumi_Cicurug
Sukabumi,Cidadap,0.4819374923416179,Sukabumi_Cidadap
Sukabumi,Cidahu,0.6565465898295344,Sukabumi_Cidahu
Sukabumi,Cidolog,0.5070200305560602,Sukabumi_Cidolog
Sukabumi,Ciemas,0.7902514535947162,Sukabumi_Ciemas
Sukabumi,Cikakak,0.5536125713482146,Sukabumi_Cikakak
Sukabumi,Cikembar,0.6144066387461703,Sukabumi_Cikembar
Sukabumi,Cikidang,0.496527999535562,Sukabumi_Cikidang
Sukabumi,Cimanggu,0.9378999121651647,Sukabumi_Cimanggu
Sukabumi,Ciracap,0.909454367267676,Sukabumi_Ciracap
Sukabumi,Cireunghas,0.5885263362152807,Sukabumi_Cireunghas
Sukabumi,Cisaat,0.8120055959001782,Sukabumi_Cisaat
Sukabumi,Cisolok,0.638990311267892,Sukabumi_Cisolok
Sukabumi,Curugkembar,0.700766923581975,Sukabumi_Curugkembar
Sukabumi,Gegerbitung,0.5623892200686018,Sukabumi_Gegerbitung
Sukabumi,Gunungguruh,0.7807028770566697,Sukabumi_Gunungguruh
Sukabumi,Jampangkulon,0.942320630705068,Sukabumi_Jampangkulon
Sukabumi,Jampangtengah,0.45295591236665905,Sukabumi_Jampangtengah
Sukabumi,Kabandungan,0.6495274278752092,Sukabumi_Kabandungan
Sukabumi,Kadudampit,0.6645576555371505,Sukabumi_Kadudampit
Sukabumi,Kalapanunggal,0.48481509996888905,Sukabumi_Kalapanunggal
Sukabumi,Kalibunder,0.719786529484073,Sukabumi_Kalibunder
Sukabumi,Kebonpedes,0.8582561257482365,Sukabumi_Kebonpedes
Sukabumi,Lengkong,0.7677362840495495,Sukabumi_Lengkong
Sukabumi,Nagrak,0.6590611409930424,Sukabumi_Nagrak
Sukabumi,Nyalindung,0.6541547632898184,Sukabumi_Nyalindung
Sukabumi,Pabuaran,0.5820238430477338,Sukabumi_Pabuaran
Sukabumi,Palabuhanratu,0.7249942838982731,Sukabumi_Palabuhanratu
Sukabumi,Parakansalak,0.644862182584914,Sukabumi_Parakansalak
Sukabumi,Parungkuda,0.7470183177252485,Sukabumi_Parungkuda
Sukabumi,Purabaya,0.7628594794292661,Sukabumi_Purabaya
Sukabumi,Sagaranten,0.5362077361599732,Sukabumi_Sagaranten
Sukabumi,Simpenan,0.7590231308491135,Sukabumi_Simpenan
Sukabumi,Sukabumi,0.6907261558737313,Sukabumi_Sukabumi
Sukabumi,Sukalarang,0.9924077553483552,Sukabumi_Sukalarang
Sukabumi,Sukaraja,0.7600543276417818,Sukabumi_Sukaraja
Sukabumi,Surade,0.8508241993017069,Sukabumi_Surade
Sukabumi,Tegalbuleud,0.7676528839109532,Sukabumi_Tegalbuleud
Sukabumi,Waluran,0.8207397750748945,Sukabumi_Waluran
Sukabumi,Warungkiara,0.5795937565732155,Sukabumi_Warungkiara
Sukoharjo,Baki,0.531956775153414,Sukoharjo_Baki
Sukoharjo,Bendosari,0.7679106818236148,Sukoharjo_Bendosari
Sukoharjo,Bulu,0.4153789951545411,Sukoharjo_Bulu
Sukoharjo,Gatak,0.9507497892238738,Sukoharjo_Gatak
Sukoharjo,Grogol,0.7969764418924365,Sukoharjo_Grogol
Sukoharjo,Kartasura,0.9550224910128569,Sukoharjo_Kartasura
Sukoharjo,Mojolaban,0.6638409963166664,Sukoharjo_Mojolaban
Sukoharjo,Nguter,0.7047447442351886,Sukoharjo_Nguter
Sukoharjo,Polokarto,0.6598227779170268,Sukoharjo_Polokarto
Sukoharjo,Sukoharjo,0.9216400571671781,Sukoharjo_Sukoharjo
Sukoharjo,Tawangsari,0.41709429800045855,Sukoharjo_Tawangsari
Sukoharjo,Weru,0.5310678351843776,Sukoharjo_Weru
Sumedang,Buahdua,0.9203219071564,Sumedang_Buahdua
Sumedang,Cibugel,0.9242235431817212,Sumedang_Cibugel
Sumedang,Cimalaka,0.9119686209414862,Sumedang_Cimalaka
Sumedang,Cimanggung,0.8157899528885825,Sumedang_Cimanggung
Sumedang,Cisarua,0.907992052097831,Sumedang_Cisarua
Sumedang,Cisitu,0.9805443625165869,Sumedang_Cisitu
Sumedang,Conggeang,0.9402418825438091,Sumedang_Conggeang
Sumedang,Darmaraja,0.9398913234991,Sumedang_Darmaraja
Sumedang,Ganeas,0.8734773325244554,Sumedang_Ganeas
Sumedang,Jatigede,0.8140710038937272,Sumedang_Jatigede
Sumedang,Jatinangor,0.8838211750166437,Sumedang_Jatinangor
Sumedang,Jatinunggal,0.8831946617876305,Sumedang_Jatinunggal
Sumedang,Pamulihan,0.6212086449538865,Sumedang_Pamulihan
Sumedang,Paseh,0.9335120440149839,Sumedang_Paseh
Sumedang,Rancakalong,0.6071080550006185,Sumedang_Rancakalong
Sumedang,Situraja,0.9815085631014958,Sumedang_Situraja
Sumedang,Sukasari,0.5614663159993765,Sumedang_Sukasari
Sumedang,Sumedang Selatan,0.7121173745903024,Sumedang_Sumedang Selatan
Sumedang,Sumedang Utara,0.9189049968725324,Sumedang_Sumedang Utara
Sumedang,Surian,0.8000664397427325,Sumedang_Surian
Sumedang,Tanjungkerta,0.8825161307985048,Sumedang_Tanjungkerta
Sumedang,Tanjungmedar,0.8910441200407101,Sumedang_Tanjungmedar
Sumedang,Tanjungsari,0.5842810411205682,Sumedang_Tanjungsari
Sumedang,Tomo,0.8352051602512528,Sumedang_Tomo
Sumedang,Ujungjaya,0.9574216927075665,Sumedang_Ujungjaya
Sumedang,Wado,0.8179926821844419,Sumedang_Wado
Sumenep,Ambunten,0.347889438972878,Sumenep_Ambunten
Sumenep,Arjasa,,Sumenep_Arjasa
Sumenep,Batang Batang,0.9302267142349246,Sumenep_Batang Batang
Sumenep,Batuan,0.3986694875339377,Sumenep_Batuan
Sumenep,Batuputih,0.5574554034294418,Sumenep_Batuputih
Sumenep,Bluto,0.33800615558533037,Sumenep_Bluto
Sumenep,Dasuk,0.7146837957741414,Sumenep_Dasuk
Sumenep,Dungkek,0.9393325140642418,Sumenep_Dungkek
Sumenep,Ganding,0.3164942906625915,Sumenep_Ganding
Sumenep,Gapura,0.3097528145383652,Sumenep_Gapura
Sumenep,Gayam,0.230554121086034,Sumenep_Gayam
Sumenep,Giliginting,0.4760441084018004,Sumenep_Giliginting
Sumenep,Guluk-Guluk,0.6166571182199415,Sumenep_Guluk-Guluk
Sumenep,Kalianget,0.42681823288957704,Sumenep_Kalianget
Sumenep,Kangayan,,Sumenep_Kangayan
Sumenep,Kota Sumenep,0.39968236248400063,Sumenep_Kota Sumenep
Sumenep,Lenteng,0.32539047093152124,Sumenep_Lenteng
Sumenep,Manding,0.7297858933155648,Sumenep_Manding
Sumenep,Masalembu,,Sumenep_Masalembu
Sumenep,Nonggunong,0.2374391812697494,Sumenep_Nonggunong
Sumenep,Pasongsongan,0.4296627361893608,Sumenep_Pasongsongan
Sumenep,Pragaan,0.6069225475884382,Sumenep_Pragaan
Sumenep,Ra'As,0.14546065310750728,Sumenep_Ra'As
Sumenep,Rubaru,0.3238491093073885,Sumenep_Rubaru
Sumenep,Sapeken,,Sumenep_Sapeken
Sumenep,Saronggi,0.34567317730677105,Sumenep_Saronggi
Sumenep,Talango,0.23279876734375046,Sumenep_Talango
Tangerang,Balaraja,0.8685552298051425,Tangerang_Balaraja
Tangerang,Cikupa,0.9670018202149941,Tangerang_Cikupa
Tangerang,Cisauk,0.9043554145618004,Tangerang_Cisauk
Tangerang,Cisoka,0.8649348102565686,Tangerang_Cisoka
Tangerang,Curug,0.9666122647583848,Tangerang_Curug
Tangerang,Gunung Kaler,0.8243699301552309,Tangerang_Gunung Kaler
Tangerang,Jambe,0.9033718912831362,Tangerang_Jambe
Tangerang,Jayanti,0.8381941374984322,Tangerang_Jayanti
Tangerang,Kelapa Dua,0.990329402453013,Tangerang_Kelapa Dua
Tangerang,Kemiri,0.8002884192041476,Tangerang_Kemiri
Tangerang,Kosambi,0.9327951837747556,Tangerang_Kosambi
Tangerang,Kresek,0.8010166060261871,Tangerang_Kresek
Tangerang,Kronjo,0.8011889541239545,Tangerang_Kronjo
Tangerang,Legok,0.9165402133121651,Tangerang_Legok
Tangerang,Mauk,0.8470595053348859,Tangerang_Mauk
Tangerang,Mekar Baru,0.8306665414389471,Tangerang_Mekar Baru
Tangerang,Pagedangan,0.9881053779114436,Tangerang_Pagedangan
Tangerang,Pakuhaji,0.9152862068063825,Tangerang_Pakuhaji
Tangerang,Panongan,0.9638230445521555,Tangerang_Panongan
Tangerang,Pasar Kemis,0.8817059540404029,Tangerang_Pasar Kemis
Tangerang,Rajeg,0.8762622513336444,Tangerang_Rajeg
Tangerang,Sepatan,0.9285236956598083,Tangerang_Sepatan
Tangerang,Sepatan Timur,0.973816610504835,Tangerang_Sepatan Timur
Tangerang,Sindang Jaya,0.8117255331783336,Tangerang_Sindang Jaya
Tangerang,Solear,0.9064666509006515,Tangerang_Solear
Tangerang,Sukadiri,0.837353001674161,Tangerang_Sukadiri
Tangerang,Sukamulya,0.7948944072117929,Tangerang_Sukamulya
Tangerang,Teluknaga,0.9436505116520666,Tangerang_Teluknaga
Tangerang,Tigaraksa,0.8641273683824238,Tangerang_Tigaraksa
Tasikmalaya,Bantarkalong,0.7325627594469363,Tasikmalaya_Bantarkalong
Tasikmalaya,Bojongasih,0.7813737296723057,Tasikmalaya_Bojongasih
Tasikmalaya,Bojonggambir,0.8978396546122843,Tasikmalaya_Bojonggambir
Tasikmalaya,Ciawi,0.7927099602344395,Tasikmalaya_Ciawi
Tasikmalaya,Cibalong,0.7876030950722545,Tasikmalaya_Cibalong
Tasikmalaya,Cigalontang,0.5486730765306703,Tasikmalaya_Cigalontang
Tasikmalaya,Cikalong,0.8665785108616714,Tasikmalaya_Cikalong
Tasikmalaya,Cikatomas,0.8063995745978485,Tasikmalaya_Cikatomas
Tasikmalaya,Cineam,0.9444389746048956,Tasikmalaya_Cineam
Tasikmalaya,Cipatujah,0.625421901265181,Tasikmalaya_Cipatujah
Tasikmalaya,Cisayong,0.5486847886750886,Tasikmalaya_Cisayong
Tasikmalaya,Culamega,0.7047109017677738,Tasikmalaya_Culamega
Tasikmalaya,Gunungtanjung,0.9442691713171932,Tasikmalaya_Gunungtanjung
Tasikmalaya,Jamanis,0.8607705777609332,Tasikmalaya_Jamanis
Tasikmalaya,Jatiwaras,0.8113477780045741,Tasikmalaya_Jatiwaras
Tasikmalaya,Kadipaten,0.7869799466371398,Tasikmalaya_Kadipaten
Tasikmalaya,Karangjaya,0.937726618240173,Tasikmalaya_Karangjaya
Tasikmalaya,Karangnunggal,0.6045843516272855,Tasikmalaya_Karangnunggal
Tasikmalaya,Leuwisari,0.615192329862735,Tasikmalaya_Leuwisari
Tasikmalaya,Mangunreja,0.6362836562682772,Tasikmalaya_Mangunreja
Tasikmalaya,Manonjaya,0.8466840194281584,Tasikmalaya_Manonjaya
Tasikmalaya,Padakembang,0.49572890179011647,Tasikmalaya_Padakembang
Tasikmalaya,Pagerageung,0.8382953299110187,Tasikmalaya_Pagerageung
Tasikmalaya,Pancatengah,0.8595292737221402,Tasikmalaya_Pancatengah
Tasikmalaya,Parungponteng,0.6764179908765069,Tasikmalaya_Parungponteng
Tasikmalaya,Puspahiang,0.7778749277858534,Tasikmalaya_Puspahiang
Tasikmalaya,Rajapolah,0.6469074218985585,Tasikmalaya_Rajapolah
Tasikmalaya,Salawu,0.6790595735789576,Tasikmalaya_Salawu
Tasikmalaya,Salopa,0.7736158680787085,Tasikmalaya_Salopa
Tasikmalaya,Sariwangi,0.5611205045247664,Tasikmalaya_Sariwangi
Tasikmalaya,Singaparna,0.5240458130778276,Tasikmalaya_Singaparna
Tasikmalaya,Sodonghilir,0.7893127844085668,Tasikmalaya_Sodonghilir
Tasikmalaya,Sukahening,0.5114688854995529,Tasikmalaya_Sukahening
Tasikmalaya,Sukaraja,0.6945014285698089,Tasikmalaya_Sukaraja
Tasikmalaya,Sukarame,0.5180086444782703,Tasikmalaya_Sukarame
Tasikmalaya,Sukaratu,0.6065936468376535,Tasikmalaya_Sukaratu
Tasikmalaya,Sukaresik,0.8742770501402013,Tasikmalaya_Sukaresik
Tasikmalaya,Tanjungjaya,0.6953646858093284,Tasikmalaya_Tanjungjaya
Tasikmalaya,Taraju,0.7037591555796388,Tasikmalaya_Taraju
Tegal,Adiwerna,0.9684874765700047,Tegal_Adiwerna
Tegal,Balapulang,0.9636991705270337,Tegal_Balapulang
Tegal,Bojong,0.8775270097716922,Tegal_Bojong
Tegal,Bumijawa,0.8762537178138474,Tegal_Bumijawa
Tegal,Dukuhturi,0.9678340899835656,Tegal_Dukuhturi
Tegal,Dukuhwaru,0.9993617298766618,Tegal_Dukuhwaru
Tegal,Jatinegara,0.9804051321460885,Tegal_Jatinegara
Tegal,Kedungbanteng,0.9871308392965417,Tegal_Kedungbanteng
Tegal,Kramat,0.9961675479383072,Tegal_Kramat
Tegal,Lebaksiu,0.967202146695784,Tegal_Lebaksiu
Tegal,Margasari,0.9618515658092115,Tegal_Margasari
Tegal,Pagerbarang,0.9701591559172781,Tegal_Pagerbarang
Tegal,Pangkah,0.9643026555327961,Tegal_Pangkah
Tegal,Slawi,0.971012845239882,Tegal_Slawi
Tegal,Suradadi,0.9897297563825709,Tegal_Suradadi
Tegal,Talang,0.9694795542803705,Tegal_Talang
Tegal,Tarub,0.967524415487362,Tegal_Tarub
Tegal,Warureja,0.9749249512392213,Tegal_Warureja
Temanggung,Bansari,0.6689532097864911,Temanggung_Bansari
Temanggung,Bejen,0.6197174989385702,Temanggung_Bejen
Temanggung,Bulu,0.5466042861311697,Temanggung_Bulu
Temanggung,Candiroto,0.5458858048236238,Temanggung_Candiroto
Temanggung,Gemawang,0.5722963739954435,Temanggung_Gemawang
Temanggung,Jumo,0.7107135391242595,Temanggung_Jumo
Temanggung,Kaloran,0.6070922483263145,Temanggung_Kaloran
Temanggung,Kandangan,0.5918427428289287,Temanggung_Kandangan
Temanggung,Kedu,0.8276378187375256,Temanggung_Kedu
Temanggung,Kledung,0.5196825917415621,Temanggung_Kledung
Temanggung,Kranggan,0.5533256261223146,Temanggung_Kranggan
Temanggung,Ngadirejo,0.6936321244256625,Temanggung_Ngadirejo
Temanggung,Parakan,0.723676125740212,Temanggung_Parakan
Temanggung,Pringsurat,0.5094116401770329,Temanggung_Pringsurat
Temanggung,Selopampang,0.5225900473128642,Temanggung_Selopampang
Temanggung,Temanggung,0.7338492395649001,Temanggung_Temanggung
Temanggung,Tembarak,0.5616843632785216,Temanggung_Tembarak
Temanggung,Tlogomulyo,0.5223771096007578,Temanggung_Tlogomulyo
Temanggung,Tretep,0.5195077859891816,Temanggung_Tretep
Temanggung,Wonoboyo,0.597518475643829,Temanggung_Wonoboyo
Trenggalek,Bendungan,0.29615286838845534,Trenggalek_Bendungan
Trenggalek,Dongko,0.4660191891388345,Trenggalek_Dongko
Trenggalek,Durenan,0.7965752656526425,Trenggalek_Durenan
Trenggalek,Gandusari,0.36931778458876763,Trenggalek_Gandusari
Trenggalek,Kampak,0.21123090930325597,Trenggalek_Kampak
Trenggalek,Karangan,0.4152450069851873,Trenggalek_Karangan
Trenggalek,Munjungan,0.3926924715964888,Trenggalek_Munjungan
Trenggalek,Panggul,0.37376307279216786,Trenggalek_Panggul
Trenggalek,Pogalan,0.6280238429486039,Trenggalek_Pogalan
Trenggalek,Pule,0.5922799554341428,Trenggalek_Pule
Trenggalek,Suruh,0.34840610238860775,Trenggalek_Suruh
Trenggalek,Trenggalek,0.6819193267992858,Trenggalek_Trenggalek
Trenggalek,Tugu,0.3960028824770035,Trenggalek_Tugu
Trenggalek,Watulimo,,Trenggalek_Watulimo
Tuban,Bancar,0.5569938135034612,Tuban_Bancar
Tuban,Bangilan,0.855453122622998,Tuban_Bangilan
Tuban,Grabagan,0.8673100197746493,Tuban_Grabagan
Tuban,Jatirogo,0.6666932631276173,Tuban_Jatirogo
Tuban,Jenu,0.942808975244845,Tuban_Jenu
Tuban,Kenduruan,0.7125528857875747,Tuban_Kenduruan
Tuban,Kerek,0.6689182037354877,Tuban_Kerek
Tuban,Merakurak,0.9494893105417757,Tuban_Merakurak
Tuban,Montong,0.45560789062690205,Tuban_Montong
Tuban,Palang,0.7618894606564044,Tuban_Palang
Tuban,Parengan,0.9091827508261369,Tuban_Parengan
Tuban,Plumpang,0.37041636526040544,Tuban_Plumpang
Tuban,Rengel,0.8484387040436784,Tuban_Rengel
Tuban,Semanding,0.7805549382263236,Tuban_Semanding
Tuban,Senori,0.4112753215238924,Tuban_Senori
Tuban,Singgahan,0.6045202302332205,Tuban_Singgahan
Tuban,Soko,0.8779592975699361,Tuban_Soko
Tuban,Tambakboyo,0.6906844526149964,Tuban_Tambakboyo
Tuban,Tuban,0.8956503692076406,Tuban_Tuban
Tuban,Widang,0.5313407491788795,Tuban_Widang
Tulungagung,Bandung,0.3824500495791887,Tulungagung_Bandung
Tulungagung,Besuki,,Tulungagung_Besuki
Tulungagung,Boyolangu,0.7026578154072128,Tulungagung_Boyolangu
Tulungagung,Campurdarat,0.5390825927154544,Tulungagung_Campurdarat
Tulungagung,Gondang,0.8067325551992641,Tulungagung_Gondang
Tulungagung,Kalidawir,0.7615616346732617,Tulungagung_Kalidawir
Tulungagung,Karangrejo,0.41614875208585295,Tulungagung_Karangrejo
Tulungagung,Kauman,0.9339849698161373,Tulungagung_Kauman
Tulungagung,Kedungwaru,0.6836440001239038,Tulungagung_Kedungwaru
Tulungagung,Nan,,Tulungagung_Nan
Tulungagung,Ngantru,0.6603170354519488,Tulungagung_Ngantru
Tulungagung,Ngunut,0.7634642028616263,Tulungagung_Ngunut
Tulungagung,Pagerwojo,0.3269338441067085,Tulungagung_Pagerwojo
Tulungagung,Pakel,0.609491789980095,Tulungagung_Pakel
Tulungagung,Pucanglaban,0.8468761766468593,Tulungagung_Pucanglaban
Tulungagung,Rejotangan,0.7859151567022244,Tulungagung_Rejotangan
Tulungagung,Sendang,0.26327042905644665,Tulungagung_Sendang
Tulungagung,Sumbergempol,0.725271481763668,Tulungagung_Sumbergempol
Tulungagung,Tanggunggunung,,Tulungagung_Tanggunggunung
Tulungagung,Tulungagung,0.8798426107348786,Tulungagung_Tulungagung
Wonogiri,Baturetno,0.5298983771285103,Wonogiri_Baturetno
Wonogiri,Batuwarno,0.67982967299158,Wonogiri_Batuwarno
Wonogiri,Bulukerto,0.3893461737843882,Wonogiri_Bulukerto
Wonogiri,Eromoko,0.8437644179018611,Wonogiri_Eromoko
Wonogiri,Girimarto,0.7898185780026945,Wonogiri_Girimarto
Wonogiri,Giritontro,0.4531202628065012,Wonogiri_Giritontro
Wonogiri,Giriwoyo,0.6483976132576502,Wonogiri_Giriwoyo
Wonogiri,Jatipurno,0.5319308922391479,Wonogiri_Jatipurno
Wonogiri,Jatiroto,0.32115523202130375,Wonogiri_Jatiroto
Wonogiri,Jatisrono,0.28858418451158563,Wonogiri_Jatisrono
Wonogiri,Karangtengah,0.7293217493207398,Wonogiri_Karangtengah
Wonogiri,Kismantoro,0.5027466988366287,Wonogiri_Kismantoro
Wonogiri,Manyaran,0.457335322027576,Wonogiri_Manyaran
Wonogiri,Ngadirojo,0.48352264083050517,Wonogiri_Ngadirojo
Wonogiri,Nguntoronadi,0.4182906794086615,Wonogiri_Nguntoronadi
Wonogiri,Paranggupito,0.38760864684848156,Wonogiri_Paranggupito
Wonogiri,Pracimantoro,0.493412099235537,Wonogiri_Pracimantoro
Wonogiri,Puhpelem,0.43828594146721545,Wonogiri_Puhpelem
Wonogiri,Purwantoro,0.5065074290181207,Wonogiri_Purwantoro
Wonogiri,Selogiri,0.4118500013951801,Wonogiri_Selogiri
Wonogiri,Sidoharjo,0.460009227043693,Wonogiri_Sidoharjo
Wonogiri,Slogohimo,0.21694232755625178,Wonogiri_Slogohimo
Wonogiri,Tirtomoyo,0.7177050993249983,Wonogiri_Tirtomoyo
Wonogiri,Wonogiri,0.4844417001740091,Wonogiri_Wonogiri
Wonogiri,Wuryantoro,0.5456949952861915,Wonogiri_Wuryantoro
Wonosobo,Garung,0.6330440643002804,Wonosobo_Garung
Wonosobo,Kalibawang,0.49802690637854785,Wonosobo_Kalibawang
Wonosobo,Kalikajar,0.4059486194445414,Wonosobo_Kalikajar
Wonosobo,Kaliwiro,0.31297438621483725,Wonosobo_Kaliwiro
Wonosobo,Kejajar,0.5901618921400378,Wonosobo_Kejajar
Wonosobo,Kepil,0.6069993322494386,Wonosobo_Kepil
Wonosobo,Kertek,0.6616925899842455,Wonosobo_Kertek
Wonosobo,Leksono,0.29403102326938463,Wonosobo_Leksono
Wonosobo,Mojotengah,0.6296641131557589,Wonosobo_Mojotengah
Wonosobo,Sapuran,0.4126685472179118,Wonosobo_Sapuran
Wonosobo,Selomerto,0.43597953867009387,Wonosobo_Selomerto
Wonosobo,Sukoharjo,0.45461394955165846,Wonosobo_Sukoharjo
Wonosobo,Wadaslintang,0.3401865717279431,Wonosobo_Wadaslintang
Wonosobo,Watumalang,0.4292186700508997,Wonosobo_Watumalang
Wonosobo,Wonosobo,0.693928757670884,Wonosobo_Wonosobo
