WADMKK,WADMKC,probability,JOIN_ID
Adm. Kep. Seribu,Kepulauan Seribu Selatan,0.996087989452634,Adm. Kep. Seribu_Kepulauan Seribu Selatan
Adm. Kep. Seribu,Kepulauan Seribu Utara,,Adm. Kep. Seribu_Kepulauan Seribu Utara
Bandung,Arjasari,0.9786512088308292,Bandung_Arjasari
Bandung,Baleendah,0.9900036355364243,Bandung_Baleendah
Bandung,Banjaran,0.9822461440488255,Bandung_Banjaran
Bandung,Bojongsoang,0.9956116726834856,Bandung_Bojongsoang
Bandung,Cangkuang,0.9840327233703954,Bandung_Cangkuang
Bandung,Cicalengka,0.9886856596363416,Bandung_Cicalengka
Bandung,Cikancung,0.9879608427451472,Bandung_Cikancung
Bandung,Cilengkrang,0.9857492614065855,Bandung_Cilengkrang
Bandung,Cileunyi,0.9924624545427352,Bandung_Cileunyi
Bandung,Cimaung,0.9772803592818928,Bandung_Cimaung
Bandung,Cimenyan,0.9857404556013621,Bandung_Cimenyan
Bandung,Ciparay,0.9870533716814446,Bandung_Ciparay
Bandung,Ciwidey,0.9782354099914798,Bandung_Ciwidey
Bandung,Dayeuhkolot,0.995758205731529,Bandung_Dayeuhkolot
Bandung,Ibun,0.9826547562431203,Bandung_Ibun
Bandung,Katapang,0.993814125069386,Bandung_Katapang
Bandung,Kertasari,0.9870161708578634,Bandung_Kertasari
Bandung,Kutawaringin,0.982770044316659,Bandung_Kutawaringin
Bandung,Majalaya,0.9899381997451485,Bandung_Majalaya
Bandung,Margaasih,0.9921925704880306,Bandung_Margaasih
Bandung,Margahayu,0.9947493376298172,Bandung_Margahayu
Bandung,Nagreg,0.9863545600340389,Bandung_Nagreg
Bandung,Pacet,0.978800800844544,Bandung_Pacet
Bandung,Pameungpeuk,0.9927452611577215,Bandung_Pameungpeuk
Bandung,Pangalengan,0.9873193495697551,Bandung_Pangalengan
Bandung,Paseh,0.9840585597468878,Bandung_Paseh
Bandung,Pasirjambu,0.983585480520754,Bandung_Pasirjambu
Bandung,Rancabali,0.9861490594836043,Bandung_Rancabali
Bandung,Rancaekek,0.9950471835490009,Bandung_Rancaekek
Bandung,Solokanjeruk,0.9939697492640344,Bandung_Solokanjeruk
Bandung,Soreang,0.9844995323155408,Bandung_Soreang
Bandung Barat,Batujajar,0.9890165202911941,Bandung Barat_Batujajar
Bandung Barat,Cihampelas,0.9875790336063649,Bandung Barat_Cihampelas
Bandung Barat,Cikalongwetan,0.990888548073002,Bandung Barat_Cikalongwetan
Bandung Barat,Cililin,0.9823515566711,Bandung Barat_Cililin
Bandung Barat,Cipatat,0.9862736468529312,Bandung Barat_Cipatat
Bandung Barat,Cipeundeuy,0.9901890571983167,Bandung Barat_Cipeundeuy
Bandung Barat,Cipongkor,0.9845366892635605,Bandung Barat_Cipongkor
Bandung Barat,Cisarua,0.9868246298723742,Bandung Barat_Cisarua
Bandung Barat,Gununghalu,0.9839071040065748,Bandung Barat_Gununghalu
Bandung Barat,Lembang,0.9869253486334585,Bandung Barat_Lembang
Bandung Barat,Ngamprah,0.9893522983871477,Bandung Barat_Ngamprah
Bandung Barat,Padalarang,0.9897374211110632,Bandung Barat_Padalarang
Bandung Barat,Parongpong,0.9869425345074977,Bandung Barat_Parongpong
Bandung Barat,Rongga,0.9821034475710593,Bandung Barat_Rongga
Bandung Barat,Saguling,0.9890303870843229,Bandung Barat_Saguling
Bandung Barat,Sindangkerta,0.9799837205884241,Bandung Barat_Sindangkerta
Bangkalan,Arosbaya,0.9719999629457496,Bangkalan_Arosbaya
Bangkalan,Bangkalan,0.9800808631925586,Bangkalan_Bangkalan
Bangkalan,Blega,0.9763844521730454,Bangkalan_Blega
Bangkalan,Burneh,0.9790211697257548,Bangkalan_Burneh
Bangkalan,Galis,0.9736625107605573,Bangkalan_Galis
Bangkalan,Geger,0.9716067254686149,Bangkalan_Geger
Bangkalan,Kamal,,Bangkalan_Kamal
Bangkalan,Klampis,0.9718738180227685,Bangkalan_Klampis
Bangkalan,Kokop,0.9631244097679215,Bangkalan_Kokop
Bangkalan,Konang,0.9674298557757506,Bangkalan_Konang
Bangkalan,Kwanyar,0.9873270713716586,Bangkalan_Kwanyar
Bangkalan,Labang,,Bangkalan_Labang
Bangkalan,Modung,0.982353608948614,Bangkalan_Modung
Bangkalan,Sepulu,0.9714452924746754,Bangkalan_Sepulu
Bangkalan,Socah,,Bangkalan_Socah
Bangkalan,Tanah Merah,0.9787590878272461,Bangkalan_Tanah Merah
Bangkalan,Tanjung Bumi,0.971090966285153,Bangkalan_Tanjung Bumi
Bangkalan,Tragah,0.9884369277642164,Bangkalan_Tragah
Banjarnegara,Banjarmangu,0.9950224013347568,Banjarnegara_Banjarmangu
Banjarnegara,Banjarnegara,0.9939663234987758,Banjarnegara_Banjarnegara
Banjarnegara,Batur,0.9952681389093295,Banjarnegara_Batur
Banjarnegara,Bawang,0.9957637542692125,Banjarnegara_Bawang
Banjarnegara,Kalibening,0.9955254723894051,Banjarnegara_Kalibening
Banjarnegara,Karangkobar,0.9951658044111036,Banjarnegara_Karangkobar
Banjarnegara,Madukara,0.9943949412251776,Banjarnegara_Madukara
Banjarnegara,Mandiraja,0.9967943229373291,Banjarnegara_Mandiraja
Banjarnegara,Pagedongan,0.9938815859415379,Banjarnegara_Pagedongan
Banjarnegara,Pagentan,0.9931341141975071,Banjarnegara_Pagentan
Banjarnegara,Pandanarum,0.9962940250265703,Banjarnegara_Pandanarum
Banjarnegara,Pejawaran,0.9953364573270108,Banjarnegara_Pejawaran
Banjarnegara,Punggelan,0.9965930445337298,Banjarnegara_Punggelan
Banjarnegara,Purwanegara,0.9962061430008627,Banjarnegara_Purwanegara
Banjarnegara,Purworeja Klampok,0.9971591415165989,Banjarnegara_Purworeja Klampok
Banjarnegara,Rakit,0.9966540232217285,Banjarnegara_Rakit
Banjarnegara,Sigaluh,0.9929057200785244,Banjarnegara_Sigaluh
Banjarnegara,Susukan,0.9959775926396343,Banjarnegara_Susukan
Banjarnegara,Wanadadi,0.9970894533745298,Banjarnegara_Wanadadi
Banjarnegara,Wanayasa,0.9951055995268945,Banjarnegara_Wanayasa
Bantul,Bambanglipuro,0.9881228615881197,Bantul_Bambanglipuro
Bantul,Banguntapan,0.982948489789123,Bantul_Banguntapan
Bantul,Bantul,0.9848335934278095,Bantul_Bantul
Bantul,Dlingo,0.9797386916761553,Bantul_Dlingo
Bantul,Imogiri,0.983091025017702,Bantul_Imogiri
Bantul,Jetis,0.9892726401418813,Bantul_Jetis
Bantul,Kasihan,0.9860057386853954,Bantul_Kasihan
Bantul,Kretek,0.9829903846082877,Bantul_Kretek
Bantul,Pajangan,0.9847711998048473,Bantul_Pajangan
Bantul,Pandak,0.9941736889159751,Bantul_Pandak
Bantul,Piyungan,0.9736998027786848,Bantul_Piyungan
Bantul,Pleret,0.9764604730979729,Bantul_Pleret
Bantul,Pundong,0.9866951179831802,Bantul_Pundong
Bantul,Sanden,0.9929344739164372,Bantul_Sanden
Bantul,Sedayu,0.9863064215965464,Bantul_Sedayu
Bantul,Sewon,0.9863241083233825,Bantul_Sewon
Bantul,Srandakan,0.9932713066827222,Bantul_Srandakan
Banyumas,Ajibarang,0.9950867323659613,Banyumas_Ajibarang
Banyumas,Banyumas,0.9962941690885678,Banyumas_Banyumas
Banyumas,Baturraden,0.9968401922117938,Banyumas_Baturraden
Banyumas,Cilongok,0.9957821256171722,Banyumas_Cilongok
Banyumas,Gumelar,0.9926514909957023,Banyumas_Gumelar
Banyumas,Jatilawang,0.9959086599296353,Banyumas_Jatilawang
Banyumas,Kalibagor,0.9975679077247243,Banyumas_Kalibagor
Banyumas,Karanglewas,0.9965738232262475,Banyumas_Karanglewas
Banyumas,Kebasen,0.9960290610702153,Banyumas_Kebasen
Banyumas,Kedungbanteng,0.9956094710568327,Banyumas_Kedungbanteng
Banyumas,Kembaran,0.9975918339876442,Banyumas_Kembaran
Banyumas,Kemranjen,0.9969734759050527,Banyumas_Kemranjen
Banyumas,Lumbir,0.9935838335698104,Banyumas_Lumbir
Banyumas,Patikraja,0.9967836728283359,Banyumas_Patikraja
Banyumas,Pekuncen,0.9940146811606841,Banyumas_Pekuncen
Banyumas,Purwojati,0.9962028089216562,Banyumas_Purwojati
Banyumas,Purwokerto Barat,0.99788229072424,Banyumas_Purwokerto Barat
Banyumas,Purwokerto Selatan,0.9977182780702171,Banyumas_Purwokerto Selatan
Banyumas,Purwokerto Timur,0.9979646060171371,Banyumas_Purwokerto Timur
Banyumas,Purwokerto Utara,0.9977906319415402,Banyumas_Purwokerto Utara
Banyumas,Rawalo,0.995794881461386,Banyumas_Rawalo
Banyumas,Sokaraja,0.997567250632703,Banyumas_Sokaraja
Banyumas,Somagede,0.996253936917902,Banyumas_Somagede
Banyumas,Sumbang,0.9973633436783759,Banyumas_Sumbang
Banyumas,Sumpiuh,0.9965075922498156,Banyumas_Sumpiuh
Banyumas,Tambak,0.9968945807560982,Banyumas_Tambak
Banyumas,Wangon,0.9947424437951329,Banyumas_Wangon
Banyuwangi,Bangorejo,0.8924823100842969,Banyuwangi_Bangorejo
Banyuwangi,Banyuwangi,0.9201077449631822,Banyuwangi_Banyuwangi
Banyuwangi,Blimbingsari,0.9135536190706858,Banyuwangi_Blimbingsari
Banyuwangi,Cluring,0.9055546389410515,Banyuwangi_Cluring
Banyuwangi,Gambiran,0.90497552651709,Banyuwangi_Gambiran
Banyuwangi,Genteng,0.9120558793303398,Banyuwangi_Genteng
Banyuwangi,Giri,0.8909397173292563,Banyuwangi_Giri
Banyuwangi,Glagah,0.8947706917706294,Banyuwangi_Glagah
Banyuwangi,Glenmore,0.8892872538068767,Banyuwangi_Glenmore
Banyuwangi,Kabat,0.8991397977937773,Banyuwangi_Kabat
Banyuwangi,Kalibaru,0.9056219363879277,Banyuwangi_Kalibaru
Banyuwangi,Kalipuro,0.852493705236652,Banyuwangi_Kalipuro
Banyuwangi,Licin,0.8507734008090235,Banyuwangi_Licin
Banyuwangi,Muncar,0.8993737279242762,Banyuwangi_Muncar
Banyuwangi,Pesanggaran,0.8753520404045212,Banyuwangi_Pesanggaran
Banyuwangi,Purwoharjo,0.9014490939906906,Banyuwangi_Purwoharjo
Banyuwangi,Rogojampi,0.9107599738203442,Banyuwangi_Rogojampi
Banyuwangi,Sempu,0.9114389306319299,Banyuwangi_Sempu
Banyuwangi,Siliragung,0.8894958448962894,Banyuwangi_Siliragung
Banyuwangi,Singojuruh,0.9092832515318562,Banyuwangi_Singojuruh
Banyuwangi,Songgon,0.8880624635050817,Banyuwangi_Songgon
Banyuwangi,Srono,0.9101732761903285,Banyuwangi_Srono
Banyuwangi,Tegaldlimo,0.8226759563928276,Banyuwangi_Tegaldlimo
Banyuwangi,Tegalsari,0.903134894568597,Banyuwangi_Tegalsari
Banyuwangi,Wongsorejo,0.8727317464715747,Banyuwangi_Wongsorejo
Batang,Bandar,0.9980012373965005,Batang_Bandar
Batang,Banyuputih,0.9983484772697568,Batang_Banyuputih
Batang,Batang,0.9994455136928521,Batang_Batang
Batang,Bawang,0.9941258215076161,Batang_Bawang
Batang,Blado,0.9962898321387391,Batang_Blado
Batang,Gringsing,0.9982743464887021,Batang_Gringsing
Batang,Kandeman,0.9991825488429867,Batang_Kandeman
Batang,Limpung,0.9979513792253324,Batang_Limpung
Batang,Pecalungan,0.9980970725821144,Batang_Pecalungan
Batang,Reban,0.9962719480021087,Batang_Reban
Batang,Subah,0.9988189073564773,Batang_Subah
Batang,Tersono,0.9976397171483583,Batang_Tersono
Batang,Tulis,0.9989330996318933,Batang_Tulis
Batang,Warungasem,0.999404592487435,Batang_Warungasem
Batang,Wonotunggal,0.9980857234458143,Batang_Wonotunggal
Bekasi,Babelan,0.9987626670706159,Bekasi_Babelan
Bekasi,Bojongmangu,0.9966929305303444,Bekasi_Bojongmangu
Bekasi,Cabangbungin,0.9977172977048466,Bekasi_Cabangbungin
Bekasi,Cibarusah,0.9971961780160542,Bekasi_Cibarusah
Bekasi,Cibitung,0.9983990860694785,Bekasi_Cibitung
Bekasi,Cikarang Barat,0.9985641921879708,Bekasi_Cikarang Barat
Bekasi,Cikarang Pusat,0.9978109364523077,Bekasi_Cikarang Pusat
Bekasi,Cikarang Selatan,0.997819655137531,Bekasi_Cikarang Selatan
Bekasi,Cikarang Timur,0.9978484959712485,Bekasi_Cikarang Timur
Bekasi,Cikarang Utara,0.9983907478237601,Bekasi_Cikarang Utara
Bekasi,Karang Bahagia,0.9979974378807609,Bekasi_Karang Bahagia
Bekasi,Kedung Waringin,0.9976444070220667,Bekasi_Kedung Waringin
Bekasi,Muaragembong,0.997981713826147,Bekasi_Muaragembong
Bekasi,Pebayuran,0.9984387872452177,Bekasi_Pebayuran
Bekasi,Serang Baru,0.9977782609689346,Bekasi_Serang Baru
Bekasi,Setu,0.9969716938557358,Bekasi_Setu
Bekasi,Sukakarya,0.998565923584117,Bekasi_Sukakarya
Bekasi,Sukatani,0.998556362541086,Bekasi_Sukatani
Bekasi,Sukawangi,0.9986594174588732,Bekasi_Sukawangi
Bekasi,Tambelang,0.998529795626026,Bekasi_Tambelang
Bekasi,Tambun Selatan,0.9985230265500349,Bekasi_Tambun Selatan
Bekasi,Tambun Utara,0.9987973007717168,Bekasi_Tambun Utara
Bekasi,Tarumajaya,0.9986538661069536,Bekasi_Tarumajaya
Blitar,Bakung,0.9464665583058453,Blitar_Bakung
Blitar,Binangun,,Blitar_Binangun
Blitar,Doko,0.9463867863617472,Blitar_Doko
Blitar,Gandusari,0.9564503672178348,Blitar_Gandusari
Blitar,Garum,0.9617838167707232,Blitar_Garum
Blitar,Kademangan,0.9418786382808999,Blitar_Kademangan
Blitar,Kanigoro,0.9578687475567778,Blitar_Kanigoro
Blitar,Kesamben,0.9346055653794394,Blitar_Kesamben
Blitar,Nan,,Blitar_Nan
Blitar,Nglegok,0.9575178837399488,Blitar_Nglegok
Blitar,Panggungrejo,,Blitar_Panggungrejo
Blitar,Ponggok,0.9620868765459663,Blitar_Ponggok
Blitar,Sanankulon,0.964979571605261,Blitar_Sanankulon
Blitar,Selopuro,0.9485025438178629,Blitar_Selopuro
Blitar,Selorejo,0.9535985361610055,Blitar_Selorejo
Blitar,Srengat,0.9629589561411359,Blitar_Srengat
Blitar,Sutojayan,,Blitar_Sutojayan
Blitar,Talun,0.9672111387724014,Blitar_Talun
Blitar,Udanawu,0.9615263289403477,Blitar_Udanawu
Blitar,Wates,,Blitar_Wates
Blitar,Wlingi,0.9479402394672581,Blitar_Wlingi
Blitar,Wonodadi,0.9627840298031154,Blitar_Wonodadi
Blitar,Wonotirto,,Blitar_Wonotirto
Blora,Banjarejo,0.9521872792771989,Blora_Banjarejo
Blora,Blora,0.9468761811970556,Blora_Blora
Blora,Bogorejo,0.941004511227972,Blora_Bogorejo
Blora,Cepu,0.9586119309084958,Blora_Cepu
Blora,Japah,0.9307761078779263,Blora_Japah
Blora,Jati,0.9633673199801381,Blora_Jati
Blora,Jepon,0.9372447401446342,Blora_Jepon
Blora,Jiken,0.9481164984196204,Blora_Jiken
Blora,Kedungtuban,0.9570990146634221,Blora_Kedungtuban
Blora,Kradenan,0.9628769909713044,Blora_Kradenan
Blora,Kunduran,0.9575667246580684,Blora_Kunduran
Blora,Ngawen,0.9551809328545561,Blora_Ngawen
Blora,Randublatung,0.9625967398873133,Blora_Randublatung
Blora,Sambong,0.9478505672178859,Blora_Sambong
Blora,Todanan,0.9484700905936808,Blora_Todanan
Blora,Tunjungan,0.9362099910063104,Blora_Tunjungan
Bogor,Babakan Madang,0.9944245477275543,Bogor_Babakan Madang
Bogor,Bojong Gede,0.9971453362138856,Bogor_Bojong Gede
Bogor,Caringin,0.9839049357574562,Bogor_Caringin
Bogor,Cariu,0.9914562501002139,Bogor_Cariu
Bogor,Ciampea,0.9966457484274949,Bogor_Ciampea
Bogor,Ciawi,0.9844802763349635,Bogor_Ciawi
Bogor,Cibinong,0.9974471776330791,Bogor_Cibinong
Bogor,Cibungbulang,0.9964810134949499,Bogor_Cibungbulang
Bogor,Cigombong,0.986230585392521,Bogor_Cigombong
Bogor,Cigudeg,0.994867061038572,Bogor_Cigudeg
Bogor,Cijeruk,0.9888414525199548,Bogor_Cijeruk
Bogor,Cileungsi,0.997016195289176,Bogor_Cileungsi
Bogor,Ciomas,0.9959377316382038,Bogor_Ciomas
Bogor,Cisarua,0.98644549283671,Bogor_Cisarua
Bogor,Ciseeng,0.9964094184965206,Bogor_Ciseeng
Bogor,Citeureup,0.9965271158226757,Bogor_Citeureup
Bogor,Dramaga,0.9964595328028039,Bogor_Dramaga
Bogor,Gunung Putri,0.9970754577341844,Bogor_Gunung Putri
Bogor,Gunung Sindur,0.9970734185236252,Bogor_Gunung Sindur
Bogor,Jasinga,0.9959208080498014,Bogor_Jasinga
Bogor,Jonggol,0.9940266310689428,Bogor_Jonggol
Bogor,Kemang,0.9966054398214319,Bogor_Kemang
Bogor,Klapanunggal,0.9961697781139863,Bogor_Klapanunggal
Bogor,Leuwiliang,0.989552686376547,Bogor_Leuwiliang
Bogor,Leuwisadeng,0.9949813953193041,Bogor_Leuwisadeng
Bogor,Megamendung,0.9870215008549265,Bogor_Megamendung
Bogor,Nanggung,0.9878714610853314,Bogor_Nanggung
Bogor,Pamijahan,0.9897091153785502,Bogor_Pamijahan
Bogor,Parung,0.9966361888667423,Bogor_Parung
Bogor,Parung Panjang,0.9960491803544893,Bogor_Parung Panjang
Bogor,Ranca Bungur,0.9962520593733202,Bogor_Ranca Bungur
Bogor,Rumpin,0.9951615051719664,Bogor_Rumpin
Bogor,Sukajaya,0.9901735641554374,Bogor_Sukajaya
Bogor,Sukamakmur,0.9888833742315454,Bogor_Sukamakmur
Bogor,Sukaraja,0.996622932443066,Bogor_Sukaraja
Bogor,Tajurhalang,0.9966588779486324,Bogor_Tajurhalang
Bogor,Tamansari,0.9893708332620417,Bogor_Tamansari
Bogor,Tanjungsari,0.9865106821367378,Bogor_Tanjungsari
Bogor,Tenjo,0.9957376831579797,Bogor_Tenjo
Bogor,Tenjolaya,0.9928317316138064,Bogor_Tenjolaya
Bojonegoro,Balen,0.973892636510512,Bojonegoro_Balen
Bojonegoro,Baureno,0.9737048146249313,Bojonegoro_Baureno
Bojonegoro,Bojonegoro,0.975119630200548,Bojonegoro_Bojonegoro
Bojonegoro,Bubulan,0.978309748051677,Bojonegoro_Bubulan
Bojonegoro,Dander,0.9782027626183725,Bojonegoro_Dander
Bojonegoro,Gayam,0.9703930188765388,Bojonegoro_Gayam
Bojonegoro,Gondang,0.9757164356032995,Bojonegoro_Gondang
Bojonegoro,Kalitidu,0.9660792347794428,Bojonegoro_Kalitidu
Bojonegoro,Kanor,0.9724015363651287,Bojonegoro_Kanor
Bojonegoro,Kapas,0.9736666735801489,Bojonegoro_Kapas
Bojonegoro,Kasiman,0.9587615025134376,Bojonegoro_Kasiman
Bojonegoro,Kedewan,0.9373873858606608,Bojonegoro_Kedewan
Bojonegoro,Kedungadem,0.9849194963978757,Bojonegoro_Kedungadem
Bojonegoro,Kepohbaru,0.9745168280873426,Bojonegoro_Kepohbaru
Bojonegoro,Malo,0.9645966280567702,Bojonegoro_Malo
Bojonegoro,Margomulyo,0.9625976938773344,Bojonegoro_Margomulyo
Bojonegoro,Ngambon,0.9750563558143047,Bojonegoro_Ngambon
Bojonegoro,Ngasem,0.9734990031475393,Bojonegoro_Ngasem
Bojonegoro,Ngraho,0.963557905619365,Bojonegoro_Ngraho
Bojonegoro,Padangan,0.960751221637632,Bojonegoro_Padangan
Bojonegoro,Purwosari,0.9721236579316218,Bojonegoro_Purwosari
Bojonegoro,Sekar,0.9719193063850462,Bojonegoro_Sekar
Bojonegoro,Sugihwaras,0.9794514534238533,Bojonegoro_Sugihwaras
Bojonegoro,Sukosewu,0.9798176699466362,Bojonegoro_Sukosewu
Bojonegoro,Sumberejo,0.9790694795766849,Bojonegoro_Sumberejo
Bojonegoro,Tambakrejo,0.9667920599901695,Bojonegoro_Tambakrejo
Bojonegoro,Temayang,0.978097889345734,Bojonegoro_Temayang
Bojonegoro,Trucuk,0.9730118558866422,Bojonegoro_Trucuk
Bondowoso,Binakal,0.8862565636402068,Bondowoso_Binakal
Bondowoso,Bondowoso,0.9509656790742257,Bondowoso_Bondowoso
Bondowoso,Botolinggo,0.8942344497997494,Bondowoso_Botolinggo
Bondowoso,Cermee,0.8917490462914226,Bondowoso_Cermee
Bondowoso,Curahdami,0.9114949503546242,Bondowoso_Curahdami
Bondowoso,Grujugan,0.8996787779666898,Bondowoso_Grujugan
Bondowoso,Jambesari Darus Sholah,0.9412069866283412,Bondowoso_Jambesari Darus Sholah
Bondowoso,Klabang,0.9081282035407856,Bondowoso_Klabang
Bondowoso,Maesan,0.9274634306119359,Bondowoso_Maesan
Bondowoso,Pakem,0.8754191246993466,Bondowoso_Pakem
Bondowoso,Prajekan,0.9314710792852634,Bondowoso_Prajekan
Bondowoso,Pujer,0.939625337228755,Bondowoso_Pujer
Bondowoso,Sempol,0.9050295340196347,Bondowoso_Sempol
Bondowoso,Sukosari,0.9406141190005175,Bondowoso_Sukosari
Bondowoso,Sumberwringin,0.9282133419766064,Bondowoso_Sumberwringin
Bondowoso,Taman Krocok,0.9058146171719461,Bondowoso_Taman Krocok
Bondowoso,Tamanan,0.9487842827295854,Bondowoso_Tamanan
Bondowoso,Tapen,0.932952200708537,Bondowoso_Tapen
Bondowoso,Tegalampel,0.9128602672414293,Bondowoso_Tegalampel
Bondowoso,Tenggarang,0.9457677549929729,Bondowoso_Tenggarang
Bondowoso,Tlogosari,0.9411649417250814,Bondowoso_Tlogosari
Bondowoso,Wonosari,0.9457512290283222,Bondowoso_Wonosari
Bondowoso,Wringin,0.904474139700449,Bondowoso_Wringin
Boyolali,Ampel,0.9789253547841307,Boyolali_Ampel
Boyolali,Andong,0.972881021025622,Boyolali_Andong
Boyolali,Banyudono,0.9772449509942596,Boyolali_Banyudono
Boyolali,Boyolali,0.9812255265686731,Boyolali_Boyolali
Boyolali,Cepogo,0.9754682354014499,Boyolali_Cepogo
Boyolali,Gladagsari,0.9764556281102144,Boyolali_Gladagsari
Boyolali,Juwangi,0.9652055326037955,Boyolali_Juwangi
Boyolali,Karanggede,0.9719708545348289,Boyolali_Karanggede
Boyolali,Kemusu,0.96894779997572,Boyolali_Kemusu
Boyolali,Klego,0.9689036915355175,Boyolali_Klego
Boyolali,Mojosongo,0.9740182281965188,Boyolali_Mojosongo
Boyolali,Musuk,0.9775674104977199,Boyolali_Musuk
Boyolali,Ngemplak,0.9808037467179977,Boyolali_Ngemplak
Boyolali,Nogosari,0.9794858276877969,Boyolali_Nogosari
Boyolali,Sambi,0.975463568811412,Boyolali_Sambi
Boyolali,Sawit,0.9773052496669533,Boyolali_Sawit
Boyolali,Selo,0.972043478878481,Boyolali_Selo
Boyolali,Simo,0.9755804658398121,Boyolali_Simo
Boyolali,Tamansari,0.9756533177097436,Boyolali_Tamansari
Boyolali,Teras,0.9756400624049393,Boyolali_Teras
Boyolali,Wonosamodro,0.9789278629088674,Boyolali_Wonosamodro
Boyolali,Wonosegoro,0.972964885428819,Boyolali_Wonosegoro
Brebes,Banjarharjo,0.9981461113901001,Brebes_Banjarharjo
Brebes,Bantarkawung,0.9933335549897413,Brebes_Bantarkawung
Brebes,Brebes,0.9994386528263903,Brebes_Brebes
Brebes,Bulakamba,0.9992186883803785,Brebes_Bulakamba
Brebes,Bumiayu,0.995187470193394,Brebes_Bumiayu
Brebes,Jatibarang,0.9990032814765868,Brebes_Jatibarang
Brebes,Kersana,0.9987913492842769,Brebes_Kersana
Brebes,Ketanggungan,0.997451388127869,Brebes_Ketanggungan
Brebes,Larangan,0.9984521957256027,Brebes_Larangan
Brebes,Losari,0.9995368216905027,Brebes_Losari
Brebes,Paguyangan,0.9953530720652175,Brebes_Paguyangan
Brebes,Salem,0.9938769500986118,Brebes_Salem
Brebes,Sirampog,0.9949623198848452,Brebes_Sirampog
Brebes,Songgom,0.9989922985250941,Brebes_Songgom
Brebes,Tanjung,0.9994200244219813,Brebes_Tanjung
Brebes,Tonjong,0.9972579825201842,Brebes_Tonjong
Brebes,Wanasari,0.9993780562140758,Brebes_Wanasari
Ciamis,Banjaranyar,0.9911868671672285,Ciamis_Banjaranyar
Ciamis,Banjarsari,0.9917732598610725,Ciamis_Banjarsari
Ciamis,Baregbeg,0.9917578703543195,Ciamis_Baregbeg
Ciamis,Ciamis,0.9919154257475379,Ciamis_Ciamis
Ciamis,Cidolog,0.9907819462773327,Ciamis_Cidolog
Ciamis,Cihaurbeuti,0.9898633282374734,Ciamis_Cihaurbeuti
Ciamis,Cijeungjing,0.99234389479811,Ciamis_Cijeungjing
Ciamis,Cikoneng,0.9909254614322099,Ciamis_Cikoneng
Ciamis,Cimaragas,0.9911131645990241,Ciamis_Cimaragas
Ciamis,Cipaku,0.9905137925444233,Ciamis_Cipaku
Ciamis,Cisaga,0.9913329101832448,Ciamis_Cisaga
Ciamis,Jatinagara,0.9915916501633514,Ciamis_Jatinagara
Ciamis,Kawali,0.9919079482905103,Ciamis_Kawali
Ciamis,Lakbok,0.9940045949944141,Ciamis_Lakbok
Ciamis,Lumbung,0.993239223026255,Ciamis_Lumbung
Ciamis,Pamarican,0.991185086796389,Ciamis_Pamarican
Ciamis,Panawangan,0.9906545800599401,Ciamis_Panawangan
Ciamis,Panjalu,0.9908930359790998,Ciamis_Panjalu
Ciamis,Panumbangan,0.991155262663345,Ciamis_Panumbangan
Ciamis,Purwadadi,0.9931575127294027,Ciamis_Purwadadi
Ciamis,Rajadesa,0.991177773503819,Ciamis_Rajadesa
Ciamis,Rancah,0.9865585304903101,Ciamis_Rancah
Ciamis,Sadananya,0.9898829399834853,Ciamis_Sadananya
Ciamis,Sindangkasih,0.992830638366512,Ciamis_Sindangkasih
Ciamis,Sukadana,0.9898241569104429,Ciamis_Sukadana
Ciamis,Sukamantri,0.9930684024453617,Ciamis_Sukamantri
Ciamis,Tambaksari,0.9904980942555901,Ciamis_Tambaksari
Cianjur,Agrabinta,0.992743371998741,Cianjur_Agrabinta
Cianjur,Bojongpicung,0.9844396531871381,Cianjur_Bojongpicung
Cianjur,Campaka,0.9840689015906783,Cianjur_Campaka
Cianjur,Campakamulya,0.984032204537403,Cianjur_Campakamulya
Cianjur,Cianjur,0.9919506851901574,Cianjur_Cianjur
Cianjur,Cibeber,0.9859982893716611,Cianjur_Cibeber
Cianjur,Cibinong,0.9890639356282077,Cianjur_Cibinong
Cianjur,Cidaun,0.9883526723224593,Cianjur_Cidaun
Cianjur,Cijati,0.9910794273604561,Cianjur_Cijati
Cianjur,Cikadu,0.98466034733413,Cianjur_Cikadu
Cianjur,Cikalongkulon,0.986087198933783,Cianjur_Cikalongkulon
Cianjur,Cilaku,0.9911362160372668,Cianjur_Cilaku
Cianjur,Cipanas,0.9859191464712832,Cianjur_Cipanas
Cianjur,Ciranjang,0.9904517529919685,Cianjur_Ciranjang
Cianjur,Cugenang,0.987999079258806,Cianjur_Cugenang
Cianjur,Gekbrong,0.9882259653290709,Cianjur_Gekbrong
Cianjur,Haurwangi,0.9869178072436011,Cianjur_Haurwangi
Cianjur,Kadupandak,0.9907178339668378,Cianjur_Kadupandak
Cianjur,Karangtengah,0.9915258340515906,Cianjur_Karangtengah
Cianjur,Leles,0.9882036560214356,Cianjur_Leles
Cianjur,Mande,0.9885755228355336,Cianjur_Mande
Cianjur,Naringgul,0.9830749470780226,Cianjur_Naringgul
Cianjur,Pacet,0.9894189799427491,Cianjur_Pacet
Cianjur,Pagelaran,0.9869751619711493,Cianjur_Pagelaran
Cianjur,Pasirkuda,0.9874570313960848,Cianjur_Pasirkuda
Cianjur,Sindangbarang,0.9924854012535941,Cianjur_Sindangbarang
Cianjur,Sukaluyu,0.9913671983082266,Cianjur_Sukaluyu
Cianjur,Sukanagara,0.9866460446382295,Cianjur_Sukanagara
Cianjur,Sukaresmi,0.9861801401706285,Cianjur_Sukaresmi
Cianjur,Takokak,0.9923187519883463,Cianjur_Takokak
Cianjur,Tanggeung,0.9894639318018893,Cianjur_Tanggeung
Cianjur,Warungkondang,0.990445310948565,Cianjur_Warungkondang
Cilacap,Adipala,0.9972982069695938,Cilacap_Adipala
Cilacap,Bantarsari,0.9933909631413916,Cilacap_Bantarsari
Cilacap,Binangun,0.9975449699382077,Cilacap_Binangun
Cilacap,Cilacap Selatan,0.9923505539987358,Cilacap_Cilacap Selatan
Cilacap,Cilacap Tengah,0.9949471607443092,Cilacap_Cilacap Tengah
Cilacap,Cilacap Utara,0.9962689756343672,Cilacap_Cilacap Utara
Cilacap,Cimanggu,0.9911536703607449,Cilacap_Cimanggu
Cilacap,Cipari,0.9914704616844482,Cilacap_Cipari
Cilacap,Dayeuhluhur,0.9871404222478596,Cilacap_Dayeuhluhur
Cilacap,Gandrungmangu,0.9939200699374606,Cilacap_Gandrungmangu
Cilacap,Jeruklegi,0.9951967880540579,Cilacap_Jeruklegi
Cilacap,Kampung Laut,0.994929615482074,Cilacap_Kampung Laut
Cilacap,Karangpucung,0.9935175601722908,Cilacap_Karangpucung
Cilacap,Kawunganten,0.9943145897768132,Cilacap_Kawunganten
Cilacap,Kedungreja,0.9939335828390453,Cilacap_Kedungreja
Cilacap,Kesugihan,0.996566016757929,Cilacap_Kesugihan
Cilacap,Kroya,0.9973138695869465,Cilacap_Kroya
Cilacap,Majenang,0.9912539997567729,Cilacap_Majenang
Cilacap,Maos,0.9974775258793822,Cilacap_Maos
Cilacap,Nusawungu,0.9974186031785431,Cilacap_Nusawungu
Cilacap,Patimuan,0.9934582464594457,Cilacap_Patimuan
Cilacap,Sampang,0.9974902274026096,Cilacap_Sampang
Cilacap,Sidareja,0.9922462397380813,Cilacap_Sidareja
Cilacap,Wanareja,0.9901105079814222,Cilacap_Wanareja
Cirebon,Arjawinangun,0.9986413271329909,Cirebon_Arjawinangun
Cirebon,Astanajapura,0.9993190895069216,Cirebon_Astanajapura
Cirebon,Babakan,0.9994149535304849,Cirebon_Babakan
Cirebon,Beber,0.9980335442777946,Cirebon_Beber
Cirebon,Ciledug,0.9994032362581896,Cirebon_Ciledug
Cirebon,Ciwaringin,0.9982646546950108,Cirebon_Ciwaringin
Cirebon,Depok,0.9981111809640784,Cirebon_Depok
Cirebon,Dukupuntang,0.996757248688507,Cirebon_Dukupuntang
Cirebon,Gebang,0.9993446364177945,Cirebon_Gebang
Cirebon,Gegesik,0.9979108241930013,Cirebon_Gegesik
Cirebon,Gempol,0.9976293499410198,Cirebon_Gempol
Cirebon,Greged,0.9980279170074438,Cirebon_Greged
Cirebon,Gunung Jati,0.9987544350334159,Cirebon_Gunung Jati
Cirebon,Jamblang,0.9986395693174173,Cirebon_Jamblang
Cirebon,Kaliwedi,0.9979748115248916,Cirebon_Kaliwedi
Cirebon,Kapetakan,0.9980998316500349,Cirebon_Kapetakan
Cirebon,Karangsembung,0.9993227144621526,Cirebon_Karangsembung
Cirebon,Karangwareng,0.9991846846225275,Cirebon_Karangwareng
Cirebon,Kedawung,0.9988238068738554,Cirebon_Kedawung
Cirebon,Klangenan,0.9986959000851874,Cirebon_Klangenan
Cirebon,Lemahabang,0.9991819949138787,Cirebon_Lemahabang
Cirebon,Losari,0.9996016629292389,Cirebon_Losari
Cirebon,Mundu,0.9984799676638925,Cirebon_Mundu
Cirebon,Pabedilan,0.9991501149018853,Cirebon_Pabedilan
Cirebon,Pabuaran,0.9993775408875499,Cirebon_Pabuaran
Cirebon,Palimanan,0.998105105171872,Cirebon_Palimanan
Cirebon,Pangenan,0.9989032553837524,Cirebon_Pangenan
Cirebon,Panguragan,0.9986368180326094,Cirebon_Panguragan
Cirebon,Pasaleman,0.9987708206109999,Cirebon_Pasaleman
Cirebon,Plered,0.998656780531344,Cirebon_Plered
Cirebon,Plumbon,0.9983696053271406,Cirebon_Plumbon
Cirebon,Sedong,0.9980400958532077,Cirebon_Sedong
Cirebon,Sumber,0.9978252295990485,Cirebon_Sumber
Cirebon,Suranenggala,0.9987074433328891,Cirebon_Suranenggala
Cirebon,Susukan,0.9982353685140661,Cirebon_Susukan
Cirebon,Susukan Lebak,0.9992069071618913,Cirebon_Susukan Lebak
Cirebon,Talun,0.9982654295195719,Cirebon_Talun
Cirebon,Tengah Tani,0.9987341749171738,Cirebon_Tengah Tani
Cirebon,Waled,0.998519808223203,Cirebon_Waled
Cirebon,Weru,0.9984596661911486,Cirebon_Weru
Demak,Bonang,0.9959854119121333,Demak_Bonang
Demak,Demak,0.9962890671308422,Demak_Demak
Demak,Dempet,0.9924569808706815,Demak_Dempet
Demak,Gajah,0.9934321997205834,Demak_Gajah
Demak,Guntur,0.9942225825294413,Demak_Guntur
Demak,Karanganyar,0.9956154926483476,Demak_Karanganyar
Demak,Karangawen,0.9880006991891247,Demak_Karangawen
Demak,Karangtengah,0.9961377439118626,Demak_Karangtengah
Demak,Kebonagung,0.9862294278425403,Demak_Kebonagung
Demak,Mijen,0.9947464229160499,Demak_Mijen
Demak,Mranggen,0.988489529792657,Demak_Mranggen
Demak,Sayung,0.9944794900928335,Demak_Sayung
Demak,Wedung,0.9975122183690813,Demak_Wedung
Demak,Wonosalam,0.993548801350811,Demak_Wonosalam
Garut,Banjarwangi,0.9896838072312674,Garut_Banjarwangi
Garut,Banyuresmi,0.9899717004926284,Garut_Banyuresmi
Garut,Bayongbong,0.9889154156155167,Garut_Bayongbong
Garut,Bl. Limbangan,0.9862809981737793,Garut_Bl. Limbangan
Garut,Bungbulang,0.9879741719482121,Garut_Bungbulang
Garut,Caringin,0.9868402160423956,Garut_Caringin
Garut,Cibalong,0.9900871094826372,Garut_Cibalong
Garut,Cibatu,0.9882909009359251,Garut_Cibatu
Garut,Cibiuk,0.9887417715959739,Garut_Cibiuk
Garut,Cigedug,0.9919403580297148,Garut_Cigedug
Garut,Cihurip,0.9887508535590267,Garut_Cihurip
Garut,Cikajang,0.9879980511816997,Garut_Cikajang
Garut,Cikelet,0.9872919532028326,Garut_Cikelet
Garut,Cilawu,0.9871527591033653,Garut_Cilawu
Garut,Cisewu,0.9860844268710244,Garut_Cisewu
Garut,Cisompet,0.9890574796303835,Garut_Cisompet
Garut,Cisurupan,0.988631453089876,Garut_Cisurupan
Garut,Garut Kota,0.9901868879037149,Garut_Garut Kota
Garut,Kadungora,0.9882559778028672,Garut_Kadungora
Garut,Karangpawitan,0.9898556308007603,Garut_Karangpawitan
Garut,Karangtengah,0.9830344080428537,Garut_Karangtengah
Garut,Kersamanah,0.9849332592058531,Garut_Kersamanah
Garut,Leles,0.9822254651697989,Garut_Leles
Garut,Leuwigoong,0.9905507187737909,Garut_Leuwigoong
Garut,Malangbong,0.9835820182209313,Garut_Malangbong
Garut,Mekarmukti,0.9880129308763728,Garut_Mekarmukti
Garut,Pakenjeng,0.9898829273550405,Garut_Pakenjeng
Garut,Pameungpeuk,0.9905164079566128,Garut_Pameungpeuk
Garut,Pamulihan,0.9893045354405281,Garut_Pamulihan
Garut,Pangatikan,0.9890692304696055,Garut_Pangatikan
Garut,Pasirwangi,0.9866827926620301,Garut_Pasirwangi
Garut,Peundeuy,0.9878437643048316,Garut_Peundeuy
Garut,Samarang,0.9844976911908719,Garut_Samarang
Garut,Selaawi,0.9852038221736854,Garut_Selaawi
Garut,Singajaya,0.9913082856046586,Garut_Singajaya
Garut,Sucinaraja,0.9873573162110658,Garut_Sucinaraja
Garut,Sukaresmi,0.9875012332169183,Garut_Sukaresmi
Garut,Sukawening,0.9863194961037209,Garut_Sukawening
Garut,Talegong,0.9823187760312381,Garut_Talegong
Garut,Tarogong Kaler,0.9857380463371846,Garut_Tarogong Kaler
Garut,Tarogong Kidul,0.9927181408980569,Garut_Tarogong Kidul
Garut,Wanaraja,0.9896138832306177,Garut_Wanaraja
Gresik,Balongpanggang,0.9879116087684988,Gresik_Balongpanggang
Gresik,Benjeng,0.9848725395754419,Gresik_Benjeng
Gresik,Bungah,0.9790927800546607,Gresik_Bungah
Gresik,Cerme,,Gresik_Cerme
Gresik,Driyorejo,,Gresik_Driyorejo
Gresik,Duduksampeyan,,Gresik_Duduksampeyan
Gresik,Dukun,0.9320103821102813,Gresik_Dukun
Gresik,Gresik,,Gresik_Gresik
Gresik,Kebomas,,Gresik_Kebomas
Gresik,Kedamean,0.988030780120738,Gresik_Kedamean
Gresik,Manyar,,Gresik_Manyar
Gresik,Menganti,,Gresik_Menganti
Gresik,Panceng,0.9270015868048305,Gresik_Panceng
Gresik,Sangkapura,,Gresik_Sangkapura
Gresik,Sidayu,0.9276477293205423,Gresik_Sidayu
Gresik,Tambak,,Gresik_Tambak
Gresik,Ujungpangkah,0.9145080607711727,Gresik_Ujungpangkah
Gresik,Wringinanom,0.9906575614803438,Gresik_Wringinanom
Grobogan,Brati,0.978048387104449,Grobogan_Brati
Grobogan,Gabus,0.9614289662628468,Grobogan_Gabus
Grobogan,Geyer,0.9715950735953576,Grobogan_Geyer
Grobogan,Godong,0.987905748365457,Grobogan_Godong
Grobogan,Grobogan,0.9759839412125602,Grobogan_Grobogan
Grobogan,Gubug,0.9899453244193809,Grobogan_Gubug
Grobogan,Karangrayung,0.971994356324227,Grobogan_Karangrayung
Grobogan,Kedungjati,0.9717347816021327,Grobogan_Kedungjati
Grobogan,Klambu,0.9880845101786238,Grobogan_Klambu
Grobogan,Kradenan,0.9626209284204863,Grobogan_Kradenan
Grobogan,Ngaringan,0.960530100403649,Grobogan_Ngaringan
Grobogan,Penawangan,0.9740068061527248,Grobogan_Penawangan
Grobogan,Pulokulon,0.9699676301983032,Grobogan_Pulokulon
Grobogan,Purwodadi,0.9778742175077362,Grobogan_Purwodadi
Grobogan,Tanggungharjo,0.9719483433316156,Grobogan_Tanggungharjo
Grobogan,Tawangharjo,0.9707354196554389,Grobogan_Tawangharjo
Grobogan,Tegowanu,0.9907812030855552,Grobogan_Tegowanu
Grobogan,Toroh,0.9745445918449765,Grobogan_Toroh
Grobogan,Wirosari,0.9717939235117438,Grobogan_Wirosari
Gunungkidul,Gedangsari,0.9560183995136144,Gunungkidul_Gedangsari
Gunungkidul,Girisubo,0.98674713394638,Gunungkidul_Girisubo
Gunungkidul,Karangmojo,0.9821409494903311,Gunungkidul_Karangmojo
Gunungkidul,Ngawen,0.9664656661422542,Gunungkidul_Ngawen
Gunungkidul,Nglipar,0.9658850478815406,Gunungkidul_Nglipar
Gunungkidul,Paliyan,0.9921298855443452,Gunungkidul_Paliyan
Gunungkidul,Panggang,0.9923284033237006,Gunungkidul_Panggang
Gunungkidul,Patuk,0.9684330491046196,Gunungkidul_Patuk
Gunungkidul,Playen,0.9790288740696165,Gunungkidul_Playen
Gunungkidul,Ponjong,0.9669962733280599,Gunungkidul_Ponjong
Gunungkidul,Purwosari,0.99503982458314,Gunungkidul_Purwosari
Gunungkidul,Rongkop,0.9857681175401192,Gunungkidul_Rongkop
Gunungkidul,Saptosari,0.9897824667491452,Gunungkidul_Saptosari
Gunungkidul,Semanu,0.9929107474960505,Gunungkidul_Semanu
Gunungkidul,Semin,0.9660113401104942,Gunungkidul_Semin
Gunungkidul,Tanjungsari,0.9903511257169224,Gunungkidul_Tanjungsari
Gunungkidul,Tepus,0.9911000073713513,Gunungkidul_Tepus
Gunungkidul,Wonosari,0.985027804488874,Gunungkidul_Wonosari
Indramayu,Anjatan,0.9949224243890589,Indramayu_Anjatan
Indramayu,Arahan,0.9945038195736247,Indramayu_Arahan
Indramayu,Balongan,0.9958120307115346,Indramayu_Balongan
Indramayu,Bangodua,0.9968082101812069,Indramayu_Bangodua
Indramayu,Bongas,0.994011462896513,Indramayu_Bongas
Indramayu,Cantigi,0.9908069708337952,Indramayu_Cantigi
Indramayu,Cikedung,0.9975716541541607,Indramayu_Cikedung
Indramayu,Gabuswetan,0.995660595548093,Indramayu_Gabuswetan
Indramayu,Gantar,0.9969389747286772,Indramayu_Gantar
Indramayu,Haurgeulis,0.9966334010153601,Indramayu_Haurgeulis
Indramayu,Indramayu,0.9962024992358699,Indramayu_Indramayu
Indramayu,Jatibarang,0.9957930626731906,Indramayu_Jatibarang
Indramayu,Juntinyuat,0.9957721503500977,Indramayu_Juntinyuat
Indramayu,Kandanghaur,0.9954676247593549,Indramayu_Kandanghaur
Indramayu,Karangampel,0.9961956907754739,Indramayu_Karangampel
Indramayu,Kedokan Bunder,0.9957564438413052,Indramayu_Kedokan Bunder
Indramayu,Kertasemaya,0.9978159891984146,Indramayu_Kertasemaya
Indramayu,Krangkeng,0.9983022641912307,Indramayu_Krangkeng
Indramayu,Kroya,0.9961915537357515,Indramayu_Kroya
Indramayu,Lelea,0.9960244922040699,Indramayu_Lelea
Indramayu,Lohbener,0.9955302762132302,Indramayu_Lohbener
Indramayu,Losarang,0.9971661067768146,Indramayu_Losarang
Indramayu,Pasekan,0.9381798491681627,Indramayu_Pasekan
Indramayu,Patrol,0.9948181956530305,Indramayu_Patrol
Indramayu,Sindang,0.9951854779483679,Indramayu_Sindang
Indramayu,Sliyeg,0.9961359775519865,Indramayu_Sliyeg
Indramayu,Sukagumiwang,0.9979131846030113,Indramayu_Sukagumiwang
Indramayu,Sukra,0.995377423040496,Indramayu_Sukra
Indramayu,Terisi,0.9977665007934357,Indramayu_Terisi
Indramayu,Tukdana,0.9971463795256849,Indramayu_Tukdana
Indramayu,Widasari,0.9959680151951793,Indramayu_Widasari
Jember,Ajung,0.9504968836364414,Jember_Ajung
Jember,Ambulu,0.9495626501223654,Jember_Ambulu
Jember,Arjasa,0.9293151449693255,Jember_Arjasa
Jember,Balung,0.9518816913908549,Jember_Balung
Jember,Bangsalsari,0.9306827670657499,Jember_Bangsalsari
Jember,Gumukmas,0.9570063665823452,Jember_Gumukmas
Jember,Jelbuk,0.9098323186034464,Jember_Jelbuk
Jember,Jenggawah,0.9520687377968686,Jember_Jenggawah
Jember,Jombang,0.9422151938975715,Jember_Jombang
Jember,Kalisat,0.9382978422198422,Jember_Kalisat
Jember,Kaliwates,0.9611222669845548,Jember_Kaliwates
Jember,Kencong,0.9545927393864916,Jember_Kencong
Jember,Ledokombo,0.9302938062786211,Jember_Ledokombo
Jember,Mayang,0.9243594064683414,Jember_Mayang
Jember,Mumbulsari,0.9224809131834217,Jember_Mumbulsari
Jember,Pakusari,0.9446657306403843,Jember_Pakusari
Jember,Panti,0.917035097665038,Jember_Panti
Jember,Patrang,0.9470340335097689,Jember_Patrang
Jember,Puger,0.9296389583186122,Jember_Puger
Jember,Rambipuji,0.9498159878462071,Jember_Rambipuji
Jember,Semboro,0.9621289648737058,Jember_Semboro
Jember,Silo,0.8962754493972782,Jember_Silo
Jember,Sukorambi,0.9326056750345958,Jember_Sukorambi
Jember,Sukowono,0.9462631064971009,Jember_Sukowono
Jember,Sumberbaru,0.962066583811252,Jember_Sumberbaru
Jember,Sumberjambe,0.9379784559670792,Jember_Sumberjambe
Jember,Sumbersari,0.9528891566323012,Jember_Sumbersari
Jember,Tanggul,0.950556148759153,Jember_Tanggul
Jember,Tempurejo,0.8964325695493185,Jember_Tempurejo
Jember,Umbulsari,0.9524242881059173,Jember_Umbulsari
Jember,Wuluhan,0.9426599182349383,Jember_Wuluhan
Jepara,Bangsri,0.997874314820423,Jepara_Bangsri
Jepara,Batealit,0.994956276285378,Jepara_Batealit
Jepara,Donorojo,0.9888590143656968,Jepara_Donorojo
Jepara,Jepara,0.9983303051455801,Jepara_Jepara
Jepara,Kalinyamatan,0.9954548556407761,Jepara_Kalinyamatan
Jepara,Karimunjawa,0.9721772393401236,Jepara_Karimunjawa
Jepara,Kedung,0.9985439288616186,Jepara_Kedung
Jepara,Keling,0.9948119559193218,Jepara_Keling
Jepara,Kembang,0.994868893476489,Jepara_Kembang
Jepara,Mayong,0.9938137631565265,Jepara_Mayong
Jepara,Mlonggo,0.9982484187471103,Jepara_Mlonggo
Jepara,Nalumsari,0.9899576114625098,Jepara_Nalumsari
Jepara,Pakis Aji,0.9975060213719894,Jepara_Pakis Aji
Jepara,Pecangaan,0.9977454948532041,Jepara_Pecangaan
Jepara,Tahunan,0.996683501422448,Jepara_Tahunan
Jepara,Welahan,0.9954024740277928,Jepara_Welahan
Jombang,Bandarkedungmulyo,0.9815919572470858,Jombang_Bandarkedungmulyo
Jombang,Bareng,0.9780316868439236,Jombang_Bareng
Jombang,Diwek,0.9843756216351864,Jombang_Diwek
Jombang,Gudo,0.975461960075256,Jombang_Gudo
Jombang,Jogoroto,0.9840509041162743,Jombang_Jogoroto
Jombang,Jombang,0.9815962935050752,Jombang_Jombang
Jombang,Kabuh,0.9837382450048439,Jombang_Kabuh
Jombang,Kesamben,0.9889497369080956,Jombang_Kesamben
Jombang,Kudu,0.9892752613707784,Jombang_Kudu
Jombang,Megaluh,0.9808600932519983,Jombang_Megaluh
Jombang,Mojoagung,0.9851671135581727,Jombang_Mojoagung
Jombang,Mojowarno,0.9819470305986149,Jombang_Mojowarno
Jombang,Ngoro,0.9824640301812549,Jombang_Ngoro
Jombang,Ngusikan,0.9870789471030865,Jombang_Ngusikan
Jombang,Perak,0.9813963249595213,Jombang_Perak
Jombang,Peterongan,0.9848775297642155,Jombang_Peterongan
Jombang,Plandaan,0.9790746383470498,Jombang_Plandaan
Jombang,Ploso,0.9879011430338396,Jombang_Ploso
Jombang,Sumobito,0.986932147474578,Jombang_Sumobito
Jombang,Tembelang,0.9881939844238694,Jombang_Tembelang
Jombang,Wonosalam,0.9621689242933571,Jombang_Wonosalam
Karanganyar,Colomadu,0.9818482558746667,Karanganyar_Colomadu
Karanganyar,Gondangrejo,0.9722952393501731,Karanganyar_Gondangrejo
Karanganyar,Jaten,0.9689823773018433,Karanganyar_Jaten
Karanganyar,Jatipuro,0.967973932863257,Karanganyar_Jatipuro
Karanganyar,Jatiyoso,0.9556235261822049,Karanganyar_Jatiyoso
Karanganyar,Jenawi,0.9359052728518695,Karanganyar_Jenawi
Karanganyar,Jumantono,0.969973448265713,Karanganyar_Jumantono
Karanganyar,Jumapolo,0.9673103562505201,Karanganyar_Jumapolo
Karanganyar,Karanganyar,0.974457892810606,Karanganyar_Karanganyar
Karanganyar,Karangpandan,0.9657777488180583,Karanganyar_Karangpandan
Karanganyar,Kebakkramat,0.9756605739012502,Karanganyar_Kebakkramat
Karanganyar,Kerjo,0.9618327863149372,Karanganyar_Kerjo
Karanganyar,Matesih,0.9687236760715129,Karanganyar_Matesih
Karanganyar,Mojogedang,0.9670809832838883,Karanganyar_Mojogedang
Karanganyar,Ngargoyoso,0.955325343130374,Karanganyar_Ngargoyoso
Karanganyar,Tasikmadu,0.9691542596989562,Karanganyar_Tasikmadu
Karanganyar,Tawangmangu,0.951343732908952,Karanganyar_Tawangmangu
Karawang,Banyusari,0.9961184094179162,Karawang_Banyusari
Karawang,Batujaya,0.9977683787039893,Karawang_Batujaya
Karawang,Ciampel,0.9961400833745099,Karawang_Ciampel
Karawang,Cibuaya,0.9971048727407481,Karawang_Cibuaya
Karawang,Cikampek,0.9957685428684638,Karawang_Cikampek
Karawang,Cilamaya Kulon,0.997339497795561,Karawang_Cilamaya Kulon
Karawang,Cilamaya Wetan,0.9974802919511464,Karawang_Cilamaya Wetan
Karawang,Cilebar,0.9979912867190455,Karawang_Cilebar
Karawang,Jatisari,0.9959007881296048,Karawang_Jatisari
Karawang,Jayakerta,0.998440784137011,Karawang_Jayakerta
Karawang,Karawang Barat,0.9976602167003719,Karawang_Karawang Barat
Karawang,Karawang Timur,0.9977239574612735,Karawang_Karawang Timur
Karawang,Klari,0.9970021508150456,Karawang_Klari
Karawang,Kota Baru,0.9966592168686752,Karawang_Kota Baru
Karawang,Kutawaluya,0.9977302910705231,Karawang_Kutawaluya
Karawang,Lemahabang,0.9970017467393731,Karawang_Lemahabang
Karawang,Majalaya,0.9966155096052403,Karawang_Majalaya
Karawang,Pakisjaya,0.9977913771097091,Karawang_Pakisjaya
Karawang,Pangkalan,0.996101360160443,Karawang_Pangkalan
Karawang,Pedes,0.9984670075206237,Karawang_Pedes
Karawang,Purwasari,0.9963333169498394,Karawang_Purwasari
Karawang,Rawamerta,0.9970249397180575,Karawang_Rawamerta
Karawang,Rengasdengklok,0.998145253837663,Karawang_Rengasdengklok
Karawang,Tegalwaru,0.9861810500335411,Karawang_Tegalwaru
Karawang,Telagasari,0.9972198915750111,Karawang_Telagasari
Karawang,Telukjambe Barat,0.9973466131459863,Karawang_Telukjambe Barat
Karawang,Telukjambe Timur,0.9977309366846051,Karawang_Telukjambe Timur
Karawang,Tempuran,0.9980987104611011,Karawang_Tempuran
Karawang,Tirtajaya,0.9972768378861772,Karawang_Tirtajaya
Karawang,Tirtamulya,0.9958134261828009,Karawang_Tirtamulya
Kebumen,Adimulyo,0.9964760590413474,Kebumen_Adimulyo
Kebumen,Alian,0.990857989660621,Kebumen_Alian
Kebumen,Ambal,0.9956454090847964,Kebumen_Ambal
Kebumen,Ayah,0.9975325602939555,Kebumen_Ayah
Kebumen,Bonorowo,0.9952923491924258,Kebumen_Bonorowo
Kebumen,Buayan,0.9964618131189118,Kebumen_Buayan
Kebumen,Buluspesantren,0.9969566188487343,Kebumen_Buluspesantren
Kebumen,Gombong,0.9973721804133916,Kebumen_Gombong
Kebumen,Karanganyar,0.9960412422189127,Kebumen_Karanganyar
Kebumen,Karanggayam,0.9930688918909824,Kebumen_Karanggayam
Kebumen,Karangsambung,0.992084893029889,Kebumen_Karangsambung
Kebumen,Kebumen,0.9949792711508352,Kebumen_Kebumen
Kebumen,Klirong,0.9966610179723163,Kebumen_Klirong
Kebumen,Kutowinangun,0.9933373037863162,Kebumen_Kutowinangun
Kebumen,Kuwarasan,0.9974187777611789,Kebumen_Kuwarasan
Kebumen,Mirit,0.9961282416684715,Kebumen_Mirit
Kebumen,Padureso,0.9892470322544598,Kebumen_Padureso
Kebumen,Pejagoan,0.9935159769660249,Kebumen_Pejagoan
Kebumen,Petanahan,0.997510235365996,Kebumen_Petanahan
Kebumen,Poncowarno,0.991238221194352,Kebumen_Poncowarno
Kebumen,Prembun,0.9954130581423759,Kebumen_Prembun
Kebumen,Puring,0.9978842978433671,Kebumen_Puring
Kebumen,Rowokele,0.9961919556542729,Kebumen_Rowokele
Kebumen,Sadang,0.989541111865294,Kebumen_Sadang
Kebumen,Sempor,0.9948002839008716,Kebumen_Sempor
Kebumen,Sruweng,0.9970653209548468,Kebumen_Sruweng
Kediri,Badas,0.9711064880654056,Kediri_Badas
Kediri,Banyakan,0.9608064847435384,Kediri_Banyakan
Kediri,Gampengrejo,0.9772932017192371,Kediri_Gampengrejo
Kediri,Grogol,0.9678783565612334,Kediri_Grogol
Kediri,Gurah,0.9722098438372889,Kediri_Gurah
Kediri,Kandangan,0.976137291859797,Kediri_Kandangan
Kediri,Kandat,0.9660084652136276,Kediri_Kandat
Kediri,Kayen Kidul,0.9723639855662016,Kediri_Kayen Kidul
Kediri,Kepung,0.9704969766546875,Kediri_Kepung
Kediri,Kras,0.9727545539248788,Kediri_Kras
Kediri,Kunjang,0.9743966907317488,Kediri_Kunjang
Kediri,Mojo,0.9549307821755886,Kediri_Mojo
Kediri,Ngadiluwih,0.9759803991526262,Kediri_Ngadiluwih
Kediri,Ngancar,0.9608739611290162,Kediri_Ngancar
Kediri,Ngasem,0.974674477908214,Kediri_Ngasem
Kediri,Pagu,0.975244531579257,Kediri_Pagu
Kediri,Papar,0.9764280381191669,Kediri_Papar
Kediri,Pare,0.9726815487803322,Kediri_Pare
Kediri,Plemahan,0.973041780673815,Kediri_Plemahan
Kediri,Plosoklaten,0.9699966940938176,Kediri_Plosoklaten
Kediri,Puncu,0.9617873140258232,Kediri_Puncu
Kediri,Purwoasri,0.9763949332355077,Kediri_Purwoasri
Kediri,Ringinrejo,0.9665570177672251,Kediri_Ringinrejo
Kediri,Semen,0.9504651512764529,Kediri_Semen
Kediri,Tarokan,0.9719081226163547,Kediri_Tarokan
Kediri,Wates,0.9668429100817689,Kediri_Wates
Kendal,Boja,0.9910585986640341,Kendal_Boja
Kendal,Brangsong,0.9974479257816583,Kendal_Brangsong
Kendal,Cepiring,0.998244873310184,Kendal_Cepiring
Kendal,Gemuh,0.9980826152114746,Kendal_Gemuh
Kendal,Kaliwungu,0.9988344527412483,Kendal_Kaliwungu
Kendal,Kaliwungu Selatan,0.9957618010001088,Kendal_Kaliwungu Selatan
Kendal,Kangkung,0.9981877520953405,Kendal_Kangkung
Kendal,Kendal,0.9977331283652262,Kendal_Kendal
Kendal,Limbangan,0.9876423107556648,Kendal_Limbangan
Kendal,Ngampel,0.9981006129475756,Kendal_Ngampel
Kendal,Pageruyung,0.9962860192776145,Kendal_Pageruyung
Kendal,Patean,0.9960698426799759,Kendal_Patean
Kendal,Patebon,0.9964210838009407,Kendal_Patebon
Kendal,Pegandon,0.9971259147705784,Kendal_Pegandon
Kendal,Plantungan,0.9946842305130646,Kendal_Plantungan
Kendal,Ringinarum,0.9980160151170016,Kendal_Ringinarum
Kendal,Rowosari,0.9985697700174424,Kendal_Rowosari
Kendal,Singorojo,0.9900288138554754,Kendal_Singorojo
Kendal,Sukorejo,0.9950901682890129,Kendal_Sukorejo
Kendal,Weleri,0.9984037940041778,Kendal_Weleri
Klaten,Bayat,0.9738310963066951,Klaten_Bayat
Klaten,Cawas,0.9753165746194422,Klaten_Cawas
Klaten,Ceper,0.983479592145607,Klaten_Ceper
Klaten,Delanggu,0.9827319260114235,Klaten_Delanggu
Klaten,Gantiwarno,0.980584640736265,Klaten_Gantiwarno
Klaten,Jatinom,0.9741832522420273,Klaten_Jatinom
Klaten,Jogonalan,0.9790498433347021,Klaten_Jogonalan
Klaten,Juwiring,0.9803511857984153,Klaten_Juwiring
Klaten,Kalikotes,0.9815821301870258,Klaten_Kalikotes
Klaten,Karanganom,0.9816915746716317,Klaten_Karanganom
Klaten,Karangdowo,0.9724891821080962,Klaten_Karangdowo
Klaten,Karangnongko,0.9741880242371842,Klaten_Karangnongko
Klaten,Kebonarum,0.9783550703752925,Klaten_Kebonarum
Klaten,Kemalang,0.9738585479412505,Klaten_Kemalang
Klaten,Klaten Selatan,0.9797079761634173,Klaten_Klaten Selatan
Klaten,Klaten Tengah,0.9827095886371481,Klaten_Klaten Tengah
Klaten,Klaten Utara,0.9851527288885936,Klaten_Klaten Utara
Klaten,Manisrenggo,0.9810693254817782,Klaten_Manisrenggo
Klaten,Ngawen,0.9825271388728986,Klaten_Ngawen
Klaten,Pedan,0.9791206860988176,Klaten_Pedan
Klaten,Polanharjo,0.9823546957623722,Klaten_Polanharjo
Klaten,Prambanan,0.978546796354607,Klaten_Prambanan
Klaten,Trucuk,0.9820523331269266,Klaten_Trucuk
Klaten,Tulung,0.9736345923926321,Klaten_Tulung
Klaten,Wedi,0.9839240697050626,Klaten_Wedi
Klaten,Wonosari,0.9804985321977601,Klaten_Wonosari
Kota Adm. Jakarta Barat,Cengkareng,0.998732447857154,Kota Adm. Jakarta Barat_Cengkareng
Kota Adm. Jakarta Barat,Grogol Petamburan,0.9987302907114807,Kota Adm. Jakarta Barat_Grogol Petamburan
Kota Adm. Jakarta Barat,Kalideres,0.9987148059695796,Kota Adm. Jakarta Barat_Kalideres
Kota Adm. Jakarta Barat,Kebon Jeruk,0.99858594200199,Kota Adm. Jakarta Barat_Kebon Jeruk
Kota Adm. Jakarta Barat,Kembangan,0.9986844767561616,Kota Adm. Jakarta Barat_Kembangan
Kota Adm. Jakarta Barat,Pal Merah,0.9986975257744617,Kota Adm. Jakarta Barat_Pal Merah
Kota Adm. Jakarta Barat,Taman Sari,0.9987508383594977,Kota Adm. Jakarta Barat_Taman Sari
Kota Adm. Jakarta Barat,Tambora,0.9988614997435225,Kota Adm. Jakarta Barat_Tambora
Kota Adm. Jakarta Pusat,Cempaka Putih,0.9988060182343457,Kota Adm. Jakarta Pusat_Cempaka Putih
Kota Adm. Jakarta Pusat,Gambir,0.9987308894684226,Kota Adm. Jakarta Pusat_Gambir
Kota Adm. Jakarta Pusat,Johar Baru,0.998910019414102,Kota Adm. Jakarta Pusat_Johar Baru
Kota Adm. Jakarta Pusat,Kemayoran,0.9988549523640626,Kota Adm. Jakarta Pusat_Kemayoran
Kota Adm. Jakarta Pusat,Menteng,0.998772362476163,Kota Adm. Jakarta Pusat_Menteng
Kota Adm. Jakarta Pusat,Sawah Besar,0.9988060113984769,Kota Adm. Jakarta Pusat_Sawah Besar
Kota Adm. Jakarta Pusat,Senen,0.9987391640173773,Kota Adm. Jakarta Pusat_Senen
Kota Adm. Jakarta Pusat,Tanah Abang,0.998264399880763,Kota Adm. Jakarta Pusat_Tanah Abang
Kota Adm. Jakarta Selatan,Cilandak,0.9981267863612842,Kota Adm. Jakarta Selatan_Cilandak
Kota Adm. Jakarta Selatan,Jagakarsa,0.9977794534435962,Kota Adm. Jakarta Selatan_Jagakarsa
Kota Adm. Jakarta Selatan,Kebayoran Baru,0.9982852039678525,Kota Adm. Jakarta Selatan_Kebayoran Baru
Kota Adm. Jakarta Selatan,Kebayoran Lama,0.998009757663177,Kota Adm. Jakarta Selatan_Kebayoran Lama
Kota Adm. Jakarta Selatan,Mampang Prapatan,0.9983428949002525,Kota Adm. Jakarta Selatan_Mampang Prapatan
Kota Adm. Jakarta Selatan,Pancoran,0.9982958454912553,Kota Adm. Jakarta Selatan_Pancoran
Kota Adm. Jakarta Selatan,Pasar Minggu,0.9983372244725855,Kota Adm. Jakarta Selatan_Pasar Minggu
Kota Adm. Jakarta Selatan,Pesanggrahan,0.9981575348042667,Kota Adm. Jakarta Selatan_Pesanggrahan
Kota Adm. Jakarta Selatan,Setiabudi,0.9981691053298891,Kota Adm. Jakarta Selatan_Setiabudi
Kota Adm. Jakarta Selatan,Tebet,0.9983413275901298,Kota Adm. Jakarta Selatan_Tebet
Kota Adm. Jakarta Timur,Cakung,0.9986558407322637,Kota Adm. Jakarta Timur_Cakung
Kota Adm. Jakarta Timur,Cipayung,0.9973960103953571,Kota Adm. Jakarta Timur_Cipayung
Kota Adm. Jakarta Timur,Ciracas,0.9976427281095575,Kota Adm. Jakarta Timur_Ciracas
Kota Adm. Jakarta Timur,Duren Sawit,0.9983276484169852,Kota Adm. Jakarta Timur_Duren Sawit
Kota Adm. Jakarta Timur,Jatinegara,0.9982829742783746,Kota Adm. Jakarta Timur_Jatinegara
Kota Adm. Jakarta Timur,Kramatjati,0.9983096505650703,Kota Adm. Jakarta Timur_Kramatjati
Kota Adm. Jakarta Timur,Makasar,0.9981397222867621,Kota Adm. Jakarta Timur_Makasar
Kota Adm. Jakarta Timur,Matraman,0.9983223789142696,Kota Adm. Jakarta Timur_Matraman
Kota Adm. Jakarta Timur,Pasar Rebo,0.9976797229999368,Kota Adm. Jakarta Timur_Pasar Rebo
Kota Adm. Jakarta Timur,Pulogadung,0.9988387381020096,Kota Adm. Jakarta Timur_Pulogadung
Kota Adm. Jakarta Utara,Cilincing,0.9986005381464335,Kota Adm. Jakarta Utara_Cilincing
Kota Adm. Jakarta Utara,Kelapa Gading,0.9987423723816388,Kota Adm. Jakarta Utara_Kelapa Gading
Kota Adm. Jakarta Utara,Koja,0.9986497783432178,Kota Adm. Jakarta Utara_Koja
Kota Adm. Jakarta Utara,Pademangan,0.9987840207464744,Kota Adm. Jakarta Utara_Pademangan
Kota Adm. Jakarta Utara,Penjaringan,0.9986955458305623,Kota Adm. Jakarta Utara_Penjaringan
Kota Adm. Jakarta Utara,Tanjung Priok,0.9988250016287193,Kota Adm. Jakarta Utara_Tanjung Priok
Kota Bandung,Andir,0.9915975942552181,Kota Bandung_Andir
Kota Bandung,Antapani,0.9935927628854555,Kota Bandung_Antapani
Kota Bandung,Arcamanik,0.9934678785034305,Kota Bandung_Arcamanik
Kota Bandung,Astana Anyar,0.9933319282863311,Kota Bandung_Astana Anyar
Kota Bandung,Babakan Ciparay,0.9916406049357873,Kota Bandung_Babakan Ciparay
Kota Bandung,Bandung Kidul,0.9937523851271187,Kota Bandung_Bandung Kidul
Kota Bandung,Bandung Kulon,0.9926361390939239,Kota Bandung_Bandung Kulon
Kota Bandung,Bandung Wetan,0.9925773464045927,Kota Bandung_Bandung Wetan
Kota Bandung,Batununggal,0.9932298343452622,Kota Bandung_Batununggal
Kota Bandung,Bojongloa Kaler,0.9913011031807858,Kota Bandung_Bojongloa Kaler
Kota Bandung,Bojongloa Kidul,0.9919635771286652,Kota Bandung_Bojongloa Kidul
Kota Bandung,Buahbatu,0.9943646481853872,Kota Bandung_Buahbatu
Kota Bandung,Cibeunying Kaler,0.9933612097838773,Kota Bandung_Cibeunying Kaler
Kota Bandung,Cibeunying Kidul,0.9928232629476519,Kota Bandung_Cibeunying Kidul
Kota Bandung,Cibiru,0.9906627742732578,Kota Bandung_Cibiru
Kota Bandung,Cicendo,0.9916169537375767,Kota Bandung_Cicendo
Kota Bandung,Cidadap,0.9908999708783297,Kota Bandung_Cidadap
Kota Bandung,Cinambo,0.993370379602699,Kota Bandung_Cinambo
Kota Bandung,Coblong,0.9931232951891484,Kota Bandung_Coblong
Kota Bandung,Gedebage,0.9959295269241238,Kota Bandung_Gedebage
Kota Bandung,Kiaracondong,0.9934063214632539,Kota Bandung_Kiaracondong
Kota Bandung,Lengkong,0.9934876064401886,Kota Bandung_Lengkong
Kota Bandung,Mandalajati,0.9923454589873315,Kota Bandung_Mandalajati
Kota Bandung,Panyileukan,0.9942030826190718,Kota Bandung_Panyileukan
Kota Bandung,Rancasari,0.9955966395152501,Kota Bandung_Rancasari
Kota Bandung,Regol,0.9927656325041295,Kota Bandung_Regol
Kota Bandung,Sukajadi,0.9924294952055577,Kota Bandung_Sukajadi
Kota Bandung,Sukasari,0.9916955928011121,Kota Bandung_Sukasari
Kota Bandung,Sumur Bandung,0.9929391625719173,Kota Bandung_Sumur Bandung
Kota Bandung,Ujungberung,0.9922331357814239,Kota Bandung_Ujungberung
Kota Banjar,Banjar,0.9925447944667019,Kota Banjar_Banjar
Kota Banjar,Langensari,0.9936337948947191,Kota Banjar_Langensari
Kota Banjar,Pataruman,0.9903878015124455,Kota Banjar_Pataruman
Kota Banjar,Purwaharja,0.992990362123046,Kota Banjar_Purwaharja
Kota Batu,Batu,0.9638566145993445,Kota Batu_Batu
Kota Batu,Bumiaji,0.9674873149457465,Kota Batu_Bumiaji
Kota Batu,Junrejo,0.9668966053532171,Kota Batu_Junrejo
Kota Bekasi,Bantargebang,0.9974693849885371,Kota Bekasi_Bantargebang
Kota Bekasi,Bekasi Barat,0.9983935472752083,Kota Bekasi_Bekasi Barat
Kota Bekasi,Bekasi Selatan,0.9984334524925698,Kota Bekasi_Bekasi Selatan
Kota Bekasi,Bekasi Timur,0.998546589260215,Kota Bekasi_Bekasi Timur
Kota Bekasi,Bekasi Utara,0.9984978094168165,Kota Bekasi_Bekasi Utara
Kota Bekasi,Jatiasih,0.9974621385047422,Kota Bekasi_Jatiasih
Kota Bekasi,Jatisampurna,0.9974225981969461,Kota Bekasi_Jatisampurna
Kota Bekasi,Medansatria,0.9986570801578092,Kota Bekasi_Medansatria
Kota Bekasi,Mustikajaya,0.9973668794329951,Kota Bekasi_Mustikajaya
Kota Bekasi,Pondokgede,0.998351648743096,Kota Bekasi_Pondokgede
Kota Bekasi,Pondokmelati,0.9975889086525529,Kota Bekasi_Pondokmelati
Kota Bekasi,Rawalumbu,0.99834744128735,Kota Bekasi_Rawalumbu
Kota Blitar,Kepanjenkidul,0.9681974351272886,Kota Blitar_Kepanjenkidul
Kota Blitar,Sananwetan,0.9617421122985578,Kota Blitar_Sananwetan
Kota Blitar,Sukorejo,0.970188561742504,Kota Blitar_Sukorejo
Kota Bogor,Bogor Barat,0.997255160815723,Kota Bogor_Bogor Barat
Kota Bogor,Bogor Selatan,0.9946268815165017,Kota Bogor_Bogor Selatan
Kota Bogor,Bogor Tengah,0.9972583757663763,Kota Bogor_Bogor Tengah
Kota Bogor,Bogor Timur,0.995336143717504,Kota Bogor_Bogor Timur
Kota Bogor,Bogor Utara,0.9974629425233486,Kota Bogor_Bogor Utara
Kota Bogor,Tanah Sareal,0.997290054256662,Kota Bogor_Tanah Sareal
Kota Cilegon,Cibeber,0.9946104049142482,Kota Cilegon_Cibeber
Kota Cilegon,Cilegon,0.9945525035854537,Kota Cilegon_Cilegon
Kota Cilegon,Citangkil,0.994723128524075,Kota Cilegon_Citangkil
Kota Cilegon,Ciwandan,0.9922328814931969,Kota Cilegon_Ciwandan
Kota Cilegon,Gerogol,0.9832430744766629,Kota Cilegon_Gerogol
Kota Cilegon,Jombang,0.9953258660729092,Kota Cilegon_Jombang
Kota Cilegon,Pulomerak,0.9771793276979893,Kota Cilegon_Pulomerak
Kota Cilegon,Purwakarta,0.9867948865772704,Kota Cilegon_Purwakarta
Kota Cimahi,Cimahi Selatan,0.9900244961240531,Kota Cimahi_Cimahi Selatan
Kota Cimahi,Cimahi Tengah,0.9929731950780457,Kota Cimahi_Cimahi Tengah
Kota Cimahi,Cimahi Utara,0.9914027335104845,Kota Cimahi_Cimahi Utara
Kota Cirebon,Harjamukti,0.9985475126176275,Kota Cirebon_Harjamukti
Kota Cirebon,Kejaksan,0.9988135142688326,Kota Cirebon_Kejaksan
Kota Cirebon,Kesambi,0.9987913590096962,Kota Cirebon_Kesambi
Kota Cirebon,Lemahwungkuk,0.9986832144432662,Kota Cirebon_Lemahwungkuk
Kota Cirebon,Pekalipan,0.9987439712658628,Kota Cirebon_Pekalipan
Kota Depok,Beji,0.9977569527079709,Kota Depok_Beji
Kota Depok,Bojongsari,0.9971768379100452,Kota Depok_Bojongsari
Kota Depok,Cilodong,0.9975085499062978,Kota Depok_Cilodong
Kota Depok,Cimanggis,0.997745517415443,Kota Depok_Cimanggis
Kota Depok,Cinere,0.9974128145436937,Kota Depok_Cinere
Kota Depok,Cipayung,0.9975026814925627,Kota Depok_Cipayung
Kota Depok,Limo,0.9973746801425398,Kota Depok_Limo
Kota Depok,Pancoran Mas,0.9973492274212653,Kota Depok_Pancoran Mas
Kota Depok,Sawangan,0.9969445769398833,Kota Depok_Sawangan
Kota Depok,Sukmajaya,0.997782481494287,Kota Depok_Sukmajaya
Kota Depok,Tapos,0.9972993550736026,Kota Depok_Tapos
Kota Kediri,Kota,0.9729033444264626,Kota Kediri_Kota
Kota Kediri,Mojoroto,0.974502137285176,Kota Kediri_Mojoroto
Kota Kediri,Pesantren,0.9745687957845249,Kota Kediri_Pesantren
Kota Madiun,Kartoharjo,0.9642982799423664,Kota Madiun_Kartoharjo
Kota Madiun,Manguharjo,0.9624223661380654,Kota Madiun_Manguharjo
Kota Madiun,Taman,0.9656200134565127,Kota Madiun_Taman
Kota Magelang,Magelang Selatan,0.986134914642427,Kota Magelang_Magelang Selatan
Kota Magelang,Magelang Tengah,0.9884930507696137,Kota Magelang_Magelang Tengah
Kota Magelang,Magelang Utara,0.9890771534960595,Kota Magelang_Magelang Utara
Kota Malang,Blimbing,0.98106936492364,Kota Malang_Blimbing
Kota Malang,Kedungkandang,0.9699327083132425,Kota Malang_Kedungkandang
Kota Malang,Klojen,0.9813280883313519,Kota Malang_Klojen
Kota Malang,Lowokwaru,0.9787358861171447,Kota Malang_Lowokwaru
Kota Malang,Sukun,0.9797399742231843,Kota Malang_Sukun
Kota Mojokerto,Kranggan,0.9919479395603039,Kota Mojokerto_Kranggan
Kota Mojokerto,Magersari,0.9917041196522998,Kota Mojokerto_Magersari
Kota Mojokerto,Prajuritkulon,0.9905861277274226,Kota Mojokerto_Prajuritkulon
Kota Pasuruan,Bugul Kidul,,Kota Pasuruan_Bugul Kidul
Kota Pasuruan,Gadingrejo,,Kota Pasuruan_Gadingrejo
Kota Pasuruan,Panggungrejo,,Kota Pasuruan_Panggungrejo
Kota Pasuruan,Purworejo,,Kota Pasuruan_Purworejo
Kota Pekalongan,Pekalongan Barat,0.9997763835064181,Kota Pekalongan_Pekalongan Barat
Kota Pekalongan,Pekalongan Selatan,0.9995601140825373,Kota Pekalongan_Pekalongan Selatan
Kota Pekalongan,Pekalongan Timur,0.9997355272090842,Kota Pekalongan_Pekalongan Timur
Kota Pekalongan,Pekalongan Utara,0.9997703474417263,Kota Pekalongan_Pekalongan Utara
Kota Probolinggo,Kademangan,0.9808718213404161,Kota Probolinggo_Kademangan
Kota Probolinggo,Kanigaran,0.9803204216806488,Kota Probolinggo_Kanigaran
Kota Probolinggo,Kedopok,0.9771595754600064,Kota Probolinggo_Kedopok
Kota Probolinggo,Mayangan,0.9805683322543284,Kota Probolinggo_Mayangan
Kota Probolinggo,Wonoasih,0.9770257399817673,Kota Probolinggo_Wonoasih
Kota Salatiga,Argomulyo,0.9845160535413295,Kota Salatiga_Argomulyo
Kota Salatiga,Sidomukti,0.9856979135221957,Kota Salatiga_Sidomukti
Kota Salatiga,Sidorejo,0.9826810634124981,Kota Salatiga_Sidorejo
Kota Salatiga,Tingkir,0.981205229137348,Kota Salatiga_Tingkir
Kota Semarang,Banyumanik,0.9906917959882282,Kota Semarang_Banyumanik
Kota Semarang,Candisari,0.9911224440374634,Kota Semarang_Candisari
Kota Semarang,Gajahmungkur,0.9912516851043647,Kota Semarang_Gajahmungkur
Kota Semarang,Gayamsari,0.9969634974298144,Kota Semarang_Gayamsari
Kota Semarang,Genuk,0.9967068286114531,Kota Semarang_Genuk
Kota Semarang,Gunungpati,0.9930637407182221,Kota Semarang_Gunungpati
Kota Semarang,Mijen,0.9934386871837766,Kota Semarang_Mijen
Kota Semarang,Ngaliyan,0.9937440589915283,Kota Semarang_Ngaliyan
Kota Semarang,Pedurungan,0.9935364561426554,Kota Semarang_Pedurungan
Kota Semarang,Semarang Barat,0.9969584569464467,Kota Semarang_Semarang Barat
Kota Semarang,Semarang Selatan,0.9965511566704357,Kota Semarang_Semarang Selatan
Kota Semarang,Semarang Tengah,0.996552492507724,Kota Semarang_Semarang Tengah
Kota Semarang,Semarang Timur,0.9965360724028262,Kota Semarang_Semarang Timur
Kota Semarang,Semarang Utara,0.9967889231146295,Kota Semarang_Semarang Utara
Kota Semarang,Tembalang,0.9912876926079889,Kota Semarang_Tembalang
Kota Semarang,Tugu,0.9971269874861066,Kota Semarang_Tugu
Kota Serang,Cipocok Jaya,0.9955918832723172,Kota Serang_Cipocok Jaya
Kota Serang,Curug,0.9953162671416361,Kota Serang_Curug
Kota Serang,Kasemen,0.9957212142409926,Kota Serang_Kasemen
Kota Serang,Serang,0.9968078226489978,Kota Serang_Serang
Kota Serang,Taktakan,0.9942519628079447,Kota Serang_Taktakan
Kota Serang,Walantaka,0.9962205526803932,Kota Serang_Walantaka
Kota Sukabumi,Baros,0.9924246175071417,Kota Sukabumi_Baros
Kota Sukabumi,Cibeureum,0.9915451256476937,Kota Sukabumi_Cibeureum
Kota Sukabumi,Cikole,0.9920736812749111,Kota Sukabumi_Cikole
Kota Sukabumi,Citamiang,0.9923210647353583,Kota Sukabumi_Citamiang
Kota Sukabumi,Gunung Puyuh,0.9917826934207321,Kota Sukabumi_Gunung Puyuh
Kota Sukabumi,Lembursitu,0.9929485144431579,Kota Sukabumi_Lembursitu
Kota Sukabumi,Warudoyong,0.9923406491817264,Kota Sukabumi_Warudoyong
Kota Surabaya,Asem Rowo,,Kota Surabaya_Asem Rowo
Kota Surabaya,Benowo,,Kota Surabaya_Benowo
Kota Surabaya,Bubutan,,Kota Surabaya_Bubutan
Kota Surabaya,Bulak,,Kota Surabaya_Bulak
Kota Surabaya,Dukuh Pakis,,Kota Surabaya_Dukuh Pakis
Kota Surabaya,Gayungan,,Kota Surabaya_Gayungan
Kota Surabaya,Genteng,,Kota Surabaya_Genteng
Kota Surabaya,Gubeng,,Kota Surabaya_Gubeng
Kota Surabaya,Gunung Anyar,0.9942430205598721,Kota Surabaya_Gunung Anyar
Kota Surabaya,Jambangan,,Kota Surabaya_Jambangan
Kota Surabaya,Karang Pilang,,Kota Surabaya_Karang Pilang
Kota Surabaya,Kenjeran,,Kota Surabaya_Kenjeran
Kota Surabaya,Krembangan,,Kota Surabaya_Krembangan
Kota Surabaya,Lakarsantri,,Kota Surabaya_Lakarsantri
Kota Surabaya,Mulyorejo,,Kota Surabaya_Mulyorejo
Kota Surabaya,Pabean Cantian,,Kota Surabaya_Pabean Cantian
Kota Surabaya,Pakal,,Kota Surabaya_Pakal
Kota Surabaya,Rungkut,0.991564601834327,Kota Surabaya_Rungkut
Kota Surabaya,Sambikerep,,Kota Surabaya_Sambikerep
Kota Surabaya,Sawahan,,Kota Surabaya_Sawahan
Kota Surabaya,Semampir,,Kota Surabaya_Semampir
Kota Surabaya,Simokerto,,Kota Surabaya_Simokerto
Kota Surabaya,Sukolilo,,Kota Surabaya_Sukolilo
Kota Surabaya,Sukomanunggal,,Kota Surabaya_Sukomanunggal
Kota Surabaya,Tambaksari,,Kota Surabaya_Tambaksari
Kota Surabaya,Tandes,,Kota Surabaya_Tandes
Kota Surabaya,Tegalsari,,Kota Surabaya_Tegalsari
Kota Surabaya,Tenggilis Mejoyo,,Kota Surabaya_Tenggilis Mejoyo
Kota Surabaya,Wiyung,,Kota Surabaya_Wiyung
Kota Surabaya,Wonocolo,,Kota Surabaya_Wonocolo
Kota Surabaya,Wonokromo,,Kota Surabaya_Wonokromo
Kota Surakarta,Banjarsari,0.9750092983749888,Kota Surakarta_Banjarsari
Kota Surakarta,Jebres,0.9713258236345197,Kota Surakarta_Jebres
Kota Surakarta,Laweyan,0.9781654314345306,Kota Surakarta_Laweyan
Kota Surakarta,Pasar Kliwon,0.9781406896363514,Kota Surakarta_Pasar Kliwon
Kota Surakarta,Serengan,0.9757651916712322,Kota Surakarta_Serengan
Kota Tangerang,Batuceper,0.9986282541554657,Kota Tangerang_Batuceper
Kota Tangerang,Benda,0.9976728832799634,Kota Tangerang_Benda
Kota Tangerang,Cibodas,0.998331562073391,Kota Tangerang_Cibodas
Kota Tangerang,Ciledug,0.9980498510946682,Kota Tangerang_Ciledug
Kota Tangerang,Cipondoh,0.9985806624166438,Kota Tangerang_Cipondoh
Kota Tangerang,Jatiuwung,0.9987142064356853,Kota Tangerang_Jatiuwung
Kota Tangerang,Karang Tengah,0.9980003255557679,Kota Tangerang_Karang Tengah
Kota Tangerang,Karawaci,0.9985848416761818,Kota Tangerang_Karawaci
Kota Tangerang,Larangan,0.997962322511812,Kota Tangerang_Larangan
Kota Tangerang,Neglasari,0.997695677352172,Kota Tangerang_Neglasari
Kota Tangerang,Periuk,0.9986990901173244,Kota Tangerang_Periuk
Kota Tangerang,Pinang,0.9980524106464187,Kota Tangerang_Pinang
Kota Tangerang,Tangerang,0.9985569886852264,Kota Tangerang_Tangerang
Kota Tangerang Selatan,Ciputat,0.9974198883716651,Kota Tangerang Selatan_Ciputat
Kota Tangerang Selatan,Ciputat Timur,0.9979714612709494,Kota Tangerang Selatan_Ciputat Timur
Kota Tangerang Selatan,Pamulang,0.9973870911287985,Kota Tangerang Selatan_Pamulang
Kota Tangerang Selatan,Pondok Aren,0.9980247866360699,Kota Tangerang Selatan_Pondok Aren
Kota Tangerang Selatan,Serpong,0.9974876852783291,Kota Tangerang Selatan_Serpong
Kota Tangerang Selatan,Serpong Utara,0.9980344331777831,Kota Tangerang Selatan_Serpong Utara
Kota Tangerang Selatan,Setu,0.997377684148119,Kota Tangerang Selatan_Setu
Kota Tasikmalaya,Bungursari,0.9913655481353634,Kota Tasikmalaya_Bungursari
Kota Tasikmalaya,Cibeureum,0.9928950602733545,Kota Tasikmalaya_Cibeureum
Kota Tasikmalaya,Cihideung,0.994559729853873,Kota Tasikmalaya_Cihideung
Kota Tasikmalaya,Cipedes,0.9941852565450504,Kota Tasikmalaya_Cipedes
Kota Tasikmalaya,Indihiang,0.9955837059132269,Kota Tasikmalaya_Indihiang
Kota Tasikmalaya,Kawalu,0.9939265196431487,Kota Tasikmalaya_Kawalu
Kota Tasikmalaya,Mangkubumi,0.9913810513467991,Kota Tasikmalaya_Mangkubumi
Kota Tasikmalaya,Purbaratu,0.9921941182233154,Kota Tasikmalaya_Purbaratu
Kota Tasikmalaya,Tamansari,0.9912181294427141,Kota Tasikmalaya_Tamansari
Kota Tasikmalaya,Tawang,0.9947400287775118,Kota Tasikmalaya_Tawang
Kota Tegal,Margadana,0.999324501092727,Kota Tegal_Margadana
Kota Tegal,Tegal Barat,0.9993674175405015,Kota Tegal_Tegal Barat
Kota Tegal,Tegal Selatan,0.999358732657235,Kota Tegal_Tegal Selatan
Kota Tegal,Tegal Timur,0.999407433725885,Kota Tegal_Tegal Timur
Kota Yogyakarta,Danurejan,0.9878783110645846,Kota Yogyakarta_Danurejan
Kota Yogyakarta,Gedongtengen,0.9867477553736282,Kota Yogyakarta_Gedongtengen
Kota Yogyakarta,Gondokusuman,0.9877495650523856,Kota Yogyakarta_Gondokusuman
Kota Yogyakarta,Gondomanan,0.9882495102423134,Kota Yogyakarta_Gondomanan
Kota Yogyakarta,Jetis,0.9879338482211709,Kota Yogyakarta_Jetis
Kota Yogyakarta,Kotagede,0.9882573578898819,Kota Yogyakarta_Kotagede
Kota Yogyakarta,Kraton,0.9884230777227623,Kota Yogyakarta_Kraton
Kota Yogyakarta,Mantrijeron,0.988297080632171,Kota Yogyakarta_Mantrijeron
Kota Yogyakarta,Mergangsan,0.9887289894422001,Kota Yogyakarta_Mergangsan
Kota Yogyakarta,Ngampilan,0.9875348493399678,Kota Yogyakarta_Ngampilan
Kota Yogyakarta,Pakualaman,0.9877933074491386,Kota Yogyakarta_Pakualaman
Kota Yogyakarta,Tegalrejo,0.9875800131204697,Kota Yogyakarta_Tegalrejo
Kota Yogyakarta,Umbulharjo,0.9886095666628982,Kota Yogyakarta_Umbulharjo
Kota Yogyakarta,Wirobrajan,0.986778802210779,Kota Yogyakarta_Wirobrajan
Kudus,Bae,0.992474841591189,Kudus_Bae
Kudus,Dawe,0.9867280724073474,Kudus_Dawe
Kudus,Gebog,0.9864515899343097,Kudus_Gebog
Kudus,Jati,0.9904923417909528,Kudus_Jati
Kudus,Jekulo,0.9795546839928768,Kudus_Jekulo
Kudus,Kaliwungu,0.995981886829578,Kudus_Kaliwungu
Kudus,Kota Kudus,0.9917064007755547,Kudus_Kota Kudus
Kudus,Mejobo,0.9896781710520172,Kudus_Mejobo
Kudus,Undaan,0.9907192875037374,Kudus_Undaan
Kulon Progo,Galur,0.99350243832275,Kulon Progo_Galur
Kulon Progo,Girimulyo,0.9809178826399984,Kulon Progo_Girimulyo
Kulon Progo,Kalibawang,0.9735833795656491,Kulon Progo_Kalibawang
Kulon Progo,Kokap,0.9868011818445378,Kulon Progo_Kokap
Kulon Progo,Lendah,0.9940137972030091,Kulon Progo_Lendah
Kulon Progo,Nanggulan,0.9838542781576397,Kulon Progo_Nanggulan
Kulon Progo,Panjatan,0.9952490613620778,Kulon Progo_Panjatan
Kulon Progo,Pengasih,0.9868893721905738,Kulon Progo_Pengasih
Kulon Progo,Samigaluh,0.9711191019657422,Kulon Progo_Samigaluh
Kulon Progo,Sentolo,0.9863314836891343,Kulon Progo_Sentolo
Kulon Progo,Temon,0.9938654728844546,Kulon Progo_Temon
Kulon Progo,Wates,0.9915692729750216,Kulon Progo_Wates
Kuningan,Ciawigebang,0.9969362614837083,Kuningan_Ciawigebang
Kuningan,Cibeureum,0.9962705437371546,Kuningan_Cibeureum
Kuningan,Cibingbin,0.9970149411121227,Kuningan_Cibingbin
Kuningan,Cidahu,0.9982667668422818,Kuningan_Cidahu
Kuningan,Cigandamekar,0.997905067723103,Kuningan_Cigandamekar
Kuningan,Cigugur,0.9957207601052535,Kuningan_Cigugur
Kuningan,Cilebak,0.9892839696932278,Kuningan_Cilebak
Kuningan,Cilimus,0.9964684008053719,Kuningan_Cilimus
Kuningan,Cimahi,0.9985029771543528,Kuningan_Cimahi
Kuningan,Ciniru,0.9915986422946899,Kuningan_Ciniru
Kuningan,Cipicung,0.996769500770343,Kuningan_Cipicung
Kuningan,Ciwaru,0.9953207451748792,Kuningan_Ciwaru
Kuningan,Darma,0.9945115900605334,Kuningan_Darma
Kuningan,Garawangi,0.9956057758507367,Kuningan_Garawangi
Kuningan,Hantara,0.9903026693614335,Kuningan_Hantara
Kuningan,Jalaksana,0.9957533636476614,Kuningan_Jalaksana
Kuningan,Japara,0.9966294108162813,Kuningan_Japara
Kuningan,Kadugede,0.9926167603432753,Kuningan_Kadugede
Kuningan,Kalimanggis,0.9982536535763851,Kuningan_Kalimanggis
Kuningan,Karang Kancana,0.9932429844564787,Kuningan_Karang Kancana
Kuningan,Kramatmulya,0.997374778178373,Kuningan_Kramatmulya
Kuningan,Kuningan,0.9970485349408231,Kuningan_Kuningan
Kuningan,Lebakwangi,0.9969365178356518,Kuningan_Lebakwangi
Kuningan,Luragung,0.9969207208090989,Kuningan_Luragung
Kuningan,Maleber,0.9945890980632988,Kuningan_Maleber
Kuningan,Mandirancan,0.9961529242564379,Kuningan_Mandirancan
Kuningan,Nusaherang,0.9917450060451976,Kuningan_Nusaherang
Kuningan,Pancalang,0.9972007339126898,Kuningan_Pancalang
Kuningan,Pasawahan,0.9959826129258786,Kuningan_Pasawahan
Kuningan,Selajambe,0.988567147783748,Kuningan_Selajambe
Kuningan,Sindangagung,0.9972430567790236,Kuningan_Sindangagung
Kuningan,Subang,0.991381884564873,Kuningan_Subang
Lamongan,Babat,0.9757381754053344,Lamongan_Babat
Lamongan,Bluluk,0.9824493980070401,Lamongan_Bluluk
Lamongan,Brondong,0.9350317300780708,Lamongan_Brondong
Lamongan,Deket,0.9850850869586648,Lamongan_Deket
Lamongan,Glagah,0.9833200921297393,Lamongan_Glagah
Lamongan,Kalitengah,0.9824784504822944,Lamongan_Kalitengah
Lamongan,Karangbinangun,0.9842294581148959,Lamongan_Karangbinangun
Lamongan,Karanggeneng,0.9814024606703002,Lamongan_Karanggeneng
Lamongan,Kedungpring,0.9773504980139567,Lamongan_Kedungpring
Lamongan,Kembangbahu,0.980067836932283,Lamongan_Kembangbahu
Lamongan,Lamongan,0.9812063421419324,Lamongan_Lamongan
Lamongan,Laren,0.9441742840185492,Lamongan_Laren
Lamongan,Maduran,0.9702742515299153,Lamongan_Maduran
Lamongan,Mantup,0.9811079623012605,Lamongan_Mantup
Lamongan,Modo,0.9816595552542456,Lamongan_Modo
Lamongan,Ngimbang,0.9811202446587994,Lamongan_Ngimbang
Lamongan,Paciran,0.7954265692375554,Lamongan_Paciran
Lamongan,Pucuk,0.9698260405843097,Lamongan_Pucuk
Lamongan,Sambeng,0.9821666868658075,Lamongan_Sambeng
Lamongan,Sarirejo,0.9869559129878406,Lamongan_Sarirejo
Lamongan,Sekaran,0.9690353914331575,Lamongan_Sekaran
Lamongan,Solokuro,0.9468156715963804,Lamongan_Solokuro
Lamongan,Sugio,0.9771045337521818,Lamongan_Sugio
Lamongan,Sukodadi,0.978704926654896,Lamongan_Sukodadi
Lamongan,Sukorame,0.9866930143608165,Lamongan_Sukorame
Lamongan,Tikung,0.9871053591897055,Lamongan_Tikung
Lamongan,Turi,0.9829581667946764,Lamongan_Turi
Lebak,Banjarsari,0.9952984722085955,Lebak_Banjarsari
Lebak,Bayah,0.994094795291263,Lebak_Bayah
Lebak,Bojongmanik,0.9926838398408344,Lebak_Bojongmanik
Lebak,Cibadak,0.9974651588878835,Lebak_Cibadak
Lebak,Cibeber,0.9893554631724654,Lebak_Cibeber
Lebak,Cigemlong,0.9933271577100962,Lebak_Cigemlong
Lebak,Cihara,0.995192772308834,Lebak_Cihara
Lebak,Cijaku,0.9953946915154029,Lebak_Cijaku
Lebak,Cikulur,0.9943839689561078,Lebak_Cikulur
Lebak,Cileles,0.9941739598192022,Lebak_Cileles
Lebak,Cilograng,0.9936381405354595,Lebak_Cilograng
Lebak,Cimarga,0.9940818965825248,Lebak_Cimarga
Lebak,Cipanas,0.9924591731724275,Lebak_Cipanas
Lebak,Cirinten,0.9928647498786386,Lebak_Cirinten
Lebak,Curug Bitung,0.9958369141550903,Lebak_Curug Bitung
Lebak,Gunungkencana,0.9944000014616741,Lebak_Gunungkencana
Lebak,Kalanganyar,0.9943015604562504,Lebak_Kalanganyar
Lebak,Lebakgedong,0.9886879385381764,Lebak_Lebakgedong
Lebak,Leuwidamar,0.9920002274636284,Lebak_Leuwidamar
Lebak,Maja,0.9959539016284886,Lebak_Maja
Lebak,Malingping,0.9960408484052472,Lebak_Malingping
Lebak,Muncang,0.99117198133965,Lebak_Muncang
Lebak,Panggarangan,0.9929891201029617,Lebak_Panggarangan
Lebak,Rangkasbitung,0.9961529961071658,Lebak_Rangkasbitung
Lebak,Sajira,0.9930734516728031,Lebak_Sajira
Lebak,Sobang,0.9889096874980369,Lebak_Sobang
Lebak,Wanasalam,0.9965065437363377,Lebak_Wanasalam
Lebak,Warunggunung,0.9945858175724672,Lebak_Warunggunung
Lumajang,Candipuro,0.9597174488259634,Lumajang_Candipuro
Lumajang,Gucialit,0.9437195274088983,Lumajang_Gucialit
Lumajang,Jatiroto,0.9607907097780366,Lumajang_Jatiroto
Lumajang,Kedungjajang,0.9571175674140898,Lumajang_Kedungjajang
Lumajang,Klakah,0.9562318635422502,Lumajang_Klakah
Lumajang,Kunir,0.9556582805186633,Lumajang_Kunir
Lumajang,Lumajang,0.9672899066164093,Lumajang_Lumajang
Lumajang,Padang,0.9612412993270271,Lumajang_Padang
Lumajang,Pasirian,0.9478129183642966,Lumajang_Pasirian
Lumajang,Pasrujambe,0.9581796866056683,Lumajang_Pasrujambe
Lumajang,Pronojiwo,0.9375359058844986,Lumajang_Pronojiwo
Lumajang,Randuagung,0.9646090384175934,Lumajang_Randuagung
Lumajang,Ranuyoso,0.9512588452406538,Lumajang_Ranuyoso
Lumajang,Rowokangkung,0.9618928009278223,Lumajang_Rowokangkung
Lumajang,Senduro,0.9571270091345445,Lumajang_Senduro
Lumajang,Sukodono,0.9667555183997892,Lumajang_Sukodono
Lumajang,Sumbersuko,0.9632007492736824,Lumajang_Sumbersuko
Lumajang,Tekung,0.9631215664288101,Lumajang_Tekung
Lumajang,Tempeh,0.956607193684393,Lumajang_Tempeh
Lumajang,Tempursari,0.9200332846952151,Lumajang_Tempursari
Lumajang,Yosowilangun,0.9590887534033687,Lumajang_Yosowilangun
Madiun,Balerejo,0.9536815839062749,Madiun_Balerejo
Madiun,Dagangan,0.9363196864347324,Madiun_Dagangan
Madiun,Dolopo,0.9540224057608866,Madiun_Dolopo
Madiun,Geger,0.9592589507321752,Madiun_Geger
Madiun,Gemarang,0.9798074307187298,Madiun_Gemarang
Madiun,Jiwan,0.9451097755677377,Madiun_Jiwan
Madiun,Kare,0.9499023998784021,Madiun_Kare
Madiun,Kebonsari,0.9512220972766191,Madiun_Kebonsari
Madiun,Madiun,0.9541240364293354,Madiun_Madiun
Madiun,Mejayan,0.9699883035893188,Madiun_Mejayan
Madiun,Pilangkenceng,0.9774851788751764,Madiun_Pilangkenceng
Madiun,Saradan,0.9752023770731161,Madiun_Saradan
Madiun,Sawahan,0.9562529324412401,Madiun_Sawahan
Madiun,Wonoasri,0.9682938043853613,Madiun_Wonoasri
Madiun,Wungu,0.9651196131267891,Madiun_Wungu
Magelang,Bandongan,0.9885345996504776,Magelang_Bandongan
Magelang,Borobudur,0.9777752415532273,Magelang_Borobudur
Magelang,Candimulyo,0.9844854065586466,Magelang_Candimulyo
Magelang,Dukun,0.9800207287348354,Magelang_Dukun
Magelang,Grabag,0.9817833079568246,Magelang_Grabag
Magelang,Kajoran,0.9872941566253839,Magelang_Kajoran
Magelang,Kaliangkrik,0.9850902573381651,Magelang_Kaliangkrik
Magelang,Mertoyudan,0.9839550846892413,Magelang_Mertoyudan
Magelang,Mungkid,0.9852855040920945,Magelang_Mungkid
Magelang,Muntilan,0.9861914756045288,Magelang_Muntilan
Magelang,Ngablak,0.9789144982513737,Magelang_Ngablak
Magelang,Ngluwar,0.982703201397455,Magelang_Ngluwar
Magelang,Pakis,0.981314216119607,Magelang_Pakis
Magelang,Salam,0.9812276842251606,Magelang_Salam
Magelang,Salaman,0.9811835440373284,Magelang_Salaman
Magelang,Sawangan,0.975842487831912,Magelang_Sawangan
Magelang,Secang,0.9856119735758847,Magelang_Secang
Magelang,Srumbung,0.9815485665988649,Magelang_Srumbung
Magelang,Tegalrejo,0.9856451930480994,Magelang_Tegalrejo
Magelang,Tempuran,0.9828419196603708,Magelang_Tempuran
Magelang,Windusari,0.9842968074207471,Magelang_Windusari
Magetan,Barat,0.9644998268677504,Magetan_Barat
Magetan,Bendo,0.9439864063346851,Magetan_Bendo
Magetan,Karangrejo,0.9648483754220933,Magetan_Karangrejo
Magetan,Karas,0.9650730685248704,Magetan_Karas
Magetan,Kartoharjo,0.9571724703728133,Magetan_Kartoharjo
Magetan,Kawedanan,0.9412859066255151,Magetan_Kawedanan
Magetan,Lembeyan,0.9498096116175784,Magetan_Lembeyan
Magetan,Magetan,0.9500993471421338,Magetan_Magetan
Magetan,Maospati,0.9568865949006192,Magetan_Maospati
Magetan,Ngariboyo,0.9475913305732373,Magetan_Ngariboyo
Magetan,Nguntoronadi,0.9531119421483076,Magetan_Nguntoronadi
Magetan,Panekan,0.9411342439425188,Magetan_Panekan
Magetan,Parang,0.9491859464591113,Magetan_Parang
Magetan,Plaosan,0.9418794310071041,Magetan_Plaosan
Magetan,Poncol,0.9417051016815122,Magetan_Poncol
Magetan,Sidorejo,0.9508239864159533,Magetan_Sidorejo
Magetan,Sukomoro,0.9477979686520124,Magetan_Sukomoro
Magetan,Takeran,0.9487741078255845,Magetan_Takeran
Majalengka,Argapura,0.9951470404097663,Majalengka_Argapura
Majalengka,Banjaran,0.9938466781234899,Majalengka_Banjaran
Majalengka,Bantarujeg,0.9945169513743674,Majalengka_Bantarujeg
Majalengka,Cigasong,0.9969171744596447,Majalengka_Cigasong
Majalengka,Cikijing,0.9946934754285984,Majalengka_Cikijing
Majalengka,Cingambul,0.9912550548592409,Majalengka_Cingambul
Majalengka,Dawuan,0.9977537158848215,Majalengka_Dawuan
Majalengka,Jatitujuh,0.9980114193837015,Majalengka_Jatitujuh
Majalengka,Jatiwangi,0.9979378547435315,Majalengka_Jatiwangi
Majalengka,Kadipaten,0.9968167141696668,Majalengka_Kadipaten
Majalengka,Kasokandel,0.9976592840910758,Majalengka_Kasokandel
Majalengka,Kertajati,0.9975715435355278,Majalengka_Kertajati
Majalengka,Lemahsugih,0.9892034802848646,Majalengka_Lemahsugih
Majalengka,Leuwimunding,0.9977786087305373,Majalengka_Leuwimunding
Majalengka,Ligung,0.9980740306956561,Majalengka_Ligung
Majalengka,Maja,0.9944515063094527,Majalengka_Maja
Majalengka,Majalengka,0.9961948944972984,Majalengka_Majalengka
Majalengka,Malausma,0.9933181547563216,Majalengka_Malausma
Majalengka,Palasah,0.997665318036508,Majalengka_Palasah
Majalengka,Panyingkiran,0.9969443537486944,Majalengka_Panyingkiran
Majalengka,Rajagaluh,0.9963445710850061,Majalengka_Rajagaluh
Majalengka,Sindang,0.9964985545317633,Majalengka_Sindang
Majalengka,Sindangwangi,0.9961989490221633,Majalengka_Sindangwangi
Majalengka,Sukahaji,0.9965467311027605,Majalengka_Sukahaji
Majalengka,Sumberjaya,0.9983421592225266,Majalengka_Sumberjaya
Majalengka,Talaga,0.9951786941865186,Majalengka_Talaga
Malang,Ampelgading,0.9263278477973304,Malang_Ampelgading
Malang,Bantur,0.9375694268809879,Malang_Bantur
Malang,Bululawang,0.9442231519487705,Malang_Bululawang
Malang,Dampit,0.9328514131006538,Malang_Dampit
Malang,Dau,0.9570037098365229,Malang_Dau
Malang,Donomulyo,,Malang_Donomulyo
Malang,Gedangan,0.94113040217286,Malang_Gedangan
Malang,Gondanglegi,0.9457371830784531,Malang_Gondanglegi
Malang,Jabung,0.9480036240364502,Malang_Jabung
Malang,Kalipare,0.9276255599241842,Malang_Kalipare
Malang,Karangploso,0.9702851765827918,Malang_Karangploso
Malang,Kasembon,0.9630036060387434,Malang_Kasembon
Malang,Kepanjen,0.951145628054114,Malang_Kepanjen
Malang,Kromengan,0.939481899851178,Malang_Kromengan
Malang,Lawang,0.9648329433144555,Malang_Lawang
Malang,Ngajum,0.9566315715567942,Malang_Ngajum
Malang,Ngantang,0.9595647169394316,Malang_Ngantang
Malang,Pagak,0.9263003140957665,Malang_Pagak
Malang,Pagelaran,0.9481560417231635,Malang_Pagelaran
Malang,Pakis,0.9725790266273934,Malang_Pakis
Malang,Pakisaji,0.969559712133776,Malang_Pakisaji
Malang,Poncokusumo,0.9507128267855836,Malang_Poncokusumo
Malang,Pujon,0.9490372178782485,Malang_Pujon
Malang,Singosari,0.9661913345936255,Malang_Singosari
Malang,Sumbermanjing Wetan,0.9253525692818991,Malang_Sumbermanjing Wetan
Malang,Sumberpucung,0.9479277816612578,Malang_Sumberpucung
Malang,Tajinan,0.9676664282007637,Malang_Tajinan
Malang,Tirtoyudo,0.9024406034324504,Malang_Tirtoyudo
Malang,Tumpang,0.963157507304543,Malang_Tumpang
Malang,Turen,0.9465566177923271,Malang_Turen
Malang,Wagir,0.9571079729294872,Malang_Wagir
Malang,Wajak,0.9273433860122738,Malang_Wajak
Malang,Wonosari,0.9528715529161164,Malang_Wonosari
Mojokerto,Bangsal,0.9881620647331171,Mojokerto_Bangsal
Mojokerto,Dawarblandong,0.9862440915186608,Mojokerto_Dawarblandong
Mojokerto,Dlanggu,0.986266767484138,Mojokerto_Dlanggu
Mojokerto,Gedeg,0.9908613858422781,Mojokerto_Gedeg
Mojokerto,Gondang,0.9736435136487945,Mojokerto_Gondang
Mojokerto,Jatirejo,0.9778696941157227,Mojokerto_Jatirejo
Mojokerto,Jetis,0.9871129895349849,Mojokerto_Jetis
Mojokerto,Kemlagi,0.9849382785787538,Mojokerto_Kemlagi
Mojokerto,Kutorejo,0.9882278545806354,Mojokerto_Kutorejo
Mojokerto,Mojoanyar,0.9898150508402397,Mojokerto_Mojoanyar
Mojokerto,Mojosari,0.9899483330226937,Mojokerto_Mojosari
Mojokerto,Ngoro,0.9885093075618516,Mojokerto_Ngoro
Mojokerto,Pacet,0.9752865612918918,Mojokerto_Pacet
Mojokerto,Pungging,0.9881490450786801,Mojokerto_Pungging
Mojokerto,Puri,0.9881227365758845,Mojokerto_Puri
Mojokerto,Sooko,0.9892524516797664,Mojokerto_Sooko
Mojokerto,Trawas,0.9731370122319212,Mojokerto_Trawas
Mojokerto,Trowulan,0.9858162558791448,Mojokerto_Trowulan
Nan,Nan,,Nan_Nan
Nganjuk,Bagor,0.9737468256987964,Nganjuk_Bagor
Nganjuk,Baron,0.979416578173107,Nganjuk_Baron
Nganjuk,Berbek,0.9763691333886143,Nganjuk_Berbek
Nganjuk,Gondang,0.9753749743957095,Nganjuk_Gondang
Nganjuk,Jatikalen,0.980515694510636,Nganjuk_Jatikalen
Nganjuk,Kertosono,0.9758104225747132,Nganjuk_Kertosono
Nganjuk,Lengkong,0.9810168735203271,Nganjuk_Lengkong
Nganjuk,Loceret,0.970186153912659,Nganjuk_Loceret
Nganjuk,Nganjuk,0.9786274924039937,Nganjuk_Nganjuk
Nganjuk,Ngetos,0.9670614594785943,Nganjuk_Ngetos
Nganjuk,Ngluyu,0.978570431719882,Nganjuk_Ngluyu
Nganjuk,Ngronggot,0.9744916471481391,Nganjuk_Ngronggot
Nganjuk,Pace,0.9707187669610076,Nganjuk_Pace
Nganjuk,Patianrowo,0.9783129771357042,Nganjuk_Patianrowo
Nganjuk,Prambon,0.97575643591114,Nganjuk_Prambon
Nganjuk,Rejoso,0.9767584134764024,Nganjuk_Rejoso
Nganjuk,Sawahan,0.9431190331591212,Nganjuk_Sawahan
Nganjuk,Sukomoro,0.9771539828487489,Nganjuk_Sukomoro
Nganjuk,Tanjunganom,0.9743816783609365,Nganjuk_Tanjunganom
Nganjuk,Wilangan,0.9825983049467569,Nganjuk_Wilangan
Ngawi,Bringin,0.9685068305535057,Ngawi_Bringin
Ngawi,Geneng,0.9650993856531409,Ngawi_Geneng
Ngawi,Gerih,0.9659334265022091,Ngawi_Gerih
Ngawi,Jogorogo,0.9495344936611594,Ngawi_Jogorogo
Ngawi,Karanganyar,0.9611997900936168,Ngawi_Karanganyar
Ngawi,Karangjati,0.9769379044830867,Ngawi_Karangjati
Ngawi,Kasreman,0.969519021010614,Ngawi_Kasreman
Ngawi,Kedunggalar,0.9712239943644648,Ngawi_Kedunggalar
Ngawi,Kendal,0.9459267313358741,Ngawi_Kendal
Ngawi,Kwadungan,0.9642084172720583,Ngawi_Kwadungan
Ngawi,Mantingan,0.9725497869368896,Ngawi_Mantingan
Ngawi,Ngawi,0.9656506689278965,Ngawi_Ngawi
Ngawi,Ngrambe,0.9564592961272972,Ngawi_Ngrambe
Ngawi,Padas,0.9759160023184447,Ngawi_Padas
Ngawi,Pangkur,0.9768335386441346,Ngawi_Pangkur
Ngawi,Paron,0.9706974836588266,Ngawi_Paron
Ngawi,Pitu,0.9639654722202363,Ngawi_Pitu
Ngawi,Sine,0.9514757558883087,Ngawi_Sine
Ngawi,Widodaren,0.9693017006522661,Ngawi_Widodaren
Pacitan,Arjosari,0.9352353489821945,Pacitan_Arjosari
Pacitan,Bandar,0.9373699040326321,Pacitan_Bandar
Pacitan,Donorojo,0.9806933493571842,Pacitan_Donorojo
Pacitan,Kebonagung,0.9483811472551845,Pacitan_Kebonagung
Pacitan,Nawangan,0.9325841880141895,Pacitan_Nawangan
Pacitan,Ngadirojo,0.9344607273252205,Pacitan_Ngadirojo
Pacitan,Pacitan,0.9528276537280134,Pacitan_Pacitan
Pacitan,Pringkuku,0.9608123617874612,Pacitan_Pringkuku
Pacitan,Punung,0.9623424546036649,Pacitan_Punung
Pacitan,Sudimoro,0.935367310457324,Pacitan_Sudimoro
Pacitan,Tegalombo,0.9332142579191416,Pacitan_Tegalombo
Pacitan,Tulakan,0.9354466893498437,Pacitan_Tulakan
Pamekasan,Batumarmar,0.9697732443631206,Pamekasan_Batumarmar
Pamekasan,Galis,0.9752207961028916,Pamekasan_Galis
Pamekasan,Kadur,0.9769963291751117,Pamekasan_Kadur
Pamekasan,Larangan,0.9699676139655004,Pamekasan_Larangan
Pamekasan,Pademawu,0.9733459190306727,Pamekasan_Pademawu
Pamekasan,Pakong,0.9802600361836745,Pamekasan_Pakong
Pamekasan,Palengaan,0.9743978396436729,Pamekasan_Palengaan
Pamekasan,Pamekasan,0.9764560569769893,Pamekasan_Pamekasan
Pamekasan,Pasean,0.9823585046854497,Pamekasan_Pasean
Pamekasan,Pegantenan,0.9720096125852714,Pamekasan_Pegantenan
Pamekasan,Proppo,0.9743021219713972,Pamekasan_Proppo
Pamekasan,Tlanakan,0.9733609335469287,Pamekasan_Tlanakan
Pamekasan,Waru,0.9804079525549154,Pamekasan_Waru
Pandeglang,Angsana,0.995838985546994,Pandeglang_Angsana
Pandeglang,Banjar,0.9947796760929516,Pandeglang_Banjar
Pandeglang,Bojong,0.9944415416993483,Pandeglang_Bojong
Pandeglang,Cadasari,0.9931008306083603,Pandeglang_Cadasari
Pandeglang,Carita,0.9921382236199421,Pandeglang_Carita
Pandeglang,Cibaliung,0.9966861155167078,Pandeglang_Cibaliung
Pandeglang,Cibitung,0.9969674202264912,Pandeglang_Cibitung
Pandeglang,Cigeulis,0.9967470265342445,Pandeglang_Cigeulis
Pandeglang,Cikedal,0.9950860852359961,Pandeglang_Cikedal
Pandeglang,Cikeusik,0.9964908281363252,Pandeglang_Cikeusik
Pandeglang,Cimanggu,0.9981105986727952,Pandeglang_Cimanggu
Pandeglang,Cimanuk,0.9952873178046938,Pandeglang_Cimanuk
Pandeglang,Cipeucang,0.9937420538427153,Pandeglang_Cipeucang
Pandeglang,Cisata,0.9938476793175057,Pandeglang_Cisata
Pandeglang,Jiput,0.9930455040565876,Pandeglang_Jiput
Pandeglang,Kaduhejo,0.99262168898629,Pandeglang_Kaduhejo
Pandeglang,Karang Tanjung,0.9930849064174743,Pandeglang_Karang Tanjung
Pandeglang,Koroncong,0.9937441902854107,Pandeglang_Koroncong
Pandeglang,Labuan,0.9958353330875085,Pandeglang_Labuan
Pandeglang,Majasari,0.9934017597459363,Pandeglang_Majasari
Pandeglang,Mandalawangi,0.9909253815529613,Pandeglang_Mandalawangi
Pandeglang,Mekarjaya,0.9944001700358673,Pandeglang_Mekarjaya
Pandeglang,Menes,0.994807090985533,Pandeglang_Menes
Pandeglang,Munjul,0.9946199304129143,Pandeglang_Munjul
Pandeglang,Pagelaran,0.9979744982620558,Pandeglang_Pagelaran
Pandeglang,Pandeglang,0.9943327297362251,Pandeglang_Pandeglang
Pandeglang,Panimbang,0.9965918970641684,Pandeglang_Panimbang
Pandeglang,Patia,0.9958960805395525,Pandeglang_Patia
Pandeglang,Picung,0.9950367793575301,Pandeglang_Picung
Pandeglang,Pulosari,0.9914082814417072,Pandeglang_Pulosari
Pandeglang,Saketi,0.9939743133276134,Pandeglang_Saketi
Pandeglang,Sindangresmi,0.9954866033852068,Pandeglang_Sindangresmi
Pandeglang,Sobang,0.9967652133540588,Pandeglang_Sobang
Pandeglang,Sukaresmi,0.9960084482182562,Pandeglang_Sukaresmi
Pandeglang,Sumur,0.9931020726663738,Pandeglang_Sumur
Pangandaran,Cigugur,0.9925673406697475,Pangandaran_Cigugur
Pangandaran,Cijulang,0.9936735465281318,Pangandaran_Cijulang
Pangandaran,Cimerak,0.9930975279015951,Pangandaran_Cimerak
Pangandaran,Kalipucang,0.9920322200716829,Pangandaran_Kalipucang
Pangandaran,Langkaplancar,0.9911701902369546,Pangandaran_Langkaplancar
Pangandaran,Mangunjaya,0.9925417785671448,Pangandaran_Mangunjaya
Pangandaran,Padaherang,0.9923186224218785,Pangandaran_Padaherang
Pangandaran,Pangandaran,0.992667494820441,Pangandaran_Pangandaran
Pangandaran,Parigi,0.9963655265803508,Pangandaran_Parigi
Pangandaran,Sidamulih,0.9909561897523721,Pangandaran_Sidamulih
Pasuruan,Bangil,,Pasuruan_Bangil
Pasuruan,Beji,,Pasuruan_Beji
Pasuruan,Gempol,0.989426176221435,Pasuruan_Gempol
Pasuruan,Gondangwetan,,Pasuruan_Gondangwetan
Pasuruan,Grati,0.9772678186678959,Pasuruan_Grati
Pasuruan,Kejayan,,Pasuruan_Kejayan
Pasuruan,Kraton,,Pasuruan_Kraton
Pasuruan,Lekok,,Pasuruan_Lekok
Pasuruan,Lumbang,0.9514505075251631,Pasuruan_Lumbang
Pasuruan,Nguling,0.9761809693070329,Pasuruan_Nguling
Pasuruan,Pandaan,0.9852379318076226,Pasuruan_Pandaan
Pasuruan,Pasrepan,0.9718176849346231,Pasuruan_Pasrepan
Pasuruan,Pohjentrek,,Pasuruan_Pohjentrek
Pasuruan,Prigen,0.9701921061870924,Pasuruan_Prigen
Pasuruan,Purwodadi,0.9635727066257906,Pasuruan_Purwodadi
Pasuruan,Purwosari,0.9754356428957157,Pasuruan_Purwosari
Pasuruan,Puspo,0.9499166246032209,Pasuruan_Puspo
Pasuruan,Rejoso,,Pasuruan_Rejoso
Pasuruan,Rembang,,Pasuruan_Rembang
Pasuruan,Sukorejo,0.984418716636178,Pasuruan_Sukorejo
Pasuruan,Tosari,0.9532452384708231,Pasuruan_Tosari
Pasuruan,Tutur,0.9552705491659795,Pasuruan_Tutur
Pasuruan,Winongan,0.9792376371593563,Pasuruan_Winongan
Pasuruan,Wonorejo,,Pasuruan_Wonorejo
Pati,Batangan,0.9606568559693265,Pati_Batangan
Pati,Cluwak,0.9896761658346107,Pati_Cluwak
Pati,Dukuhseti,0.9713158603079471,Pati_Dukuhseti
Pati,Gabus,0.9715841462108147,Pati_Gabus
Pati,Gembong,0.9852772587385349,Pati_Gembong
Pati,Gunungwungkal,0.9886272684965642,Pati_Gunungwungkal
Pati,Jaken,0.9542941376579205,Pati_Jaken
Pati,Jakenan,0.9677886514205954,Pati_Jakenan
Pati,Juwana,0.9702599768363273,Pati_Juwana
Pati,Kayen,0.9746437907514353,Pati_Kayen
Pati,Margorejo,0.9781656525599037,Pati_Margorejo
Pati,Margoyoso,0.9787186312916387,Pati_Margoyoso
Pati,Pati,0.9711099491118549,Pati_Pati
Pati,Pucakwangi,0.9460736293332026,Pati_Pucakwangi
Pati,Sukolilo,0.9800100391115182,Pati_Sukolilo
Pati,Tambakromo,0.970025012684154,Pati_Tambakromo
Pati,Tayu,0.9854115815009866,Pati_Tayu
Pati,Tlogowungu,0.9839706955219162,Pati_Tlogowungu
Pati,Trangkil,0.9798804265415628,Pati_Trangkil
Pati,Wedarijaksa,0.9799769904556166,Pati_Wedarijaksa
Pati,Winong,0.969900088262295,Pati_Winong
Pekalongan,Bojong,0.9993801278607355,Pekalongan_Bojong
Pekalongan,Buaran,0.9995622632171582,Pekalongan_Buaran
Pekalongan,Doro,0.9983808051817608,Pekalongan_Doro
Pekalongan,Kajen,0.9991203113561058,Pekalongan_Kajen
Pekalongan,Kandangserang,0.998022860112285,Pekalongan_Kandangserang
Pekalongan,Karanganyar,0.9986114804256231,Pekalongan_Karanganyar
Pekalongan,Karangdadap,0.9993944835584666,Pekalongan_Karangdadap
Pekalongan,Kedungwuni,0.999500139841478,Pekalongan_Kedungwuni
Pekalongan,Kesesi,0.9993363282158908,Pekalongan_Kesesi
Pekalongan,Lebakbarang,0.9960610074225352,Pekalongan_Lebakbarang
Pekalongan,Paninggaran,0.9978730976908041,Pekalongan_Paninggaran
Pekalongan,Petungkriyono,0.9949166058131871,Pekalongan_Petungkriyono
Pekalongan,Siwalan,0.9997139262490778,Pekalongan_Siwalan
Pekalongan,Sragi,0.9994254303478656,Pekalongan_Sragi
Pekalongan,Talun,0.9980135104091535,Pekalongan_Talun
Pekalongan,Tirto,0.9995776116880519,Pekalongan_Tirto
Pekalongan,Wiradesa,0.9995197685320772,Pekalongan_Wiradesa
Pekalongan,Wonokerto,0.9997616249765905,Pekalongan_Wonokerto
Pekalongan,Wonopringgo,0.9994356115590715,Pekalongan_Wonopringgo
Pemalang,Ampelgading,0.9994487314113489,Pemalang_Ampelgading
Pemalang,Bantarbolang,0.9992464538231471,Pemalang_Bantarbolang
Pemalang,Belik,0.9990338597906636,Pemalang_Belik
Pemalang,Bodeh,0.9992092445264573,Pemalang_Bodeh
Pemalang,Comal,0.9997307389278376,Pemalang_Comal
Pemalang,Moga,0.9989824027273292,Pemalang_Moga
Pemalang,Pemalang,0.9993917318863011,Pemalang_Pemalang
Pemalang,Petarukan,0.9996649252399512,Pemalang_Petarukan
Pemalang,Pulosari,0.9986989363499783,Pemalang_Pulosari
Pemalang,Randudongkal,0.9992378739150363,Pemalang_Randudongkal
Pemalang,Taman,0.9994996341368374,Pemalang_Taman
Pemalang,Ulujami,0.9996846322680883,Pemalang_Ulujami
Pemalang,Warungpring,0.9988666349265332,Pemalang_Warungpring
Pemalang,Watukumpul,0.9989031725299061,Pemalang_Watukumpul
Ponorogo,Babadan,0.9592744744148495,Ponorogo_Babadan
Ponorogo,Badegan,0.9467592939815388,Ponorogo_Badegan
Ponorogo,Balong,0.9553274329566285,Ponorogo_Balong
Ponorogo,Bungkal,0.9579899884781264,Ponorogo_Bungkal
Ponorogo,Jambon,0.9564106165654519,Ponorogo_Jambon
Ponorogo,Jenangan,0.9590861232625897,Ponorogo_Jenangan
Ponorogo,Jetis,0.9663362684995617,Ponorogo_Jetis
Ponorogo,Kauman,0.9617121204886526,Ponorogo_Kauman
Ponorogo,Mlarak,0.9628912771312859,Ponorogo_Mlarak
Ponorogo,Ngebel,0.9298512269710946,Ponorogo_Ngebel
Ponorogo,Ngrayun,0.9408137968270786,Ponorogo_Ngrayun
Ponorogo,Ponorogo,0.9658100108583891,Ponorogo_Ponorogo
Ponorogo,Pudak,0.9324976377454383,Ponorogo_Pudak
Ponorogo,Pulung,0.943968008140363,Ponorogo_Pulung
Ponorogo,Sambit,0.9546959523652867,Ponorogo_Sambit
Ponorogo,Sampung,0.9530824441320911,Ponorogo_Sampung
Ponorogo,Sawoo,0.9381975133506293,Ponorogo_Sawoo
Ponorogo,Siman,0.9652603014791755,Ponorogo_Siman
Ponorogo,Slahung,0.945064870671793,Ponorogo_Slahung
Ponorogo,Sooko,0.9383522770867762,Ponorogo_Sooko
Ponorogo,Sukorejo,0.959641960368856,Ponorogo_Sukorejo
Probolinggo,Bantaran,0.9714994550182644,Probolinggo_Bantaran
Probolinggo,Banyuanyar,0.9648739198597929,Probolinggo_Banyuanyar
Probolinggo,Besuk,0.9619695562543773,Probolinggo_Besuk
Probolinggo,Dringu,0.9764581315510098,Probolinggo_Dringu
Probolinggo,Gading,0.934439530428975,Probolinggo_Gading
Probolinggo,Gending,0.9741726722845779,Probolinggo_Gending
Probolinggo,Kotaanyar,0.9510136571573322,Probolinggo_Kotaanyar
Probolinggo,Kraksaan,0.9690991415377758,Probolinggo_Kraksaan
Probolinggo,Krejengan,0.9657856088291794,Probolinggo_Krejengan
Probolinggo,Krucil,0.926181312132066,Probolinggo_Krucil
Probolinggo,Kuripan,0.9528537102944978,Probolinggo_Kuripan
Probolinggo,Leces,0.9655648147158606,Probolinggo_Leces
Probolinggo,Lumbang,0.961584309630438,Probolinggo_Lumbang
Probolinggo,Maron,0.9622536865848812,Probolinggo_Maron
Probolinggo,Paiton,0.9623249839273699,Probolinggo_Paiton
Probolinggo,Pakuniran,0.9040458802443022,Probolinggo_Pakuniran
Probolinggo,Pejarakan,0.9722347427308652,Probolinggo_Pejarakan
Probolinggo,Sukapura,0.9574535297068824,Probolinggo_Sukapura
Probolinggo,Sumber,0.9594380110597127,Probolinggo_Sumber
Probolinggo,Sumberasih,0.9787423673652998,Probolinggo_Sumberasih
Probolinggo,Tegalsiwalan,0.9668666819565592,Probolinggo_Tegalsiwalan
Probolinggo,Tiris,0.9429894317417988,Probolinggo_Tiris
Probolinggo,Tongas,0.9777530523050734,Probolinggo_Tongas
Probolinggo,Wonomerto,0.9727100248937203,Probolinggo_Wonomerto
Purbalingga,Bobotsari,0.9984193811881991,Purbalingga_Bobotsari
Purbalingga,Bojongsari,0.9975554214677284,Purbalingga_Bojongsari
Purbalingga,Bukateja,0.9975581348526572,Purbalingga_Bukateja
Purbalingga,Kaligondang,0.9981382199812052,Purbalingga_Kaligondang
Purbalingga,Kalimanah,0.9978003583816788,Purbalingga_Kalimanah
Purbalingga,Karanganyar,0.9984479095817006,Purbalingga_Karanganyar
Purbalingga,Karangjambu,0.9975646009010235,Purbalingga_Karangjambu
Purbalingga,Karangmoncol,0.9979940731497358,Purbalingga_Karangmoncol
Purbalingga,Karangreja,0.9979742136041194,Purbalingga_Karangreja
Purbalingga,Kejobong,0.9969466343926165,Purbalingga_Kejobong
Purbalingga,Kemangkon,0.9980345108032865,Purbalingga_Kemangkon
Purbalingga,Kertanegara,0.9982260821589825,Purbalingga_Kertanegara
Purbalingga,Kutasari,0.9976984451537145,Purbalingga_Kutasari
Purbalingga,Mrebet,0.9977656464283574,Purbalingga_Mrebet
Purbalingga,Padamara,0.9982560196761571,Purbalingga_Padamara
Purbalingga,Pengadegan,0.9978970949254341,Purbalingga_Pengadegan
Purbalingga,Purbalingga,0.9985906559471059,Purbalingga_Purbalingga
Purbalingga,Rembang,0.9967855676836689,Purbalingga_Rembang
Purwakarta,Babakancikao,0.9953911386564626,Purwakarta_Babakancikao
Purwakarta,Bojong,0.9904851317126335,Purwakarta_Bojong
Purwakarta,Bungursari,0.9957972023930011,Purwakarta_Bungursari
Purwakarta,Campaka,0.9953456655026386,Purwakarta_Campaka
Purwakarta,Cibatu,0.9931335198014984,Purwakarta_Cibatu
Purwakarta,Darangdan,0.9908667197934133,Purwakarta_Darangdan
Purwakarta,Jatiluhur,0.9942772895125168,Purwakarta_Jatiluhur
Purwakarta,Kiarapedes,0.9927959432629343,Purwakarta_Kiarapedes
Purwakarta,Maniis,0.9898440243146897,Purwakarta_Maniis
Purwakarta,Pasawahan,0.9938286917989397,Purwakarta_Pasawahan
Purwakarta,Plered,0.991569520847365,Purwakarta_Plered
Purwakarta,Pondoksalam,0.9920914943809426,Purwakarta_Pondoksalam
Purwakarta,Purwakarta,0.995096701053929,Purwakarta_Purwakarta
Purwakarta,Sukasari,0.9891545451526688,Purwakarta_Sukasari
Purwakarta,Sukatani,0.9915981794364325,Purwakarta_Sukatani
Purwakarta,Tegalwaru,0.9902615159354001,Purwakarta_Tegalwaru
Purwakarta,Wanayasa,0.9919770875798423,Purwakarta_Wanayasa
Purworejo,Bagelen,0.9916817062299592,Purworejo_Bagelen
Purworejo,Banyuurip,0.9911273574208893,Purworejo_Banyuurip
Purworejo,Bayan,0.9918338021119869,Purworejo_Bayan
Purworejo,Bener,0.9803914099031908,Purworejo_Bener
Purworejo,Bruno,0.9842146083132446,Purworejo_Bruno
Purworejo,Butuh,0.9948024144692547,Purworejo_Butuh
Purworejo,Gebang,0.9858152177625421,Purworejo_Gebang
Purworejo,Grabag,0.99676715706538,Purworejo_Grabag
Purworejo,Kaligesing,0.9814101676434068,Purworejo_Kaligesing
Purworejo,Kemiri,0.9850953368397187,Purworejo_Kemiri
Purworejo,Kutoarjo,0.9921498111969242,Purworejo_Kutoarjo
Purworejo,Loano,0.9812959857088349,Purworejo_Loano
Purworejo,Ngombol,0.9966240662035116,Purworejo_Ngombol
Purworejo,Pituruh,0.9884229366589014,Purworejo_Pituruh
Purworejo,Purwodadi,0.9960473409275266,Purworejo_Purwodadi
Purworejo,Purworejo,0.9885579257386454,Purworejo_Purworejo
Rembang,Bulu,0.917291623135766,Rembang_Bulu
Rembang,Gunem,0.9181803121792657,Rembang_Gunem
Rembang,Kaliori,0.9796519178247055,Rembang_Kaliori
Rembang,Kragan,0.9324993841876701,Rembang_Kragan
Rembang,Lasem,0.9412457442694332,Rembang_Lasem
Rembang,Pamotan,0.9347879467143334,Rembang_Pamotan
Rembang,Pancur,0.9139116326663246,Rembang_Pancur
Rembang,Rembang,0.9437197563186986,Rembang_Rembang
Rembang,Sale,0.930192949694002,Rembang_Sale
Rembang,Sarang,0.9473029573313264,Rembang_Sarang
Rembang,Sedan,0.9270334546857568,Rembang_Sedan
Rembang,Sluke,0.9123672225641575,Rembang_Sluke
Rembang,Sulang,0.9362027315829226,Rembang_Sulang
Rembang,Sumber,0.9509452261066685,Rembang_Sumber
Sampang,Banyuates,0.9643653859765838,Sampang_Banyuates
Sampang,Camplong,0.9739658025292925,Sampang_Camplong
Sampang,Jrengik,0.9774762170890475,Sampang_Jrengik
Sampang,Karangpenang,0.9674867309366264,Sampang_Karangpenang
Sampang,Kedungdung,0.9708175634782307,Sampang_Kedungdung
Sampang,Ketapang,0.9636504333505506,Sampang_Ketapang
Sampang,Omben,0.9717109765808006,Sampang_Omben
Sampang,Pangarengan,0.9809638091580862,Sampang_Pangarengan
Sampang,Robatal,0.9679807111186333,Sampang_Robatal
Sampang,Sampang,0.9757827619717356,Sampang_Sampang
Sampang,Sokobanah,0.9684508111549628,Sampang_Sokobanah
Sampang,Sreseh,0.9798842548645442,Sampang_Sreseh
Sampang,Tambelangan,0.9648384774609063,Sampang_Tambelangan
Sampang,Torjun,0.9743913872914309,Sampang_Torjun
Semarang,Ambarawa,0.9885120939137757,Semarang_Ambarawa
Semarang,Bancak,0.9805783055331263,Semarang_Bancak
Semarang,Bandungan,0.9810557472664245,Semarang_Bandungan
Semarang,Banyubiru,0.9767551286357177,Semarang_Banyubiru
Semarang,Bawen,0.9804215667565739,Semarang_Bawen
Semarang,Bergas,0.9849856031075909,Semarang_Bergas
Semarang,Bringin,0.978587649481309,Semarang_Bringin
Semarang,Getasan,0.9723568726728673,Semarang_Getasan
Semarang,Jambu,0.9783092391193713,Semarang_Jambu
Semarang,Kaliwungu,0.9737897735921842,Semarang_Kaliwungu
Semarang,Pabelan,0.9764311611898671,Semarang_Pabelan
Semarang,Pringapus,0.9788723429110265,Semarang_Pringapus
Semarang,Sumowono,0.984033430782797,Semarang_Sumowono
Semarang,Suruh,0.978300088157653,Semarang_Suruh
Semarang,Susukan,0.9781795763581661,Semarang_Susukan
Semarang,Tengaran,0.9784163888405788,Semarang_Tengaran
Semarang,Tuntang,0.9840116031760705,Semarang_Tuntang
Semarang,Ungaran Barat,0.9848401899998767,Semarang_Ungaran Barat
Semarang,Ungaran Timur,0.9852387445255112,Semarang_Ungaran Timur
Serang,Anyar,0.9889539608125262,Serang_Anyar
Serang,Bandung,0.9978679747491205,Serang_Bandung
Serang,Baros,0.9941612925250258,Serang_Baros
Serang,Binuang,0.996950252480156,Serang_Binuang
Serang,Bojonegara,0.9853467601338955,Serang_Bojonegara
Serang,Carenang,0.9968360311427873,Serang_Carenang
Serang,Cikande,0.998108533415158,Serang_Cikande
Serang,Cikeusal,0.9959158674663783,Serang_Cikeusal
Serang,Cinangka,0.9919308202878383,Serang_Cinangka
Serang,Ciomas,0.9914281124675904,Serang_Ciomas
Serang,Ciruas,0.9963828339464857,Serang_Ciruas
Serang,Gunungsari,0.993638196862199,Serang_Gunungsari
Serang,Jawilan,0.9977110273232804,Serang_Jawilan
Serang,Kibin,0.9970713842166786,Serang_Kibin
Serang,Kopo,0.9978187891166889,Serang_Kopo
Serang,Kragilan,0.996526502152372,Serang_Kragilan
Serang,Kramatwatu,0.9950400289419352,Serang_Kramatwatu
Serang,Lebak Wangi,0.9963044617182809,Serang_Lebak Wangi
Serang,Mancak,0.9891209062845595,Serang_Mancak
Serang,Pabuaran,0.9945974098424252,Serang_Pabuaran
Serang,Padarincang,0.99309763753111,Serang_Padarincang
Serang,Pamarayan,0.9976620291472806,Serang_Pamarayan
Serang,Petir,0.9946514392240114,Serang_Petir
Serang,Pontang,0.9966794968042973,Serang_Pontang
Serang,Pulo Ampel,0.9813460716203604,Serang_Pulo Ampel
Serang,Tanara,0.9971328165227116,Serang_Tanara
Serang,Tirtayasa,0.9940224244009757,Serang_Tirtayasa
Serang,Tunjung Teja,0.9956649746295985,Serang_Tunjung Teja
Serang,Waringinkurung,0.9912574828322205,Serang_Waringinkurung
Sidoarjo,Balongbendo,0.9934975586952848,Sidoarjo_Balongbendo
Sidoarjo,Buduran,0.9912179466837177,Sidoarjo_Buduran
Sidoarjo,Candi,,Sidoarjo_Candi
Sidoarjo,Gedangan,0.9926011653875015,Sidoarjo_Gedangan
Sidoarjo,Jabon,,Sidoarjo_Jabon
Sidoarjo,Krembung,0.9911349294175799,Sidoarjo_Krembung
Sidoarjo,Krian,0.9907165886369976,Sidoarjo_Krian
Sidoarjo,Porong,,Sidoarjo_Porong
Sidoarjo,Prambon,0.9919623324090322,Sidoarjo_Prambon
Sidoarjo,Sedati,0.9932335831044029,Sidoarjo_Sedati
Sidoarjo,Sidoarjo,,Sidoarjo_Sidoarjo
Sidoarjo,Sukodono,0.9930365702673104,Sidoarjo_Sukodono
Sidoarjo,Taman,,Sidoarjo_Taman
Sidoarjo,Tanggulangin,,Sidoarjo_Tanggulangin
Sidoarjo,Tarik,0.9930565789831604,Sidoarjo_Tarik
Sidoarjo,Tulangan,0.9926816446515241,Sidoarjo_Tulangan
Sidoarjo,Waru,0.9953704805530615,Sidoarjo_Waru
Sidoarjo,Wonoayu,0.9930173900856495,Sidoarjo_Wonoayu
Situbondo,Arjasa,0.8636419410094811,Situbondo_Arjasa
Situbondo,Asembagus,0.8359233604553026,Situbondo_Asembagus
Situbondo,Banyuglugur,0.9199503541199285,Situbondo_Banyuglugur
Situbondo,Banyuputih,0.8670101116779563,Situbondo_Banyuputih
Situbondo,Besuki,0.9420290330269151,Situbondo_Besuki
Situbondo,Bungatan,0.9168723742990745,Situbondo_Bungatan
Situbondo,Jangkar,0.8912034084657612,Situbondo_Jangkar
Situbondo,Jatibanteng,0.8825128126689101,Situbondo_Jatibanteng
Situbondo,Kapongan,0.9251996560083323,Situbondo_Kapongan
Situbondo,Kendit,0.9094675495151121,Situbondo_Kendit
Situbondo,Mangaran,0.9340695964842284,Situbondo_Mangaran
Situbondo,Mlandingan,0.901812976538775,Situbondo_Mlandingan
Situbondo,Panarukan,0.9570789623897425,Situbondo_Panarukan
Situbondo,Panji,0.9223712924258556,Situbondo_Panji
Situbondo,Situbondo,0.9490809509736546,Situbondo_Situbondo
Situbondo,Suboh,0.9282959517582943,Situbondo_Suboh
Situbondo,Sumbermalang,0.8760413358552214,Situbondo_Sumbermalang
Sleman,Berbah,0.9796442158787954,Sleman_Berbah
Sleman,Cangkringan,0.9764249435967345,Sleman_Cangkringan
Sleman,Depok,0.9820192040740627,Sleman_Depok
Sleman,Gamping,0.9843060669221089,Sleman_Gamping
Sleman,Godean,0.9863649421729042,Sleman_Godean
Sleman,Kalasan,0.9802600049158702,Sleman_Kalasan
Sleman,Minggir,0.9845612474362594,Sleman_Minggir
Sleman,Mlati,0.9850754726232623,Sleman_Mlati
Sleman,Moyudan,0.9856369371555449,Sleman_Moyudan
Sleman,Ngaglik,0.9847218667975226,Sleman_Ngaglik
Sleman,Ngemplak,0.978662605875424,Sleman_Ngemplak
Sleman,Pakem,0.9765343112050631,Sleman_Pakem
Sleman,Prambanan,0.9701224914041858,Sleman_Prambanan
Sleman,Seyegan,0.985518271555289,Sleman_Seyegan
Sleman,Sleman,0.980940917777787,Sleman_Sleman
Sleman,Tempel,0.9791114382819666,Sleman_Tempel
Sleman,Turi,0.9781314508223966,Sleman_Turi
Sragen,Gemolong,0.9630426526879593,Sragen_Gemolong
Sragen,Gesi,0.9623658609304857,Sragen_Gesi
Sragen,Gondang,0.9716959926139248,Sragen_Gondang
Sragen,Jenar,0.9608138123518096,Sragen_Jenar
Sragen,Kalijambe,0.9725766511337123,Sragen_Kalijambe
Sragen,Karangmalang,0.9744943465192825,Sragen_Karangmalang
Sragen,Kedawung,0.971808325188159,Sragen_Kedawung
Sragen,Masaran,0.9692719470537652,Sragen_Masaran
Sragen,Miri,0.9677146931844145,Sragen_Miri
Sragen,Mondokan,0.9718588132695454,Sragen_Mondokan
Sragen,Ngrampal,0.9670284624403007,Sragen_Ngrampal
Sragen,Plupuh,0.9663157574944393,Sragen_Plupuh
Sragen,Sambirejo,0.9545147103737187,Sragen_Sambirejo
Sragen,Sambungmacan,0.9721274749688511,Sragen_Sambungmacan
Sragen,Sidoharjo,0.9714349463852208,Sragen_Sidoharjo
Sragen,Sragen,0.9696438892462653,Sragen_Sragen
Sragen,Sukodono,0.9726401430719817,Sragen_Sukodono
Sragen,Sumberlawang,0.9672555774950781,Sragen_Sumberlawang
Sragen,Tangen,0.9671575553411899,Sragen_Tangen
Sragen,Tanon,0.9731596282397988,Sragen_Tanon
Subang,Binong,0.9958504979952393,Subang_Binong
Subang,Blanakan,0.9944938104989454,Subang_Blanakan
Subang,Ciasem,0.9924900626656671,Subang_Ciasem
Subang,Ciater,0.989522777439007,Subang_Ciater
Subang,Cibogo,0.9962730035850812,Subang_Cibogo
Subang,Cijambe,0.9917870277967691,Subang_Cijambe
Subang,Cikaum,0.9961507861039982,Subang_Cikaum
Subang,Cipeundeuy,0.9931627603999081,Subang_Cipeundeuy
Subang,Cipunagara,0.9967587937866992,Subang_Cipunagara
Subang,Cisalak,0.9893244310061254,Subang_Cisalak
Subang,Compreng,0.9946623671188852,Subang_Compreng
Subang,Dawuan,0.9935362796512068,Subang_Dawuan
Subang,Jalancagak,0.9926502005142148,Subang_Jalancagak
Subang,Kalijati,0.9940871507049395,Subang_Kalijati
Subang,Kasomalang,0.9919230723696417,Subang_Kasomalang
Subang,Legonkulon,0.995563729239773,Subang_Legonkulon
Subang,Pabuaran,0.9937012354903757,Subang_Pabuaran
Subang,Pagaden,0.996056186227127,Subang_Pagaden
Subang,Pagaden Barat,0.9961621899617419,Subang_Pagaden Barat
Subang,Pamanukan,0.9949512948811087,Subang_Pamanukan
Subang,Patokbeusi,0.99462576822039,Subang_Patokbeusi
Subang,Purwadadi,0.9942739813511758,Subang_Purwadadi
Subang,Pusakajaya,0.9950485208193535,Subang_Pusakajaya
Subang,Pusakanagara,0.9952222157951319,Subang_Pusakanagara
Subang,Sagalaherang,0.9911918424676593,Subang_Sagalaherang
Subang,Serangpanjang,0.991816330075295,Subang_Serangpanjang
Subang,Subang,0.9964887011073722,Subang_Subang
Subang,Sukasari,0.9949422611124378,Subang_Sukasari
Subang,Tambakdahan,0.9945667054455274,Subang_Tambakdahan
Subang,Tanjungsiang,0.9936416475522286,Subang_Tanjungsiang
Sukabumi,Bantargadung,0.9892389415584828,Sukabumi_Bantargadung
Sukabumi,Bojonggenteng,0.9893968085567301,Sukabumi_Bojonggenteng
Sukabumi,Caringin,0.9869100817201045,Sukabumi_Caringin
Sukabumi,Ciambar,0.984263273938324,Sukabumi_Ciambar
Sukabumi,Cibadak,0.9891136893672845,Sukabumi_Cibadak
Sukabumi,Cibitung,0.9957630302828764,Sukabumi_Cibitung
Sukabumi,Cicantayan,0.989664428643534,Sukabumi_Cicantayan
Sukabumi,Cicurug,0.9882663025109685,Sukabumi_Cicurug
Sukabumi,Cidadap,0.9934394149579048,Sukabumi_Cidadap
Sukabumi,Cidahu,0.9868205385080608,Sukabumi_Cidahu
Sukabumi,Cidolog,0.9939854743245634,Sukabumi_Cidolog
Sukabumi,Ciemas,0.9968703178200878,Sukabumi_Ciemas
Sukabumi,Cikakak,0.9861999229912947,Sukabumi_Cikakak
Sukabumi,Cikembar,0.9907469576990359,Sukabumi_Cikembar
Sukabumi,Cikidang,0.9857290219325485,Sukabumi_Cikidang
Sukabumi,Cimanggu,0.9951938876019334,Sukabumi_Cimanggu
Sukabumi,Ciracap,0.995355425092933,Sukabumi_Ciracap
Sukabumi,Cireunghas,0.9860909221328769,Sukabumi_Cireunghas
Sukabumi,Cisaat,0.9924278310787613,Sukabumi_Cisaat
Sukabumi,Cisolok,0.9896137800359447,Sukabumi_Cisolok
Sukabumi,Curugkembar,0.9926424338680224,Sukabumi_Curugkembar
Sukabumi,Gegerbitung,0.984898399871152,Sukabumi_Gegerbitung
Sukabumi,Gunungguruh,0.9901206467913517,Sukabumi_Gunungguruh
Sukabumi,Jampangkulon,0.9954924231731719,Sukabumi_Jampangkulon
Sukabumi,Jampangtengah,0.9910474511300765,Sukabumi_Jampangtengah
Sukabumi,Kabandungan,0.9873857843187831,Sukabumi_Kabandungan
Sukabumi,Kadudampit,0.9841516068023187,Sukabumi_Kadudampit
Sukabumi,Kalapanunggal,0.9877440150907154,Sukabumi_Kalapanunggal
Sukabumi,Kalibunder,0.9934420049567406,Sukabumi_Kalibunder
Sukabumi,Kebonpedes,0.991374634169637,Sukabumi_Kebonpedes
Sukabumi,Lengkong,0.9947149037752389,Sukabumi_Lengkong
Sukabumi,Nagrak,0.9861774910290653,Sukabumi_Nagrak
Sukabumi,Nyalindung,0.9855885143186576,Sukabumi_Nyalindung
Sukabumi,Pabuaran,0.9936191033783649,Sukabumi_Pabuaran
Sukabumi,Palabuhanratu,0.9902204385057312,Sukabumi_Palabuhanratu
Sukabumi,Parakansalak,0.9864710115389151,Sukabumi_Parakansalak
Sukabumi,Parungkuda,0.9906687987896968,Sukabumi_Parungkuda
Sukabumi,Purabaya,0.9928588627291758,Sukabumi_Purabaya
Sukabumi,Sagaranten,0.9949387836701674,Sukabumi_Sagaranten
Sukabumi,Simpenan,0.9915774244127087,Sukabumi_Simpenan
Sukabumi,Sukabumi,0.9867487520998538,Sukabumi_Sukabumi
Sukabumi,Sukalarang,0.9897667825566389,Sukabumi_Sukalarang
Sukabumi,Sukaraja,0.9898318389490322,Sukabumi_Sukaraja
Sukabumi,Surade,0.9963734929323433,Sukabumi_Surade
Sukabumi,Tegalbuleud,0.993072644403151,Sukabumi_Tegalbuleud
Sukabumi,Waluran,0.9958489737723428,Sukabumi_Waluran
Sukabumi,Warungkiara,0.9892677751176452,Sukabumi_Warungkiara
Sukoharjo,Baki,0.9730016325546362,Sukoharjo_Baki
Sukoharjo,Bendosari,0.970048336236174,Sukoharjo_Bendosari
Sukoharjo,Bulu,0.9638059619427165,Sukoharjo_Bulu
Sukoharjo,Gatak,0.9810166201322903,Sukoharjo_Gatak
Sukoharjo,Grogol,0.9758765856361058,Sukoharjo_Grogol
Sukoharjo,Kartasura,0.9824904834963036,Sukoharjo_Kartasura
Sukoharjo,Mojolaban,0.9709280169326612,Sukoharjo_Mojolaban
Sukoharjo,Nguter,0.9728951160064433,Sukoharjo_Nguter
Sukoharjo,Polokarto,0.9688563511771836,Sukoharjo_Polokarto
Sukoharjo,Sukoharjo,0.9703182480901623,Sukoharjo_Sukoharjo
Sukoharjo,Tawangsari,0.9726089157266624,Sukoharjo_Tawangsari
Sukoharjo,Weru,0.9747088421945469,Sukoharjo_Weru
Sumedang,Buahdua,0.9966129728178147,Sumedang_Buahdua
Sumedang,Cibugel,0.9901718998429899,Sumedang_Cibugel
Sumedang,Cimalaka,0.9954946407924379,Sumedang_Cimalaka
Sumedang,Cimanggung,0.987118265240803,Sumedang_Cimanggung
Sumedang,Cisarua,0.9936939318630096,Sumedang_Cisarua
Sumedang,Cisitu,0.9948455544453008,Sumedang_Cisitu
Sumedang,Conggeang,0.9952461396901606,Sumedang_Conggeang
Sumedang,Darmaraja,0.9926548293111142,Sumedang_Darmaraja
Sumedang,Ganeas,0.9911887689260491,Sumedang_Ganeas
Sumedang,Jatigede,0.9949613528346054,Sumedang_Jatigede
Sumedang,Jatinangor,0.9902331642011867,Sumedang_Jatinangor
Sumedang,Jatinunggal,0.993076364763624,Sumedang_Jatinunggal
Sumedang,Pamulihan,0.9894158957164487,Sumedang_Pamulihan
Sumedang,Paseh,0.9948775492311017,Sumedang_Paseh
Sumedang,Rancakalong,0.9891703431510998,Sumedang_Rancakalong
Sumedang,Situraja,0.9951271652265921,Sumedang_Situraja
Sumedang,Sukasari,0.9870200895021871,Sumedang_Sukasari
Sumedang,Sumedang Selatan,0.9880304173019926,Sumedang_Sumedang Selatan
Sumedang,Sumedang Utara,0.9943700768051985,Sumedang_Sumedang Utara
Sumedang,Surian,0.9943377325859968,Sumedang_Surian
Sumedang,Tanjungkerta,0.9953273184651173,Sumedang_Tanjungkerta
Sumedang,Tanjungmedar,0.9935877910015462,Sumedang_Tanjungmedar
Sumedang,Tanjungsari,0.9882197151555697,Sumedang_Tanjungsari
Sumedang,Tomo,0.9958854922679029,Sumedang_Tomo
Sumedang,Ujungjaya,0.9964553401783449,Sumedang_Ujungjaya
Sumedang,Wado,0.9912675094868235,Sumedang_Wado
Sumenep,Ambunten,0.9870243433888847,Sumenep_Ambunten
Sumenep,Arjasa,,Sumenep_Arjasa
Sumenep,Batang Batang,0.9794859254795145,Sumenep_Batang Batang
Sumenep,Batuan,0.975715318529025,Sumenep_Batuan
Sumenep,Batuputih,0.9712491313139505,Sumenep_Batuputih
Sumenep,Bluto,0.9598962656741047,Sumenep_Bluto
Sumenep,Dasuk,0.9846316769636501,Sumenep_Dasuk
Sumenep,Dungkek,0.9828766634964659,Sumenep_Dungkek
Sumenep,Ganding,0.9780906182489848,Sumenep_Ganding
Sumenep,Gapura,0.9548161146035534,Sumenep_Gapura
Sumenep,Gayam,0.7827712815522724,Sumenep_Gayam
Sumenep,Giliginting,0.7398003626735451,Sumenep_Giliginting
Sumenep,Guluk-Guluk,0.9809813668516668,Sumenep_Guluk-Guluk
Sumenep,Kalianget,0.9815651957772711,Sumenep_Kalianget
Sumenep,Kangayan,,Sumenep_Kangayan
Sumenep,Kota Sumenep,0.9776263760357391,Sumenep_Kota Sumenep
Sumenep,Lenteng,0.9778947076696534,Sumenep_Lenteng
Sumenep,Manding,0.9861429173052509,Sumenep_Manding
Sumenep,Masalembu,,Sumenep_Masalembu
Sumenep,Nonggunong,0.716276022324218,Sumenep_Nonggunong
Sumenep,Pasongsongan,0.9849812322714803,Sumenep_Pasongsongan
Sumenep,Pragaan,0.9799892336142705,Sumenep_Pragaan
Sumenep,Ra'As,0.6104555287905065,Sumenep_Ra'As
Sumenep,Rubaru,0.9857084922833153,Sumenep_Rubaru
Sumenep,Sapeken,,Sumenep_Sapeken
Sumenep,Saronggi,0.972062596825867,Sumenep_Saronggi
Sumenep,Talango,0.7936020326587169,Sumenep_Talango
Tangerang,Balaraja,0.997496623621976,Tangerang_Balaraja
Tangerang,Cikupa,0.9979167675571238,Tangerang_Cikupa
Tangerang,Cisauk,0.9970846038844731,Tangerang_Cisauk
Tangerang,Cisoka,0.9974925057228556,Tangerang_Cisoka
Tangerang,Curug,0.9978967460183582,Tangerang_Curug
Tangerang,Gunung Kaler,0.9969625594685346,Tangerang_Gunung Kaler
Tangerang,Jambe,0.9961451482677123,Tangerang_Jambe
Tangerang,Jayanti,0.9980374193356698,Tangerang_Jayanti
Tangerang,Kelapa Dua,0.9981148532282765,Tangerang_Kelapa Dua
Tangerang,Kemiri,0.9972515168299165,Tangerang_Kemiri
Tangerang,Kosambi,0.9982089357726012,Tangerang_Kosambi
Tangerang,Kresek,0.9978020802812495,Tangerang_Kresek
Tangerang,Kronjo,0.9973418322818542,Tangerang_Kronjo
Tangerang,Legok,0.9963044712536886,Tangerang_Legok
Tangerang,Mauk,0.9975380201903693,Tangerang_Mauk
Tangerang,Mekar Baru,0.9970189132119747,Tangerang_Mekar Baru
Tangerang,Pagedangan,0.9976566288257785,Tangerang_Pagedangan
Tangerang,Pakuhaji,0.9976593916183051,Tangerang_Pakuhaji
Tangerang,Panongan,0.9977207212200921,Tangerang_Panongan
Tangerang,Pasar Kemis,0.9979159519867727,Tangerang_Pasar Kemis
Tangerang,Rajeg,0.9976331189525532,Tangerang_Rajeg
Tangerang,Sepatan,0.9978609069398539,Tangerang_Sepatan
Tangerang,Sepatan Timur,0.9976290787066007,Tangerang_Sepatan Timur
Tangerang,Sindang Jaya,0.9976876441869633,Tangerang_Sindang Jaya
Tangerang,Solear,0.9962562972383505,Tangerang_Solear
Tangerang,Sukadiri,0.9973925129141714,Tangerang_Sukadiri
Tangerang,Sukamulya,0.9975600081946304,Tangerang_Sukamulya
Tangerang,Teluknaga,0.9977946902620397,Tangerang_Teluknaga
Tangerang,Tigaraksa,0.997466997506302,Tangerang_Tigaraksa
Tasikmalaya,Bantarkalong,0.9904024614659909,Tasikmalaya_Bantarkalong
Tasikmalaya,Bojongasih,0.9916523098539562,Tasikmalaya_Bojongasih
Tasikmalaya,Bojonggambir,0.9892584843103337,Tasikmalaya_Bojonggambir
Tasikmalaya,Ciawi,0.9869104032317441,Tasikmalaya_Ciawi
Tasikmalaya,Cibalong,0.9921677725898166,Tasikmalaya_Cibalong
Tasikmalaya,Cigalontang,0.9885263493466666,Tasikmalaya_Cigalontang
Tasikmalaya,Cikalong,0.9929818665842239,Tasikmalaya_Cikalong
Tasikmalaya,Cikatomas,0.9874471444163917,Tasikmalaya_Cikatomas
Tasikmalaya,Cineam,0.9892363878701765,Tasikmalaya_Cineam
Tasikmalaya,Cipatujah,0.9911841015961707,Tasikmalaya_Cipatujah
Tasikmalaya,Cisayong,0.9924355232098778,Tasikmalaya_Cisayong
Tasikmalaya,Culamega,0.9889614003671786,Tasikmalaya_Culamega
Tasikmalaya,Gunungtanjung,0.9888498301141013,Tasikmalaya_Gunungtanjung
Tasikmalaya,Jamanis,0.9907134528756882,Tasikmalaya_Jamanis
Tasikmalaya,Jatiwaras,0.9919864031411738,Tasikmalaya_Jatiwaras
Tasikmalaya,Kadipaten,0.9856208778728349,Tasikmalaya_Kadipaten
Tasikmalaya,Karangjaya,0.9881885612610168,Tasikmalaya_Karangjaya
Tasikmalaya,Karangnunggal,0.9898026851946357,Tasikmalaya_Karangnunggal
Tasikmalaya,Leuwisari,0.9912230218084908,Tasikmalaya_Leuwisari
Tasikmalaya,Mangunreja,0.9917729570884076,Tasikmalaya_Mangunreja
Tasikmalaya,Manonjaya,0.9901488069420475,Tasikmalaya_Manonjaya
Tasikmalaya,Padakembang,0.9908354032141974,Tasikmalaya_Padakembang
Tasikmalaya,Pagerageung,0.9880313796633698,Tasikmalaya_Pagerageung
Tasikmalaya,Pancatengah,0.9908436929784323,Tasikmalaya_Pancatengah
Tasikmalaya,Parungponteng,0.9919298388518137,Tasikmalaya_Parungponteng
Tasikmalaya,Puspahiang,0.9899728795154148,Tasikmalaya_Puspahiang
Tasikmalaya,Rajapolah,0.9948872636445775,Tasikmalaya_Rajapolah
Tasikmalaya,Salawu,0.9908559778993788,Tasikmalaya_Salawu
Tasikmalaya,Salopa,0.9892015892797705,Tasikmalaya_Salopa
Tasikmalaya,Sariwangi,0.9890797699251139,Tasikmalaya_Sariwangi
Tasikmalaya,Singaparna,0.9922194662460619,Tasikmalaya_Singaparna
Tasikmalaya,Sodonghilir,0.9903786747265434,Tasikmalaya_Sodonghilir
Tasikmalaya,Sukahening,0.9916507830942045,Tasikmalaya_Sukahening
Tasikmalaya,Sukaraja,0.9924370926699753,Tasikmalaya_Sukaraja
Tasikmalaya,Sukarame,0.9916940662206033,Tasikmalaya_Sukarame
Tasikmalaya,Sukaratu,0.9938967772421354,Tasikmalaya_Sukaratu
Tasikmalaya,Sukaresik,0.9918884729973708,Tasikmalaya_Sukaresik
Tasikmalaya,Tanjungjaya,0.9924456272242291,Tasikmalaya_Tanjungjaya
Tasikmalaya,Taraju,0.9916197631482792,Tasikmalaya_Taraju
Tegal,Adiwerna,0.9992273508797842,Tegal_Adiwerna
Tegal,Balapulang,0.9984759457282301,Tegal_Balapulang
Tegal,Bojong,0.9979182625829314,Tegal_Bojong
Tegal,Bumijawa,0.9977208616574295,Tegal_Bumijawa
Tegal,Dukuhturi,0.9991875238473372,Tegal_Dukuhturi
Tegal,Dukuhwaru,0.9990647853508466,Tegal_Dukuhwaru
Tegal,Jatinegara,0.9989207441219168,Tegal_Jatinegara
Tegal,Kedungbanteng,0.9992753604633087,Tegal_Kedungbanteng
Tegal,Kramat,0.9992961308349358,Tegal_Kramat
Tegal,Lebaksiu,0.9986272904054665,Tegal_Lebaksiu
Tegal,Margasari,0.9986227221735524,Tegal_Margasari
Tegal,Pagerbarang,0.998906116578525,Tegal_Pagerbarang
Tegal,Pangkah,0.9991314558589879,Tegal_Pangkah
Tegal,Slawi,0.9992397563445825,Tegal_Slawi
Tegal,Suradadi,0.9993962944407244,Tegal_Suradadi
Tegal,Talang,0.9992167672291167,Tegal_Talang
Tegal,Tarub,0.9991668141008836,Tegal_Tarub
Tegal,Warureja,0.9993871237624382,Tegal_Warureja
Temanggung,Bansari,0.9916015754900173,Temanggung_Bansari
Temanggung,Bejen,0.9912542946366336,Temanggung_Bejen
Temanggung,Bulu,0.9885961669842244,Temanggung_Bulu
Temanggung,Candiroto,0.9924241696520097,Temanggung_Candiroto
Temanggung,Gemawang,0.9895841325519878,Temanggung_Gemawang
Temanggung,Jumo,0.9923803444752877,Temanggung_Jumo
Temanggung,Kaloran,0.9858893980745255,Temanggung_Kaloran
Temanggung,Kandangan,0.9857670203648625,Temanggung_Kandangan
Temanggung,Kedu,0.9917329201999245,Temanggung_Kedu
Temanggung,Kledung,0.9887275907427542,Temanggung_Kledung
Temanggung,Kranggan,0.9851667589873374,Temanggung_Kranggan
Temanggung,Ngadirejo,0.9925543063861706,Temanggung_Ngadirejo
Temanggung,Parakan,0.9931646601270964,Temanggung_Parakan
Temanggung,Pringsurat,0.9827070403886775,Temanggung_Pringsurat
Temanggung,Selopampang,0.988419051460303,Temanggung_Selopampang
Temanggung,Temanggung,0.9922400379226733,Temanggung_Temanggung
Temanggung,Tembarak,0.9890442257795878,Temanggung_Tembarak
Temanggung,Tlogomulyo,0.9870396960766706,Temanggung_Tlogomulyo
Temanggung,Tretep,0.9940887274090944,Temanggung_Tretep
Temanggung,Wonoboyo,0.9881288449066746,Temanggung_Wonoboyo
Trenggalek,Bendungan,0.9445847904212137,Trenggalek_Bendungan
Trenggalek,Dongko,0.9401996093176732,Trenggalek_Dongko
Trenggalek,Durenan,0.9548487334760084,Trenggalek_Durenan
Trenggalek,Gandusari,0.9546195233373644,Trenggalek_Gandusari
Trenggalek,Kampak,0.93710812680574,Trenggalek_Kampak
Trenggalek,Karangan,0.9619711013286938,Trenggalek_Karangan
Trenggalek,Munjungan,0.9294177230069202,Trenggalek_Munjungan
Trenggalek,Panggul,0.935965125535497,Trenggalek_Panggul
Trenggalek,Pogalan,0.9606886441671448,Trenggalek_Pogalan
Trenggalek,Pule,0.9425538970255181,Trenggalek_Pule
Trenggalek,Suruh,0.9468714061447765,Trenggalek_Suruh
Trenggalek,Trenggalek,0.9577955182053273,Trenggalek_Trenggalek
Trenggalek,Tugu,0.9610205258105655,Trenggalek_Tugu
Trenggalek,Watulimo,,Trenggalek_Watulimo
Tuban,Bancar,0.9517046791109781,Tuban_Bancar
Tuban,Bangilan,0.9598988120759073,Tuban_Bangilan
Tuban,Grabagan,0.9584765098440294,Tuban_Grabagan
Tuban,Jatirogo,0.9517820475397815,Tuban_Jatirogo
Tuban,Jenu,0.9535030620640961,Tuban_Jenu
Tuban,Kenduruan,0.9419492965129512,Tuban_Kenduruan
Tuban,Kerek,0.946122288888192,Tuban_Kerek
Tuban,Merakurak,0.9550622754002882,Tuban_Merakurak
Tuban,Montong,0.9616289695392919,Tuban_Montong
Tuban,Palang,0.9488121594168508,Tuban_Palang
Tuban,Parengan,0.9609511806643425,Tuban_Parengan
Tuban,Plumpang,0.9677856925143239,Tuban_Plumpang
Tuban,Rengel,0.9598025742034038,Tuban_Rengel
Tuban,Semanding,0.9532584441702118,Tuban_Semanding
Tuban,Senori,0.9530374147607611,Tuban_Senori
Tuban,Singgahan,0.9587984458822102,Tuban_Singgahan
Tuban,Soko,0.9595622889022294,Tuban_Soko
Tuban,Tambakboyo,0.951393138041643,Tuban_Tambakboyo
Tuban,Tuban,0.9086840120206212,Tuban_Tuban
Tuban,Widang,0.969030027387244,Tuban_Widang
Tulungagung,Bandung,0.9576386811629555,Tulungagung_Bandung
Tulungagung,Besuki,,Tulungagung_Besuki
Tulungagung,Boyolangu,0.9681272528944299,Tulungagung_Boyolangu
Tulungagung,Campurdarat,0.9616731262311068,Tulungagung_Campurdarat
Tulungagung,Gondang,0.9606332784253097,Tulungagung_Gondang
Tulungagung,Kalidawir,0.9496671594793585,Tulungagung_Kalidawir
Tulungagung,Karangrejo,0.9687742049822884,Tulungagung_Karangrejo
Tulungagung,Kauman,0.96555216886027,Tulungagung_Kauman
Tulungagung,Kedungwaru,0.970367826736286,Tulungagung_Kedungwaru
Tulungagung,Nan,,Tulungagung_Nan
Tulungagung,Ngantru,0.9672491323422837,Tulungagung_Ngantru
Tulungagung,Ngunut,0.9637530841196541,Tulungagung_Ngunut
Tulungagung,Pagerwojo,0.9489151090402915,Tulungagung_Pagerwojo
Tulungagung,Pakel,0.9704406694117673,Tulungagung_Pakel
Tulungagung,Pucanglaban,0.944778697165956,Tulungagung_Pucanglaban
Tulungagung,Rejotangan,0.95051905145788,Tulungagung_Rejotangan
Tulungagung,Sendang,0.9447152748409313,Tulungagung_Sendang
Tulungagung,Sumbergempol,0.957674025112841,Tulungagung_Sumbergempol
Tulungagung,Tanggunggunung,,Tulungagung_Tanggunggunung
Tulungagung,Tulungagung,0.9790442343204032,Tulungagung_Tulungagung
Wonogiri,Baturetno,0.9736686724867887,Wonogiri_Baturetno
Wonogiri,Batuwarno,0.9451428879374842,Wonogiri_Batuwarno
Wonogiri,Bulukerto,0.9293324654708895,Wonogiri_Bulukerto
Wonogiri,Eromoko,0.9671993090916093,Wonogiri_Eromoko
Wonogiri,Girimarto,0.96118639451605,Wonogiri_Girimarto
Wonogiri,Giritontro,0.9819244341317597,Wonogiri_Giritontro
Wonogiri,Giriwoyo,0.9757918387300399,Wonogiri_Giriwoyo
Wonogiri,Jatipurno,0.956955145813656,Wonogiri_Jatipurno
Wonogiri,Jatiroto,0.9464295599776893,Wonogiri_Jatiroto
Wonogiri,Jatisrono,0.9577582021571506,Wonogiri_Jatisrono
Wonogiri,Karangtengah,0.9437042856496988,Wonogiri_Karangtengah
Wonogiri,Kismantoro,0.9512491735444577,Wonogiri_Kismantoro
Wonogiri,Manyaran,0.9603816705987468,Wonogiri_Manyaran
Wonogiri,Ngadirojo,0.9595387180119782,Wonogiri_Ngadirojo
Wonogiri,Nguntoronadi,0.9656394655998652,Wonogiri_Nguntoronadi
Wonogiri,Paranggupito,0.9859373055869974,Wonogiri_Paranggupito
Wonogiri,Pracimantoro,0.9824612675348638,Wonogiri_Pracimantoro
Wonogiri,Puhpelem,0.9375142099297517,Wonogiri_Puhpelem
Wonogiri,Purwantoro,0.9504323210180325,Wonogiri_Purwantoro
Wonogiri,Selogiri,0.9660034322983267,Wonogiri_Selogiri
Wonogiri,Sidoharjo,0.9546649654855489,Wonogiri_Sidoharjo
Wonogiri,Slogohimo,0.9398942272631661,Wonogiri_Slogohimo
Wonogiri,Tirtomoyo,0.9379610312575437,Wonogiri_Tirtomoyo
Wonogiri,Wonogiri,0.9663665593065139,Wonogiri_Wonogiri
Wonogiri,Wuryantoro,0.9726256219580431,Wonogiri_Wuryantoro
Wonosobo,Garung,0.9931818059012326,Wonosobo_Garung
Wonosobo,Kalibawang,0.9833067951967845,Wonosobo_Kalibawang
Wonosobo,Kalikajar,0.989722151328313,Wonosobo_Kalikajar
Wonosobo,Kaliwiro,0.9918865868975115,Wonosobo_Kaliwiro
Wonosobo,Kejajar,0.9918039135187044,Wonosobo_Kejajar
Wonosobo,Kepil,0.9870467072462528,Wonosobo_Kepil
Wonosobo,Kertek,0.9932069102189345,Wonosobo_Kertek
Wonosobo,Leksono,0.9917540342428651,Wonosobo_Leksono
Wonosobo,Mojotengah,0.9919643375096546,Wonosobo_Mojotengah
Wonosobo,Sapuran,0.9902996368303958,Wonosobo_Sapuran
Wonosobo,Selomerto,0.9916158080777648,Wonosobo_Selomerto
Wonosobo,Sukoharjo,0.9926054208107206,Wonosobo_Sukoharjo
Wonosobo,Wadaslintang,0.9898976739567323,Wonosobo_Wadaslintang
Wonosobo,Watumalang,0.9917309904413204,Wonosobo_Watumalang
Wonosobo,Wonosobo,0.9943033924735196,Wonosobo_Wonosobo
