Index,Online_Slope,Batch_Slope
100,-0.0011695963982912597,-0.001555146183102032
101,-0.0010126793093279357,-0.001487852140202369
102,-0.00085099703796402,-0.0014164988678503508
103,-0.0006846112694085797,-0.001341138912705553
104,-0.0005135822060531583,-0.001261823558286697
105,-0.0003379686183112337,-0.0011786028682793368
106,-0.00016343222723776203,-0.0010915257279369174
107,1.574084686567671e-05,-0.0010006398836770235
108,0.00011823569239859519,-0.0009817495567258703
109,0.00023233388990789362,-0.0009522253937101729
110,0.0003564624482514407,-0.0009136287638147598
111,0.0004894754331211783,-0.0008670942393927931
112,0.0005800049225371235,-0.0008692827339908758
113,0.0006341528563609638,-0.0008620032001951429
114,0.0006514375042103934,-0.0008514653470472559
115,0.0006409508231126103,-0.0008735093071640548
116,0.0006435567181390063,-0.0008866554884474987
117,0.0006528925145843162,-0.0008967640941681131
118,0.000673115203844991,-0.0008992630987823876
119,0.0006983370061999824,-0.0008996937926067836
120,0.0007329335186929485,-0.0008933885408330814
121,0.0007424846695068908,-0.0009145191495285432
122,0.0007286613304341176,-0.0009287844966305872
123,0.0007192645070619553,-0.0009414077971504902
124,0.0006934263823229722,-0.0009525582311965255
125,0.0006474026261176169,-0.0009623676279130207
126,0.0005822394614659219,-0.0009662220555062312
127,0.0005259915451983044,-0.0009643659623295407
128,0.00047816395563714834,-0.0009570188637812214
129,0.00043831428574618125,-0.0009443788610284028
130,0.0004060453751648753,-0.0009266255593323406
131,0.00038099924660454004,-0.0009039225042365248
132,0.00036285201650336935,-0.0008953586216149638
133,0.0003513095993100098,-0.0008819328806271149
134,0.00034610406247931883,-0.0008637941055416888
135,0.00034259007822292443,-0.0008454797704444731
136,0.0003450648347640459,-0.0008225947635275077
137,0.0003533207909655231,-0.0007952574935294537
138,0.0003671665363255015,-0.0007678828246318977
139,0.0003821512643866137,-0.0007404244808728374
140,0.0003873500545686185,-0.0007237402954055645
141,0.0003978304204283932,-0.0007027012152598556
142,0.0003990090288342751,-0.0006774040011420931
143,0.0003911283344168881,-0.0006479395446593086
144,0.00037440769680856543,-0.0006281675113137797
145,0.0003625136912887387,-0.0006043611664911262
146,0.0003380631118802279,-0.0005806729333338216
147,0.0003013630152259987,-0.0005699390425855075
148,0.0002693425065972304,-0.0005678029518596521
149,0.0002295050322615555,-0.0005780645205867893
150,0.00019410131180667924,-0.0005843379792304903
151,0.00015907908645495546,-0.0005867042454408849
152,0.0001283666199070878,-0.0005852400409453684
153,9.797532662875304e-05,-0.0005839009562425407
154,7.179156084523556e-05,-0.0005787698675132789
155,4.9719810787798455e-05,-0.0005699135633634386
156,3.1669536965187915e-05,-0.0005682182553557512
157,1.755480661237937e-05,-0.0005629467027376416
158,7.29396117462441e-06,-0.0005541598543833506
159,8.093133399154255e-07,-0.0005419159674667735
160,-1.9731294485772766e-06,-0.0005262707890299347
161,-4.813727680961777e-06,-0.000507277722092811
162,-1.376786403260377e-05,-0.0004849879778545667
163,-1.9163854498904556e-05,-0.000459450715359041
164,-2.1065741413211487e-05,-0.00043433548329361655
165,-2.8858813130801736e-05,-0.000415294275609992
166,-3.332111112732618e-05,-0.00040585229223501457
167,-3.451031607108175e-05,-0.00039324343444108845
168,-3.248172536575321e-05,-0.0003775123450869622
169,-2.728839702843743e-05,-0.0003622171834296977
170,-1.8981282748531508e-05,-0.0003472870616381964
171,-7.60935108245105e-06,-0.00032917717241782155
172,-1.6372100605846124e-06,-0.00031634498728565626
173,3.822067708404809e-06,-0.00031219909303884836
174,4.0569442399906145e-06,-0.0003166089059643136
175,7.160956040848227e-06,-0.0003179731740210861
176,9.716115964036886e-06,-0.00031633037445380263
177,1.1787629274247003e-05,-0.0003117177411954335
178,9.008138169013276e-06,-0.000311941336085778
179,9.052652840061474e-06,-0.0003169932450884526
180,1.188248599769983e-05,-0.0003192922127903498
181,1.4178144600170383e-05,-0.00032215412813139396
182,1.9269891952292067e-05,-0.0003222453050852192
183,1.9820225113808945e-05,-0.0003268999949894926
184,1.5823954043600496e-05,-0.0003289052905991191
185,1.4404381607420164e-05,-0.00032829196976672626
186,1.5528541385304582e-05,-0.00032508991241662866
187,1.916448894822857e-05,-0.00032629435564942205
188,2.528125395663944e-05,-0.00032502607425757715
189,3.384879510376184e-05,-0.0003213127035769121
190,4.483795770395349e-05,-0.00031518110791360073
191,5.5110175072577637e-05,-0.00030665741441690363
192,6.473318024397094e-05,-0.00029886110443394184
193,7.685234963402876e-05,-0.0002886443278005468
194,8.49932661611831e-05,-0.00028554128911470326
195,9.551733489990453e-05,-0.00028309503481025925
196,0.00010839893200486429,-0.0002812368453851778
197,0.00012361311077257797,-0.0002768829755741185
198,0.0001349512818395793,-0.0002762413907067493
199,0.00014851406882587543,-0.00027321090440335903
200,0.0001582177764368973,-0.00027387470712686175
201,0.00017004050191985569,-0.0002722542515737902
202,0.00018101942915204098,-0.00027131195561424934
203,0.00019122156842305794,-0.00026805405869275047
204,0.00020362550504867872,-0.0002625015379293442
205,0.00021821004427111297,-0.00025467489929740546
206,0.00022923693877173503,-0.00024459419481510507
207,0.00024234374487059902,-0.00023227903890661063
208,0.00024904305516131053,-0.00022060467881762755
209,0.00025779509551795635,-0.00020666248153746714
210,0.00026858075555468,-0.00019330009980625767
211,0.00028138135843502654,-0.00017763653825990884
212,0.0002961786453659261,-0.00016510149298481488
213,0.00031295476081303453,-0.00015036105255934154
214,0.0003263759172914823,-0.00013874915642130378
215,0.0003416823004173282,-0.0001277888685122808
216,0.0003561070256971135,-0.00011741560628745171
217,0.0003672723439244984,-0.00011000773409174677
218,0.00038028330090893924,-0.00010046084308390092
219,0.00039003113416381856,-9.38843531848286e-05
220,0.00040153489298247583,-8.79601617376573e-05
221,0.0004070827291829556,-8.763377213342051e-05
222,0.00040672137036246544,-8.789181515855657e-05
223,0.0004031605963991281,-9.093531847571208e-05
224,0.00040125536333431846,-9.679815119154763e-05
225,0.0003961430998890511,-0.0001055142346702475
226,0.0003877909574622066,-0.00011230752325673169
227,0.00038093820240178586,-0.00011719250076919563
228,0.000375571899611551,-0.00012018338700722291
229,0.000371679379052928,-0.00012129414559350864
230,0.0003692482273589933,-0.00012053849150428321
231,0.0003682662797904551,-0.00012050158404344347
232,0.00036872161251698534,-0.00012112253936262246
233,0.0003706025352082102,-0.00011979136797174703
234,0.0003738975839195152,-0.00011652149173399111
235,0.00037410617643598564,-0.00011581544897501141
236,0.00037565073123284456,-0.00011325277499596368
237,0.00037601401557289636,-0.0001113526534807267
238,0.00037525727970315684,-0.00011195147743152853
239,0.00037156673551931775,-0.00011508552213931109
240,0.0003692366736793006,-0.00011646196441611295
241,0.0003682567973061903,-0.00011609256625358208
242,0.0003686169948504029,-0.00011644369257227042
243,0.0003678626459369303,-0.00011745693851401425
244,0.0003684880899309009,-0.00011663970778954645
245,0.0003704834563949047,-0.00011400360769184105
246,0.0003696879429954321,-0.0001137111709748781
247,0.00036606628858451134,-0.00011820448138138181
248,0.00036367836886465105,-0.00012096199552945241
249,0.00036251531471995566,-0.00012606208716470463
250,0.0003625684080653228,-0.00012950135580814035
251,0.00035981543140499255,-0.00013129015909634151
252,0.00035585115195055887,-0.00013143870172167062
253,0.00034912059839421034,-0.00013626628047424055
254,0.0003435239968857039,-0.00013946960121960695
255,0.00033905342222162655,-0.0001433881581727051
256,0.00033570107991063414,-0.00014796639602237047
257,0.0003334593027923803,-0.0001531492020006145
258,0.00033001799193368655,-0.00015657934567454629
259,0.00032772768743872805,-0.00015826688291038465
260,0.00032658083698746646,-0.00015822173473149006
261,0.0003228056537406541,-0.00015645369032274477
262,0.00032010786335162454,-0.00015523981225529985
263,0.00031848043118142515,-0.00015226780496256892
264,0.00031566620584030626,-0.00015349303523740597
265,0.0003139625421264085,-0.00015297614468258067
266,0.00031112918096782574,-0.0001566108759038764
267,0.0003094460597257692,-0.00016074419943197212
268,0.000308906196793969,-0.00016532385491368963
269,0.00030729431110857543,-0.0001738841443825754
270,0.00030466459105188995,-0.00018640243623627067
271,0.0003032629098739188,-0.00019712008521609672
272,0.00030308222433848625,-0.00020604648883165073
273,0.00030061234549436474,-0.0002166941723561014
274,0.0002993004205614211,-0.0002291014140501014
275,0.0002991398530784148,-0.00023984307334320917
276,0.0002966806085227323,-0.00025108016331998377
277,0.00029188698600786606,-0.0002606175629906071
278,0.00028812831857142425,-0.00026846390559383926
279,0.00028539868293944325,-0.0002767569690295559
280,0.0002836922352959226,-0.00028544696349014646
281,0.00027965480843129267,-0.0002957187828326608
282,0.00027658120632945534,-0.0003042805878577814
283,0.0002744659767095451,-0.00031114077374740036
284,0.00027121198101062917,-0.0003183994002939978
285,0.00026895526552508334,-0.00032392332097930146
286,0.00026769039039663863,-0.00032772085418623
287,0.0002653420916665572,-0.0003298002279601669
288,0.0002640239632087389,-0.0003301695816393698
289,0.0002637305738942717,-0.0003288369674440156
290,0.0002624080785445174,-0.00032785883273535527
291,0.00025693354819900874,-0.00032514615649424633
292,0.0002473270005822588,-0.0003238634948100649
293,0.00023877594966643386,-0.0003229358473347023
294,0.00023127503268440303,-0.00032341954665801386
295,0.00022481895004968766,-0.00032736595242742765
296,0.00021739550669166015,-0.00033475815187589564
297,0.00021105378525984657,-0.00034050277265512354
298,0.00020578848669561465,-0.00034460726661436413
299,0.0002015943718285794,-0.00034906583063729573
300,0.0001964860622496912,-0.0003518521851206568
301,0.0001924852160228804,-0.0003529737363408285
302,0.00018658629060949562,-0.00035740520141626717
303,0.00017679365606226838,-0.00036214545011922165
304,0.00016609587296971483,-0.0003651950491184897
305,0.00015454027975554473,-0.00036850905242933143
306,0.00014411525469199468,-0.00037010125874380943
307,0.00013481561093146732,-0.0003699790165727003
308,0.00012179369874441819,-0.0003710633578543295
309,0.00010988840645562959,-0.00037049149697435834
310,9.909468436607963e-05,-0.0003730727574743097
311,8.940753483478566e-05,-0.00037401034571571396
312,8.082201139732848e-05,-0.00037331115374963084
313,7.333321790500239e-05,-0.00037098200963175124
314,6.693630768398774e-05,-0.00036702967840242115
315,6.162648271396356e-05,-0.00036427974958524637
316,5.459315668643073e-05,-0.00036276858377974435
317,4.859483164683846e-05,-0.0003597394193593817
318,4.362698821016551e-05,-0.0003570666151927155
319,3.7822896627748114e-05,-0.0003547069099147733
320,3.3083822495244305e-05,-0.00035351571775000477
321,2.666286922840677e-05,-0.0003535290459082884
322,1.6681036530948254e-05,-0.0003566275932107204
323,7.710077159047034e-06,-0.00035824129342721246
324,-2.0878216820814158e-06,-0.00035837611732228685
325,-1.2668590833032938e-05,-0.0003570379825661846
326,-2.2166184098207532e-05,-0.0003542327545113195
327,-3.05850706172845e-05,-0.00034996624695270335
328,-3.792967808423624e-05,-0.00034424422287276935
329,-4.4204393378681137e-05,-0.000337072395170999
330,-4.941356318383233e-05,-0.00032845642737875004
331,-5.3561494591401435e-05,-0.0003210255733469471
332,-5.66524556938044e-05,-0.000314814735627697
333,-5.8690676164004936e-05,-0.0003072574943241314
334,-5.968034782332223e-05,-0.00029835906998548984
335,-5.962562519751706e-05,-0.0002881246385065532
336,-5.8530626061463295e-05,-0.0002765593317543614
337,-6.071943727451084e-05,-0.0002662254559296163
338,-6.442163867770131e-05,-0.00025461073229044085
339,-6.888693923427246e-05,-0.00024347242903509538
340,-7.23262623109845e-05,-0.00023102244226875997
341,-7.474357533909269e-05,-0.0002190078152020705
342,-7.614281159016366e-05,-0.00020989244136547402
343,-7.902194722642749e-05,-0.00020193311425869013
344,-8.092993809853952e-05,-0.00019267988016448
345,-8.35924102093367e-05,-0.00018385944807381067
346,-8.525137255655069e-05,-0.00017371490260702991
347,-8.591060618011254e-05,-0.0001647047798026962
348,-8.557386051591211e-05,-0.00015441889751178318
349,-8.424485382843873e-05,-0.00014286191153453287
350,-8.192727363512308e-05,-0.0001317357530696063
351,-7.86247771225848e-05,-0.00011930856664277055
352,-7.674599395998247e-05,-0.00010558502309699339
353,-7.392763735628534e-05,-9.296525319320107e-05
354,-7.017316253862021e-05,-7.909636316213853e-05
355,-6.548599659276337e-05,-6.635951106638633e-05
356,-5.986953883806297e-05,-5.478760763016692e-05
357,-5.3327161195365445e-05,-4.441337850373276e-05
358,-4.821128066462637e-05,-3.292029350890456e-05
359,-4.221358983281869e-05,-2.0312335498305845e-05
360,-3.6987435749822425e-05,-8.24362122174382e-06
361,-3.0847902257387216e-05,4.97000108748261e-06
362,-2.3798238492802226e-05,1.701131473062452e-05
363,-1.5841668117898764e-05,3.0152539879359763e-05
364,-9.277073759153356e-06,4.209415263049799e-05
365,-1.8487411189113978e-06,5.509123052074148e-05
366,4.16186371090736e-06,6.523856203088322e-05
367,1.0993561074711436e-05,7.416477565988021e-05
368,1.8643460502376643e-05,8.183823519977709e-05
369,2.4855680620009583e-05,8.822747846053114e-05
370,2.9599450536223996e-05,9.330121598793356e-05
371,3.5080553020802766e-05,9.926471579144369e-05
372,4.1296392143451025e-05,0.0001061148709376111
373,4.824439228835227e-05,0.00011384859852006277
374,5.59219978948493e-05,0.0001224628393563619
375,6.43266732027347e-05,0.0001319545576902058
376,7.345590200204685e-05,0.00014012486913775527
377,8.330718738727133e-05,0.00014913110040917077
378,9.387805151584854e-05,0.00015897038423710739
379,0.0001051660353708934,0.0001674676148873351
380,0.00011716869852803389,0.00017459246945319908
381,0.00012832440788706316,0.0001809123761319024
382,0.00014022555148159382,0.0001880195408971106
383,0.00015286963953261188,0.00019591129370729403
384,0.00016257315463600152,0.00020245096836897793
385,0.00017301519072163873,0.00020973518097593138
386,0.00018419330616021616,0.00021776141686422239
387,0.00019399336763650988,0.00022652718022239202
388,0.00020449019452194994,0.00023602999386130991
389,0.00021568149224144502,0.00024474025398551775
390,0.00022547511870474077,0.00025212756798984645
391,0.00023384179230643816,0.0002587257429291851
392,0.0002407523845489348,0.00026457081363121036
393,0.00024824638517706476,0.0002676301505294108
394,0.00025632185715312555,0.00026997393581877464
395,0.0002634729298766324,0.0002695832634727099
396,0.0002691883211877818,0.0002679668256362102
397,0.00027547989197952493,0.00026713585134177724
398,0.00028085314474348436,0.0002655952152381685
399,0.0002868327134718382,0.00026284196890272567
400,0.0002913964431787158,0.00026086711672424856
401,0.0002965293044543042,0.0002581867476017521
402,0.00030222946043065226,0.00025430664756188724
403,0.0003064948873619648,0.0002491977990701501
404,0.00030929732580123657,0.0002448249538658076
405,0.00031060866028398095,0.00023919871182336288
406,0.00031091830801781203,0.0002328078017919381
407,0.00031172111039548967,0.00022714638096904834
408,0.00031104774524281045,0.00022221217634904204
409,0.00031083176346478387,0.00021800293048819747
410,0.0003110716799652547,0.0002125613671185726
411,0.00031176602044253243,0.0002078078663518044
412,0.0003129133212622362,0.00020374030058651634
413,0.00031451212933220095,0.0002003565566952387
414,0.0003165610019794005,0.0001976545358645162
415,0.0003176270383808009,0.00019420068498943223
416,0.00031917264437278104,0.0001914567614471727
417,0.0003211963218013672,0.00018942062241187707
418,0.00032369658291066944,0.00018618428824569198
419,0.0003233542708396188,0.00018030205067980838
420,0.0003234859316658163,0.00017367547608278692
421,0.00032409010447449304,0.000167748915375125
422,0.0003218754388355214,0.00015923038826867544
423,0.0003187263206284933,0.00015140805017740838
424,0.0003128057537834552,0.00014427984369389402
425,0.00030551938599678713,0.00013784372468942543
426,0.0002986993116543898,0.00013209766217512793
427,0.00029234411804876547,0.0001256483983385393
428,0.000285064412692918,0.00011852853503762927
429,0.00027689331274911123,0.00011215526392741028
430,0.00026924530229478674,0.00010652644440920165
431,0.00026211884595294445,0.00010163994917693115
432,0.0002555124182406686,9.74936640837092e-05
433,0.000249424503465776,9.408548801028135e-05
434,0.00024385359562496706,9.141333273532492e-05
435,0.00023879819830345382,8.947512280755711e-05
436,0.00023425682457603683,8.690627384636408e-05
437,0.00022842959748509495,8.509790072389502e-05
438,0.000223083157056581,8.404788832444312e-05
439,0.00021642832882616997,8.196634479474788e-05
440,0.00020887124730995142,8.060882605091166e-05
441,0.0002004440166777348,7.684895056497456e-05
442,0.00019252260989189026,7.20372603016149e-05
443,0.00018510559835344491,6.791395442501721e-05
444,0.00017819156228105607,6.447713383445843e-05
445,0.000170022393214045,5.996821333990536e-05
446,0.00016232367722498063,5.4780333090390204e-05
447,0.00015509409173638454,5.0273558978612134e-05
448,0.00014833232231611045,4.644603398141078e-05
449,0.00014203706259613655,4.329591200091507e-05
450,0.00013620701419248685,3.9089756029289985e-05
451,0.0001308408866262584,3.5527987436335545e-05
452,0.00012593739724574073,3.260886194316596e-05
453,0.00012149527114960087,3.033064547291948e-05
454,0.00011751324111112206,2.7383113160365652e-05
455,0.00011399004750347396,2.5102362126993476e-05
456,0.00011092443822599767,2.3486617618808918e-05
457,0.00010831516863148872,2.2534115044003337e-05
458,0.00010616100145445884,2.0946026940534255e-05
459,0.00010446070674036287,2.0046711060537478e-05
460,0.00010152956009226957,1.8150861683377724e-05
461,9.773254230802857e-05,1.5622881233781755e-05
462,9.4385965867221e-05,1.377850674550372e-05
463,9.148862725623884e-05,1.2615962163375998e-05
464,8.90393299583532e-05,1.213348131059934e-05
465,8.575933727845464e-05,1.1051760690954317e-05
466,8.295356415677384e-05,9.019247984988506e-06
467,8.062076755123054e-05,7.661764129881508e-06
468,7.87597114713519e-05,6.977579602948159e-06
469,7.736916691376263e-05,6.964974353637269e-06
470,7.644791179849968e-05,7.622237720298408e-06
471,7.473345828206139e-05,7.686395723896787e-06
472,7.351402301036136e-05,8.445181301843994e-06
473,7.278833901713577e-05,9.896846187489639e-06
474,7.255514631255479e-05,1.0786361594073057e-05
475,7.281319182142171e-05,1.1142593903957105e-05
476,7.356122932213827e-05,1.2242302803023812e-05
477,7.479801938642557e-05,1.2838241259158147e-05
478,7.52795272153087e-05,1.420175219705197e-05
479,7.627503058338574e-05,1.6330951817017968e-05
480,7.778324686160643e-05,1.9223966080850455e-05
481,7.82121900141305e-05,2.1288220379151404e-05
482,7.912396624615838e-05,2.285274676408203e-05
483,7.92874373449827e-05,2.5175699601324123e-05
484,7.838045039371626e-05,2.8255241460793695e-05
485,7.672801917285582e-05,3.086467954495436e-05
486,7.558108938786864e-05,3.42543249164427e-05
487,7.493842195064122e-05,3.8422306812963604e-05
488,7.479878425925632e-05,4.336676390574143e-05
489,7.51609501435843e-05,4.752784780738798e-05
490,7.602369981151382e-05,5.243485569546649e-05
491,7.738581979581295e-05,5.653598563862883e-05
492,7.924610290161071e-05,5.859924859747177e-05
493,8.039835950146664e-05,5.983447806241999e-05
494,8.207316589653312e-05,6.021727286251354e-05
495,8.273494361843298e-05,5.972333583627496e-05
496,8.389027360955066e-05,5.9858929263731274e-05
497,8.553797785752068e-05,6.062255803051326e-05
498,8.61541189938594e-05,6.048996921439623e-05
499,8.723395895624984e-05,5.9765610924122076e-05
500,8.877639403526465e-05,5.9664998269670984e-05
501,9.078032612783918e-05,5.867529147935146e-05
502,9.324466269167316e-05,5.828023571182893e-05
503,9.61683167001526e-05,5.847843463126591e-05
504,9.955020659778286e-05,5.9268498866076394e-05
505,0.00010338925625612711,6.0649045953457356e-05
506,0.00010619163481679096,6.11259401710893e-05
507,0.00010942314509775763,6.216468093230589e-05
508,0.00011308278164135471,6.376396082301623e-05
509,0.00011716954402147521,6.475536808082432e-05
510,0.0001216824368032551,6.633058544429865e-05
511,0.00012545792663443478,6.73257266962128e-05
512,0.000129683327118302,6.892775421351452e-05
513,0.00013435760283353457,7.1135282975223e-05
514,0.00013947972342372392,7.394693464012723e-05
515,0.00014358827655524962,7.590095049295633e-05
516,0.00014811722087698388,7.843094439249765e-05
517,0.0001530655936701761,8.153561041001096e-05
518,0.0001584324369127179,8.521364888214056e-05
519,0.00016277035188198393,8.801732100251395e-05
520,0.00016749963663531523,8.992358484809611e-05
521,0.0001714791696719908,9.120883663001948e-05
522,0.00017443734891479118,9.160119042155897e-05
523,0.00017635158972740533,9.251054643429672e-05
524,0.00017719939838521946,9.393574299372559e-05
525,0.00017838439649709472,9.587562396911464e-05
526,0.00017990581372993845,9.832903873128851e-05
527,0.00018176288353720932,9.987549642921562e-05
528,0.0001825388136756189,0.00010049238391333748
529,0.00018221140643111714,0.00010156990705207782
530,0.0001821679957236965,0.00010198617002418955
531,0.00018240792948180597,0.00010176701420922785
532,0.0001829305588822255,0.000102054829776886
533,0.00018373523832401913,0.00010284850155781671
534,0.0001837088546051373,0.00010303444878442358
535,0.000183987792832069,0.00010374859098734997
536,0.00018457136715066785,0.00010249141166445188
537,0.00018545889502784307,0.00010176024310277312
538,0.0001866496972257285,0.00010044974583618155
539,0.00018814309777613134,9.96873405656649e-05
540,0.0001885610134869391,9.947184888745032e-05
541,0.00018788174615843244,9.842781064623721e-05
542,0.00018745485992671172,9.790424080364421e-05
543,0.0001872797867162709,9.790002438434016e-05
544,0.00018735596123135983,9.841405145298147e-05
545,0.00018768282093408712,9.944521707801628e-05
546,0.00018825980602276465,9.963354101320533e-05
547,0.0001890863594104871,0.0001003129399902741
548,0.00019016192670394548,0.00010039832049124571
549,0.00019040388076181416,9.991449287410518e-05
550,0.00019091757545535503,9.996627883633472e-05
551,0.00019170241746032643,0.00010055255505066066
552,0.0001927578162466843,0.00010167220314119611
553,0.0001940831840574494,0.00010332410964886574
554,0.00019460562649079377,0.00010309992134452327
555,0.00019542046557546975,0.00010340587362022716
556,0.00019652707576705213,0.00010424086681058938
557,0.00019792483438968645,0.00010560380603956123
558,0.0001985484990237258,0.00010617032475496705
559,0.0001994854872985319,0.00010617657537601695
560,0.0001996743193738071,0.00010670760659302058
561,0.00019888381567493822,0.00010644767655513126
562,0.00019840475540904622,0.00010668719084745503
563,0.00019718131953245295,0.00010742512600198948
564,0.00019629121465572272,0.00010866046295844459
565,0.00019337896206797023,0.00010908883089211211
566,0.00018974917519100988,0.00010998956347936214
567,0.00018542607513682985,0.00011136169810982263
568,0.00018147967090266325,0.00011320427630187362
569,0.00017790919633634358,0.00011551634367457355
570,0.0001747138885696933,0.00011725474043574668
571,0.0001695658508684991,0.00011715647265164284
572,0.0001637529812319756,0.00011650920918838254
573,0.00015833588489329577,0.00011637332708178268
574,0.00015331376833692373,0.00011546919667517044
575,0.00014868584138833259,0.00011274271928604393
576,0.0001444513171917429,0.00011050206860777354
577,0.00014060941218806708,0.00010747571048702109
578,0.00013589143687535964,0.00010491074776404434
579,0.00013051605398246534,0.00010280626317427398
580,0.00012450679652120655,0.00010013710292972822
581,0.00011890958828486548,9.692657491251327e-05
582,0.00011270289898936406,9.19405142343326e-05
583,0.00010567423049835008,8.745611950407036e-05
584,9.905526761139835e-05,8.34724090599435e-05
585,9.058011436308324e-05,7.772330959556726e-05
586,8.149939038041934e-05,7.145926411866218e-05
587,7.284826144214024e-05,6.571526250570519e-05
588,6.361559056037502e-05,5.94799925790223e-05
589,5.382439000129954e-05,5.277629212289418e-05
590,4.450446897054993e-05,4.562691621541558e-05
591,3.5654924968742416e-05,3.905971433311288e-05
592,2.6271380359073993e-05,3.083826578035677e-05
593,1.6149051170016047e-05,2.3196843179518366e-05
594,6.4944828971138534e-06,1.5134243306409531e-05
595,-2.693213253948912e-06,6.672933020554938e-06
596,-1.2411666541955819e-05,-2.1647013269777527e-06
597,-2.1643208973030702e-05,-1.1356353465031644e-05
598,-3.03887582035752e-05,-1.9886386398997782e-05
599,-3.964098023822642e-05,-2.8970588849271442e-05
600,-4.838734534996997e-05,-3.741726553111691e-05
601,-5.662879940886987e-05,-4.522760691643584e-05
602,-6.436628462996017e-05,-5.3389608532637956e-05
603,-7.258591273947966e-05,-6.0896070008362776e-05
604,-8.028191199507484e-05,-6.77482066108102e-05
605,-8.745525212142164e-05,-7.492914533747105e-05
606,-9.410689913966029e-05,-8.241701485433524e-05
607,-0.00010023781538943687,-8.921133965912816e-05
608,-0.00010584895955076435,-9.531339248809273e-05
609,-0.00011094128666570259,-0.00010191513008996344
610,-0.0001164896160384522,-0.00010882223800461308
611,-0.00012268578821385688,-0.00011622683027019417
612,-0.00012933661083003984,-0.00012393598700224492
613,-0.00013545114642131483,-0.00013192814400657892
614,-0.0001410303697413895,-0.0001401818120023605
615,-0.00014607525189919054,-0.0001477096259817183
616,-0.00015155114253255115,-0.00015451289568134096
617,-0.00015647357788592083,-0.00016059292599210882
618,-0.00016084355489475504,-0.00016595101698687405
619,-0.00016562177505544627,-0.00017058846394801984
620,-0.00016982858373845746,-0.0001745065573948025
621,-0.0001755848846555843,-0.0001798264646304672
622,-0.000181726837043481,-0.0001844295280927666
623,-0.00018727954901980222,-0.0001883170245745619
624,-0.000193196086151825,-0.00019244224448805458
625,-0.00019850471771516856,-0.00019583368113311025
626,-0.00020320651903386934,-0.0001994416097287844
627,-0.00020825002470811028,-0.00020324512581960122
628,-0.00021361414423257585,-0.00020722339588644247
629,-0.00021927785860304273,-0.00021041120642270638
630,-0.00022427726851769947,-0.00021395345335315253
631,-0.00022955499223316318,-0.00021881131089678693
632,-0.0002341502207610896,-0.00022290325257354524
633,-0.0002380641418402156,-0.00022623061487905943
634,-0.0002424328839526865,-0.0002299296745005626
635,-0.0002461430342466195,-0.00023288716624266558
636,-0.00024919573380212086,-0.0002362350883824953
637,-0.0002525247090027843,-0.00023886429914562267
638,-0.0002561093292229342,-0.00024283367803281864
639,-0.00025899936220335194,-0.0002460867807840666
640,-0.00026119600101442075,-0.000248624844148683
641,-0.0002636272042998993,-0.0002504491005094679
642,-0.00026534722087948504,-0.00025248610408399637
643,-0.00026728115213262536,-0.0002547155069822039
644,-0.0002684862220280145,-0.00025619457607676713
645,-0.00026896366986576805,-0.00025692459338149483
646,-0.00026871473066466655,-0.0002569068364399248
647,-0.0002677406351848424,-0.0002561425783493502
648,-0.00026695936829280217,-0.0002566557961382279
649,-0.0002665393965452578,-0.0002575289338374688
650,-0.0002663118259154642,-0.00025859310663728206
651,-0.00026534406583739753,-0.0002589157331114046
652,-0.0002636373590930787,-0.0002584980651051994
653,-0.00026119294422920404,-0.0002573413501530549
654,-0.00025910602779236465,-0.00025744915142986494
655,-0.0002572105203317802,-0.0002577273033586926
656,-0.00025548652831078214,-0.00025725037504938927
657,-0.0002530100226253067,-0.00025601962945849684
658,-0.00025086838342469256,-0.00025403632523758786
659,-0.000248897746800956,-0.0002523859038865457
660,-0.0002481606310172303,-0.0002500049613875314
661,-0.0002466758889568043,-0.00024689471217658745
662,-0.0002444447545108479,-0.00024305636657397385
663,-0.00024344095884672024,-0.00023938714800916865
664,-0.00024169318328853302,-0.00023497279065045045
665,-0.0002402753233205801,-0.0002298145239184436
666,-0.00023920604741484923,-0.00022391357310269018
667,-0.00023850396499295118,-0.00021727115938299373
668,-0.00023712061859334677,-0.00020988849985061175
669,-0.00023594510313387743,-0.00020265478870409702
670,-0.00023495793895526857,-0.00019661390943804765
671,-0.000234315775795941,-0.0001908785387844404
672,-0.00023403708428200722,-0.00018546721524926284
673,-0.00023308257975164872,-0.00017934072180311595
674,-0.00023145335816332328,-0.00017250022179085645
675,-0.0002300305998743383,-0.000166880981156916
676,-0.00022879501027506634,-0.00016055000940074497
677,-0.00022684986727857252,-0.00015350845861682906
678,-0.0002241963126173771,-0.0001457574771015731
679,-0.00022275712449177734,-0.0001381731127686348
680,-0.00022165669038953626,-0.00013090757362048318
681,-0.00021987010230509966,-0.0001248514550867061
682,-0.0002184397992352816,-0.0001191317262468617
683,-0.00021634436855950473,-0.00011272701037229916
684,-0.00021358487166396847,-0.00010563840459902081
685,-0.0002111983675319462,-9.890300351888328e-05
686,-0.00020920288972114183,-9.253887615784932e-05
687,-0.00020658394521859747,-8.553156483178523e-05
688,-0.00020437323928082006,-7.891280998746655e-05
689,-0.00020258866897490555,-7.270054374457494e-05
690,-0.00020022085531393803,-6.691264339816785e-05
691,-0.00019727072143434587,-6.054144840821218e-05
692,-0.0001956214058719544,-5.547010340925147e-05
693,-0.00019424880039675463,-5.067450622230014e-05
694,-0.00019227803796088204,-4.630009985387407e-05
695,-0.00019056482035661928,-4.23646047652166e-05
696,-0.0001901072407223252,-3.973922134619548e-05
697,-0.00018988812190077754,-3.7569561583392e-05
698,-0.00018988876293210227,-3.5710822506506624e-05
699,-0.0001902524365533288,-3.414422553108762e-05
700,-0.00018998671414454722,-3.200239266920463e-05
701,-0.00018909257435823103,-2.928622470602936e-05
702,-0.00018841723122646503,-2.7849603206391832e-05
703,-0.00018810219491801323,-2.584040604833917e-05
704,-0.00018716162542025785,-2.325952561599769e-05
705,-0.00018559648931759892,-2.110960451907869e-05
706,-0.0001834077501617069,-1.940806004978522e-05
707,-0.00018143662224273595,-1.7173805159401333e-05
708,-0.00017882564771144464,-1.4407666533959126e-05
709,-0.00017557580843195126,-1.1110468233758322e-05
710,-0.00017268162518875563,-8.276573683401162e-06
711,-0.00016916857977679865,-5.766834350722202e-06
712,-0.00016686226625385893,-4.553108408060748e-06
713,-0.00016393894782693326,-3.800209640716759e-06
714,-0.00016123158065857942,-4.357322887206227e-06
715,-0.00015789111399191395,-5.236966275868102e-06
716,-0.0001549023735919018,-6.420814123228054e-06
717,-0.0001513003408969734,-7.890594890096176e-06
718,-0.00014791332551918927,-8.800710154990312e-06
719,-0.00014487610343203206,-9.152012193464046e-06
720,-0.00014122833677097804,-8.945350630478628e-06
721,-0.00013794688902187186,-9.157515458039323e-06
722,-0.00013587166233447188,-9.653961558027528e-06
723,-0.00013402800387964922,-1.0416606422136551e-05
724,-0.00013336918197407168,-1.1578147359505515e-05
725,-0.00013210430194227473,-1.218587488396662e-05
726,-0.00013105253448336522,-1.402703490668473e-05
727,-0.00013034546797677623,-1.6282622492530227e-05
728,-0.00013000009212448343,-1.8969529340791602e-05
729,-0.00013003334754866267,-2.1955964261515723e-05
730,-0.00012950012504017443,-2.44102253915548e-05
731,-0.00012936174369557283,-2.729358564956035e-05
732,-0.00012948762343098033,-2.9663862319608423e-05
733,-0.00012985996714797097,-3.233227116668024e-05
734,-0.00013046102908185355,-3.447164995767103e-05
735,-0.00013046487049120652,-3.608278570468129e-05
736,-0.00013067951802868917,-3.71664630286643e-05
737,-0.00013123273221478317,-3.7723464170624135e-05
738,-0.00013214127125589612,-3.8704507256755826e-05
739,-0.0001324733939651873,-3.998162489547149e-05
740,-0.0001330327289414757,-4.153715505902114e-05
741,-0.0001347472270559685,-4.3353486141373146e-05
742,-0.00013587053522236812,-4.55564572337836e-05
743,-0.0001373460679149427,-4.8162643314624e-05
744,-0.00013824933487538083,-5.104595149640334e-05
745,-0.00013858116954806193,-5.339147647292454e-05
746,-0.00013913872919521806,-5.5996330815542525e-05
747,-0.00013990462288060175,-5.804781875596868e-05
748,-0.00014179678756276215,-6.127622207174275e-05
749,-0.00014308659428805692,-6.395284312328291e-05
750,-0.00014470731386957383,-6.701088421324518e-05
751,-0.00014653546834307905,-7.032679904186545e-05
752,-0.00014776384184374364,-7.388327619736477e-05
753,-0.00014839329679011007,-7.687412935333636e-05
754,-0.0001484246930872759,-8.022687275154974e-05
755,-0.00014878417150612094,-8.395784090849828e-05
756,-0.00014948808841542505,-8.715944998773926e-05
757,-0.000150415042877635,-8.983246162431026e-05
758,-0.00015076419395357402,-9.197763521936436e-05
759,-0.0001514560328589774,-9.359572795024824e-05
760,-0.00015250680570510285,-9.468749478051769e-05
761,-0.0001530158292665737,-9.52536884698916e-05
762,-0.0001529838739356519,-9.529505958414464e-05
763,-0.0001533258264420998,-9.572647506611569e-05
764,-0.0001539226235200027,-9.565128723501435e-05
765,-0.00015475726457340932,-9.584676525591372e-05
766,-0.00015581279590453,-9.629591257478782e-05
767,-0.00015707231052076783,-9.620725610071558e-05
768,-0.0001577454330913185,-9.558155662864352e-05
769,-0.00015873890795249347,-9.532549295120962e-05
770,-0.00016006879167980017,-9.545505626583151e-05
771,-0.00016084787707428339,-9.585347922654184e-05
772,-0.000161076935909128,-9.573439966933581e-05
773,-0.0001607567377644466,-9.586705655601403e-05
774,-0.00016065556864913535,-9.623466394151491e-05
775,-0.00016088804696479382,-9.695182091087853e-05
776,-0.00016223562194310498,-9.790341805996371e-05
777,-0.00016380150825399484,-9.907276120582049e-05
778,-0.000165569053896196,-9.967962896264792e-05
779,-0.00016841423021711092,-0.00010137997417712557
780,-0.000170682644671863,-0.00010251938506303608
781,-0.00017313573394049116,-0.00010474923593548444
782,-0.00017575698120387884,-0.00010717935196109322
783,-0.00017777121761496814,-0.00010903452315029933
784,-0.00017993700672599714,-0.00011031554317673592
785,-0.00018223794276001515,-0.00011102320348919431
786,-0.00018390186322525098,-0.00011115829332117483
787,-0.00018568448011055852,-0.00011072159970038186
788,-0.0001868156149452392,-0.00010971390745816322
789,-0.00018729615627296429,-0.00010888892624262094
790,-0.0001878789641203183,-0.00010747834579806349
791,-0.00018854782942664277,-0.00010548296608662796
792,-0.00018941232143256407,-0.00010452946998535981
793,-0.0001904881772294935,-0.00010386729430799376
794,-0.00019091780608523513,-0.00010338692941796436
795,-0.00019232135640268394,-0.00010232490361984401
796,-0.00019395118295775063,-0.0001015527828292693
797,-0.0001958228997667707,-0.0001002165711068805
798,-0.00019869651508275786,-9.992974915779739e-05
799,-0.0002009601152187082,-9.994738176269032e-05
800,-0.00020335709491180765,-0.00010016169376077695
801,-0.00020512976959386855,-0.00010055656606364214
802,-0.00020714231052815007,-0.00010197925615439423
803,-0.0002085480859715638,-0.00010282646297932852
804,-0.00021008678749224064,-0.00010309895900067852
805,-0.00021174246201263231,-0.00010279751457776036
806,-0.00021349919818697835,-0.00010192289797572517
807,-0.00021546222172553664,-0.00010047587537426441
808,-0.00021752615525106334,-9.845721087626375e-05
809,-0.0002196751704213225,-9.660197974995797e-05
810,-0.0002211600734123193,-9.416088756651594e-05
811,-0.00022198174305054422,-9.198711871553764e-05
812,-0.00022299226453143637,-9.009593450125239e-05
813,-0.00022335696505681432,-8.76525419259269e-05
814,-0.00022392552052134126,-8.623629969657262e-05
815,-0.00022386557703297914,-8.584583711957952e-05
816,-0.00022317796139159168,-8.647978723985797e-05
817,-0.00022186349820034262,-8.813678682511613e-05
818,-0.00022076710542619056,-8.924514680601905e-05
819,-0.000219061048531802,-8.980558941557594e-05
820,-0.00021674612559715602,-9.0543297648534e-05
821,-0.0002138231325917668,-9.144258944906788e-05
822,-0.00021113228250514352,-9.260454205747784e-05
823,-0.00020941048910595763,-9.404421000106089e-05
824,-0.00020865647158496573,-9.566045504493819e-05
825,-0.00020803300693544396,-9.671760382568677e-05
826,-0.00020835936499012824,-9.877037965743229e-05
827,-0.00020880064897713262,-0.0001009838289415372
828,-0.00020862393079316977,-0.00010262496688360868
829,-0.00020783000978619314,-0.00010452589513173495
830,-0.00020713541744047203,-0.00010587131937278606
831,-0.00020580989414286917,-0.00010666195906511266
832,-0.00020539621783000067,-0.00010689853177865814
833,-0.00020518003958712805,-0.00010740857531175379
834,-0.00020517628765434417,-0.00010738122762537338
835,-0.00020457528050576827,-0.00010681718142855042
836,-0.00020420123592866112,-0.00010571712762015371
837,-0.0002032466545818355,-0.00010408175529611459
838,-0.00020171227928588215,-0.0001019117517566166
839,-0.0002003069074439602,-0.00010002791158775168
840,-0.00019983428884194306,-9.844494179225912e-05
841,-0.00019958684526352163,-9.71775126808852e-05
842,-0.0001987625290689815,-9.612899847538668e-05
843,-0.00019736207370825876,-9.457939714762169e-05
844,-0.00019538621074734357,-9.334394541129212e-05
845,-0.00019353869875841383,-9.232674925727048e-05
846,-0.0001919146167527973,-9.162277698021962e-05
847,-0.00019122999053962697,-9.043524898943427e-05
848,-0.00019078307584882446,-8.957502073331656e-05
849,-0.00019047903287014472,-8.894714240970168e-05
850,-0.00018960388813199708,-8.78375308202693e-05
851,-0.00018896536524078199,-8.705380010894468e-05
852,-0.00018846933634433525,-8.730764488140657e-05
853,-0.00018740434204741173,-8.709645389700584e-05
854,-0.00018577109576612923,-8.711643345488572e-05
855,-0.00018357030910974806,-8.735248833092003e-05
856,-0.00018080269188763473,-8.70955657474763e-05
857,-0.00017896274541635571,-8.703946902573805e-05
858,-0.00017655736840545773,-8.647681859599404e-05
859,-0.0001735872653765305,-8.609981890635094e-05
860,-0.00017074390582941362,-8.52027557107842e-05
861,-0.00016732246682757903,-8.378627746187197e-05
862,-0.0001640128297076359,-8.185103097441415e-05
863,-0.00016011182484772072,-7.939766143174684e-05
864,-0.0001564134569797394,-7.642681239202373e-05
865,-0.00015361886430460735,-7.373136188081763e-05
866,-0.00015104093523750817,-7.132556956639215e-05
867,-0.00014869398254524813,-6.911867998520066e-05
868,-0.00014580314302225575,-6.641147354600903e-05
869,-0.00014236908626393907,-6.388818080770886e-05
870,-0.0001383924802005107,-6.085120933448693e-05
871,-0.00013387399110328916,-5.808726243726063e-05
872,-0.0001288142835909666,-5.482544773253862e-05
873,-0.00012321402063584475,-5.185041403658368e-05
874,-0.00011785688760887769,-4.917627118599622e-05
875,-0.00011265394027760341,-4.603508153974523e-05
876,-0.00010769340952367836,-4.320842348559869e-05
877,-0.00010298940701146178,-4.0710323205778955e-05
878,-9.923261597889063e-05,-3.7775775200622495e-05
879,-9.574603708223502e-05,-3.518331132316972e-05
880,-9.176669785023807e-05,-3.2169874152392476e-05
881,-8.807120273488936e-05,-2.9511983387652843e-05
882,-8.467353060405788e-05,-2.7223533340666756e-05
883,-8.08136034022097e-05,-2.454436159555536e-05
884,-7.793703052988401e-05,-2.1474943997688248e-05
885,-7.60426140667255e-05,-1.8687008779989816e-05
886,-7.435808959054932e-05,-1.6165953512173246e-05
887,-7.2969305612322e-05,-1.3227470301006756e-05
888,-7.112101608768728e-05,-9.872064251705776e-06
889,-6.94820076920757e-05,-6.868376878754346e-06
890,-6.813751398477786e-05,-3.4630114801709095e-06
891,-6.710135415722292e-05,3.4354734335856215e-07
892,-6.562208692143328e-05,3.785588140893116e-06
893,-6.370024362623498e-05,7.613668668800934e-06
894,-6.133635433048835e-05,1.1064024042546318e-05
895,-5.9957041719037406e-05,1.4221583274478722e-05
896,-5.813672755061019e-05,1.776380434280009e-05
897,-5.6538211683919186e-05,2.1027952626769393e-05
898,-5.524510321682088e-05,2.3268948031445317e-05
899,-5.3512556547486406e-05,2.524653718141723e-05
900,-5.2098669961996594e-05,2.68775540353424e-05
901,-5.026044468629329e-05,2.814839911988855e-05
902,-4.865698681386667e-05,2.8386902080769795e-05
903,-4.661616188717148e-05,2.834903572539017e-05
904,-4.489229420927322e-05,2.8706237775233177e-05
905,-4.34989541737037e-05,2.945803953964008e-05
906,-4.2449680824242496e-05,3.060397345714618e-05
907,-4.1006977494428526e-05,3.214357309131653e-05
908,-3.992138340584763e-05,3.407637312660252e-05
909,-3.920636030634946e-05,3.5652761519892315e-05
910,-3.877992854960359e-05,3.7607513292493275e-05
911,-3.797579970887097e-05,3.994018250037421e-05
912,-3.6794417635627775e-05,4.265032426728543e-05
913,-3.523622512343799e-05,4.5737494780843866e-05
914,-3.33016639118077e-05,4.845670508954565e-05
915,-3.0991174690019755e-05,5.079459711521929e-05
916,-2.8305197100950054e-05,5.273784329496691e-05
917,-2.5244169744864473e-05,5.3625317244983426e-05
918,-2.245565371907998e-05,5.41991563597707e-05
919,-1.9925604026134214e-05,5.4473451832898155e-05
920,-1.6994290934928327e-05,5.436888119020038e-05
921,-1.3662180353560825e-05,5.387218939057999e-05
922,-9.92973709464852e-06,5.3707451477163386e-05
923,-6.533829017847547e-06,5.387428072334249e-05
924,-3.4877136280658284e-06,5.363678087534438e-05
925,-8.046184522214323e-07,5.371640444619737e-05
926,1.5022588596549004e-06,5.3379053398612075e-05
927,3.4197504337692172e-06,5.197076447035182e-05
928,5.026525104140604e-06,5.0224729414084016e-05
929,6.975974196496501e-06,4.8794369315586604e-05
930,7.898735845536001e-06,4.704054550757878e-05
931,9.163393268394975e-06,4.561525792425701e-05
932,1.0041115224943596e-05,4.451812783701967e-05
933,1.0609678184632668e-05,4.311205778516417e-05
934,1.1518970541451396e-05,4.204693516952755e-05
935,1.2133244326397132e-05,4.068701103358114e-05
936,1.3100982093768312e-05,3.96807669496854e-05
937,1.3787778677076613e-05,3.839379677496413e-05
938,1.420739127187248e-05,3.683985673409238e-05
939,1.4283836826827036e-05,3.566532348502582e-05
940,1.4004100083934726e-05,3.486976507520424e-05
941,1.4075837513047388e-05,3.445275054960391e-05
942,1.4498650003338452e-05,3.3694063004151544e-05
943,1.5272139362963066e-05,3.329966104441141e-05
944,1.6395908315824744e-05,3.3269131571311195e-05
945,1.652369471989529e-05,3.225619665798624e-05
946,1.7000978288009564e-05,3.1606320270430966e-05
947,1.7111826524501787e-05,3.131909210961297e-05
948,1.75580583754136e-05,3.139410281741504e-05
949,1.7625443471060026e-05,3.111709166937753e-05
950,1.7388835360819147e-05,3.056288192987834e-05
951,1.686182029460319e-05,3.0369697778406182e-05
952,1.5970627878554526e-05,2.982579480736451e-05
953,1.541295556335541e-05,2.962885502317696e-05
954,1.5188429495300728e-05,2.9068816323708178e-05
955,1.467462493675241e-05,2.7510845726111283e-05
956,1.4506438848519598e-05,2.5664072711232848e-05
957,1.3976296841403415e-05,2.345554045263219e-05
958,1.3777823037825312e-05,2.15788722046421e-05
959,1.329119061656783e-05,1.8708698250077273e-05
960,1.2443925808887143e-05,1.6169656897621348e-05
961,1.1309063519236701e-05,1.3961379250832637e-05
962,9.814448769124529e-06,1.2083497248037522e-05
963,8.649679601665928e-06,1.0535643659438877e-05
964,7.814390417723783e-06,9.317452084238037e-06
965,6.607568340411394e-06,8.428556947770222e-06
966,5.1014640242941704e-06,7.253625169522925e-06
967,3.3094239939852185e-06,5.106956489946048e-06
968,1.2447659198927586e-06,2.6878486334490275e-06
969,-4.661568861435002e-07,-7.4768890052439e-08
970,-2.436165749877788e-06,-3.109303881331583e-06
971,-4.652014935801433e-06,-6.402497343149762e-06
972,-7.1004872224356515e-06,-9.329946589887362e-06
973,-9.768393810600085e-06,-1.1892052789688108e-05
974,-1.2032656977514892e-05,-1.4089216218983132e-05
975,-1.4586357860625116e-05,-1.5921836265517133e-05
976,-1.6750220212472478e-05,-1.7390311431360434e-05
977,-1.8524668684777537e-05,-1.8495039335907414e-05
978,-2.1207823738382252e-05,-1.923641671886075e-05
979,-2.3502403293804398e-05,-1.9614839443201933e-05
980,-2.6015012309031206e-05,-1.9630702498148774e-05
981,-2.8127024635331027e-05,-1.9284400002098397e-05
982,-2.983887405638662e-05,-1.9181273684112006e-05
983,-3.1150993406830224e-05,-1.9308263927424707e-05
984,-3.335312240476171e-05,-1.9048619962296528e-05
985,-3.6444296494136235e-05,-1.969068000160311e-05
986,-4.0423553238979757e-05,-2.0630974301189566e-05
987,-4.460666218542245e-05,-2.180053580995173e-05
988,-4.837939920902416e-05,-2.3186388607378113e-05
989,-5.242393812005197e-05,-2.417491746578188e-05
990,-5.6071719512570576e-05,-2.4766549393566027e-05
991,-5.9323168873264765e-05,-2.4961710471074168e-05
992,-6.217871076699042e-05,-2.4760825853662817e-05
993,-6.523701597570424e-05,-2.4762566910650847e-05
994,-6.788757243480192e-05,-2.4356422161678074e-05
995,-7.140502264776634e-05,-2.4219990062287138e-05
996,-7.511203118224157e-05,-2.428564133733195e-05
997,-7.907559140888322e-05,-2.4620356620036312e-05
998,-8.322837294888954e-05,-2.583169327121784e-05
999,-8.75575903764254e-05,-2.732406203560894e-05
1000,-9.205048498933842e-05,-2.903039099354887e-05
1001,-9.610085878566878e-05,-3.034442996326029e-05
1002,-0.00010038108757969306,-3.193850268614823e-05
1003,-0.00010482457466979334,-3.382484139794104e-05
1004,-0.00010882693545575988,-3.5345231890082915e-05
1005,-0.00011238863524856719,-3.650006156698361e-05
1006,-0.00011610065467742394,-3.728971700312968e-05
1007,-0.00011936042473487938,-3.771458394579433e-05
1008,-0.00012275776543087046,-3.836439196648549e-05
1009,-0.0001256913164301992,-3.8637690477021814e-05
1010,-0.00012882756470510392,-3.9123053345182795e-05
1011,-0.00013210104778628876,-3.922023418174e-05
1012,-0.00013491218995158238,-3.951665566709022e-05
1013,-0.00013784791020492448,-3.941327079527986e-05
1014,-0.00014030982952403166,-3.8910498146963477e-05
1015,-0.00014288372216503402,-3.8594035620324266e-05
1016,-0.00014497240103476724,-3.786661991955715e-05
1017,-0.00014657637088462568,-3.7389596439703755e-05
1018,-0.00014893988755576261,-3.717504053486101e-05
1019,-0.0001514791730374235,-3.72350028464038e-05
1020,-0.0001535475927473715,-3.69227478501792e-05
1021,-0.00015514563461751726,-3.682050349117173e-05
1022,-0.00015627378556127108,-3.633449172528657e-05
1023,-0.00015693253147676593,-3.604581396727578e-05
1024,-0.00015770249338867954,-3.594200200100523e-05
1025,-0.00015799173312711857,-3.5431042858426945e-05
1026,-0.00015780074610093737,-3.451335730080186e-05
1027,-0.0001571300266909527,-3.384315227302e-05
1028,-0.00015663315080281158,-3.3432384037883614e-05
1029,-0.0001562470747607497,-3.264060508007008e-05
1030,-0.0001566111715648004,-3.2119885919071286e-05
1031,-0.00015649749024111007,-3.1231144655396385e-05
1032,-0.00015590652013176132,-2.9974759747807172e-05
1033,-0.00015548833221286658,-2.900069151156255e-05
1034,-0.00015460599870627386,-2.7671901729459747e-05
1035,-0.00015390818681340114,-2.6636947385008432e-05
1036,-0.00015333273584661663,-2.5833557793151957e-05
1037,-0.00015294136173337323,-2.5323339103745414e-05
1038,-0.00015331827617597442,-2.569039346066864e-05
1039,-0.00015324549924017816,-2.5716631589778933e-05
1040,-0.00015272348801055827,-2.5402401453624634e-05
1041,-0.00015175269863580527,-2.531871254964427e-05
1042,-0.00015033358633163017,-2.4883172960905623e-05
1043,-0.00014846660538365603,-2.4096140614778482e-05
1044,-0.00014615220915029908,-2.2957972702498782e-05
1045,-0.00014403218404030304,-2.21103596561406e-05
1046,-0.00014147766933136923,-2.092434496668494e-05
1047,-0.00013848910362460913,-1.940027163791296e-05
1048,-0.00013506692462914756,-1.7538481970452976e-05
1049,-0.0001312115691648726,-1.5905627769829678e-05
1050,-0.00012756143169786972,-1.4561718310511503e-05
1051,-0.0001246934710077556,-1.2881109199339276e-05
1052,-0.00012140558314504768,-1.0864139970249853e-05
1053,-0.00011769818957292711,-9.075308444791466e-06
1054,-0.00011357171090219815,-6.93886138796115e-06
1055,-0.0001102242748138717,-5.652856010876022e-06
1056,-0.00010645858640292518,-4.653881685280932e-06
1057,-0.00010227506376213859,-3.882246853432853e-06
1058,-9.767412414218887e-05,-2.7643777032337996e-06
1059,-9.32881553891126e-05,-1.9325921829117756e-06
1060,-8.84974576244545e-05,-1.3275540541389437e-06
1061,-8.393309012006633e-05,-9.372184532105901e-07
1062,-7.897663161699557e-05,-1.901861971905196e-07
1063,-7.418732369965218e-05,3.5433557961341336e-07
1064,-6.899488850830412e-05,1.2666591208905688e-06
1065,-6.339972591822059e-05,2.546418869370711e-06
1066,-5.8029626937064745e-05,3.565858069617958e-06
1067,-5.345287254822178e-05,3.7567299248882806e-06
1068,-4.9668674334536106e-05,3.119856973577208e-06
1069,-4.6050795923174076e-05,2.2815096445414293e-06
1070,-4.265696555374597e-05,1.1839936891602462e-06
1071,-3.949866384805393e-05,-1.8413758822891628e-07
1072,-3.714150902445891e-05,-1.2107895088767993e-06
1073,-3.5031065673973425e-05,-1.8962990971379621e-06
1074,-3.310964823958131e-05,-2.241002705259941e-06
1075,-3.136541136479477e-05,-2.2452360154220854e-06
1076,-2.9234432821902147e-05,-1.9093340417659437e-06
1077,-2.6717091871496073e-05,-1.2336311324176618e-06
1078,-2.4984536411392786e-05,-7.695364872164797e-07
1079,-2.3416934218237005e-05,-5.052288335824333e-07
1080,-2.2620949435623667e-05,-4.2890971178960015e-07
1081,-2.1428480060285505e-05,2.0742757322206917e-08
1082,-1.98399128882367e-05,2.261942053336071e-07
1083,-1.7855633955113998e-05,1.7611514723627025e-07
1084,-1.609194378850488e-05,4.751131015644646e-07
1085,-1.4560172662326129e-05,5.075578247210513e-07
1086,-1.327162913778218e-05,8.76839720505746e-07
1087,-1.2237600125530279e-05,4.220749705920217e-07
1088,-1.1401939764958265e-05,-3.0992414184065013e-07
1089,-1.02074429909515e-05,-7.175892609841815e-07
1090,-9.199466141573466e-06,-1.3462439371558595e-06
1091,-7.821837791787996e-06,-2.1841930988786077e-06
1092,-6.618925745130901e-06,-2.675753542197979e-06
1093,-5.645921322969546e-06,-3.431593248188872e-06
1094,-4.847346215221271e-06,-3.853185454098019e-06
1095,-4.820700025016047e-06,-4.483372978640632e-06
1096,-5.023211677206482e-06,-5.919022589702567e-06
1097,-5.3997214049750885e-06,-7.55147303809098e-06
1098,-6.0048935087494925e-06,-9.43536718721979e-06
1099,-6.849900917465851e-06,-1.097518929539535e-05
1100,-8.485949435064055e-06,-1.2777330530744686e-05
1101,-1.0306823432028075e-05,-1.4247455953118629e-05
1102,-1.1761909319213719e-05,-1.5924957934596862e-05
1103,-1.399439001730383e-05,-1.779828650941045e-05
1104,-1.5861776880542376e-05,-1.9317816211583654e-05
1105,-1.7364418501168336e-05,-2.0483885173473636e-05
1106,-1.9642232967749353e-05,-2.1833955112199988e-05
1107,-2.1555992527698934e-05,-2.28199024192834e-05
1108,-2.4243449084236264e-05,-2.457947925432293e-05
1109,-2.6567538474895344e-05,-2.597562171001976e-05
1110,-2.852860599278394e-05,-2.760873533944377e-05
1111,-3.072646274440947e-05,-2.8890393866220223e-05
1112,-3.2573264492175945e-05,-3.0419805050628592e-05
1113,-3.466762691828018e-05,-3.160969548532867e-05
1114,-3.6422856377010685e-05,-3.2460386997077035e-05
1115,-3.843637787678905e-05,-3.356930484232985e-05
1116,-4.0654955159847524e-05,-3.435090171454297e-05
1117,-4.253535587004347e-05,-3.4805487116905755e-05
1118,-4.467324356176801e-05,-3.5464729001056466e-05
1119,-4.648479712280995e-05,-3.578636727315292e-05
1120,-4.797032406396435e-05,-3.630113029374635e-05
1121,-4.9130131311346256e-05,-3.759126906978957e-05
1122,-4.996452520807865e-05,-3.853357426533415e-05
1123,-5.100280475367714e-05,-4.0249800494569957e-05
1124,-5.229698058659324e-05,-4.273922018311522e-05
1125,-5.3266654096327606e-05,-4.488177569317386e-05
1126,-5.391212932761007e-05,-4.6677791972512656e-05
1127,-5.476082546112552e-05,-4.812759335483841e-05
1128,-5.5801461989236075e-05,-4.923150356155908e-05
1129,-5.708557744180809e-05,-5.0516027639712644e-05
1130,-5.862401339620957e-05,-5.144421056935677e-05
1131,-5.9839753865896785e-05,-5.201638447595487e-05
1132,-6.073309950456759e-05,-5.275766832191041e-05
1133,-6.130435040084042e-05,-5.3132540574230546e-05
1134,-6.155380607986689e-05,-5.314134166545051e-05
1135,-6.14817655049376e-05,-5.278441139062256e-05
1136,-6.167352766408264e-05,-5.2647089494126315e-05
1137,-6.155540985880888e-05,-5.215573395861642e-05
1138,-6.171157270874466e-05,-5.1894546009874956e-05
1139,-6.209099160945644e-05,-5.129097932203551e-05
1140,-6.26824910117876e-05,-5.0866455177448444e-05
1141,-6.295426770867015e-05,-5.067139149079503e-05
1142,-6.342680893036175e-05,-5.065508479639754e-05
1143,-6.408899007920875e-05,-5.080643073039981e-05
1144,-6.441042408751162e-05,-5.111434511898784e-05
1145,-6.439142436107131e-05,-5.1048934747986435e-05
1146,-6.403230372473282e-05,-5.112891896263575e-05
1147,-6.33333744240184e-05,-5.082533939122777e-05
1148,-6.22949481267541e-05,-5.013854758431882e-05
1149,-6.091733592469022e-05,-4.964664525964526e-05
1150,-5.920084833511546e-05,-4.878312222706562e-05
1151,-5.772244668787073e-05,-4.806444283962752e-05
1152,-5.643233623000277e-05,-4.696394685543927e-05
1153,-5.4804274427979784e-05,-4.605753874463814e-05
1154,-5.335335237949411e-05,-4.5295644005292134e-05
1155,-5.2128714597342e-05,-4.472743674934578e-05
1156,-5.0567044490119703e-05,-4.378962993066932e-05
1157,-4.8668648627761835e-05,-4.3055937667566476e-05
1158,-4.6433833018307004e-05,-4.196412942491601e-05
1159,-4.386290310945882e-05,-4.1027092368235814e-05
1160,-4.095616379014134e-05,-4.080566779934927e-05
1161,-3.7713919392048275e-05,-4.1299205395017894e-05
1162,-3.4136473691186705e-05,-4.14251387576197e-05
1163,-3.0794271589622547e-05,-4.175394200408632e-05
1164,-2.763858847758955e-05,-4.223691968661901e-05
1165,-2.465853040425705e-05,-4.235328472674207e-05
1166,-2.1843222840679775e-05,-4.2612852674407004e-05
1167,-1.9240766610692968e-05,-4.306374377322849e-05
1168,-1.737027777357298e-05,-4.422509346700508e-05
1169,-1.5722918637892307e-05,-4.5588083413671754e-05
1170,-1.374275324527294e-05,-4.7104540051150137e-05
1171,-1.1937389978011785e-05,-4.876365692521889e-05
1172,-1.0861367844123103e-05,-5.004777011863756e-05
1173,-9.442758680768278e-06,-5.146366013072747e-05
1174,-8.246171487753748e-06,-5.249455525611918e-05
1175,-7.2820369085733265e-06,-5.364638219944125e-05
1176,-5.997513821420168e-06,-5.440325839511368e-05
1177,-4.392888526015422e-06,-5.476553625299316e-05
1178,-3.0306551609445066e-06,-5.529577590458216e-05
1179,-1.9211897434517554e-06,-5.60044192431356e-05
1180,-1.578290211788853e-06,-5.740532996632011e-05
1181,-9.376110488942267e-07,-5.893724209177014e-05
1182,5.826362485808368e-10,-6.008688490558707e-05
1183,7.338627229015103e-07,-6.135676125665865e-05
1184,1.7746973818443363e-06,-6.273621693375979e-05
1185,3.1228136440289854e-06,-6.371330045037494e-05
1186,4.7779390287424745e-06,-6.428836788897249e-05
1187,6.2393302651632e-06,-6.501932815353971e-05
1188,7.4606779271509375e-06,-6.53595108102412e-05
1189,8.488594329877783e-06,-6.530926083838885e-05
1190,9.276932837779638e-06,-6.542494150916808e-05
1191,1.0370932463335769e-05,-6.571688757028666e-05
1192,1.1215323048229677e-05,-6.564041522137588e-05
1193,1.2354353690687673e-05,-6.519584871536604e-05
1194,1.3233778942590536e-05,-6.438351173073003e-05
1195,1.3843381573485297e-05,-6.375720737855855e-05
1196,1.4725937084973114e-05,-6.332720819312531e-05
1197,1.5328734568934427e-05,-6.31037689009301e-05
1198,1.6193568538191365e-05,-6.254515870177254e-05
1199,1.7320208909036446e-05,-6.165167128108909e-05
1200,1.8157461818223128e-05,-6.0423599805924174e-05
1201,1.8695188657806757e-05,-5.886123692631661e-05
1202,1.8979006776530792e-05,-5.800906482429671e-05
1203,1.8963861024400925e-05,-5.7372647303387316e-05
1204,1.869521032303918e-05,-5.6906597463700625e-05
1205,1.8183631620061848e-05,-5.660041025475049e-05
1206,1.738429499301852e-05,-5.649898737183707e-05
1207,1.683459280100074e-05,-5.606500810475976e-05
1208,1.5987321358382424e-05,-5.584574766439906e-05
1209,1.5378911392140882e-05,-5.530484672571456e-05
1210,1.451819677943324e-05,-5.4933542690488025e-05
1211,1.3415699128060675e-05,-5.472138510717708e-05
1212,1.2081922023097102e-05,-5.416779339989935e-05
1213,1.1017095018619342e-05,-5.376280695612931e-05
1214,1.0220985148648561e-05,-5.300667952695943e-05
1215,9.693359854274958e-06,-5.189971433999373e-05
1216,8.890921923384588e-06,-5.093074979141386e-05
1217,8.346237085406955e-06,-5.008941579560651e-05
1218,7.571349251391367e-06,-4.9907453504689356e-05
1219,6.5766896437897344e-06,-4.984268464879765e-05
1220,5.859605677413886e-06,-4.993897489838122e-05
1221,5.419858478151631e-06,-5.020640044603746e-05
1222,4.771072592950572e-06,-5.0114859416902066e-05
1223,3.383945946115674e-06,-5.0204339557346734e-05
1224,1.7983122151104048e-06,-5.097021721228234e-05
1225,5.094692533832804e-07,-5.138824479951451e-05
1226,-9.673879652264364e-07,-5.1458719877933e-05
1227,-2.675542923161625e-06,-5.166609548915338e-05
1228,-4.624952809064495e-06,-5.151633698063479e-05
1229,-6.288746139411418e-06,-5.1546560859066374e-05
1230,-8.150141847635517e-06,-5.1230414243058024e-05
1231,-9.71625877720345e-06,-5.056819215367385e-05
1232,-1.0987348460097916e-05,-5.057776941044603e-05
1233,-1.1963661996658218e-05,-5.024185664038134e-05
1234,-1.2645450056702355e-05,-4.956074736163735e-05
1235,-1.3032962880645906e-05,-4.853473459049965e-05
1236,-1.3126450280616088e-05,-4.716411084268052e-05
1237,-1.3406403683551878e-05,-4.544916813461343e-05
1238,-1.3382740229265928e-05,-4.339019798474264e-05
1239,-1.4067282611418647e-05,-4.098749141480829e-05
1240,-1.545943096092896e-05,-3.9252051227787985e-05
1241,-1.702742025799751e-05,-3.717345218163507e-05
1242,-1.8813457132186882e-05,-3.52826848818076e-05
1243,-2.0827385582474026e-05,-3.4067542605635266e-05
1244,-2.2549259949983126e-05,-3.3049915178275497e-05
1245,-2.3979326281531336e-05,-3.1710336937804554e-05
1246,-2.5117830206414334e-05,-3.0577927471668025e-05
1247,-2.59650169374799e-05,-2.9134119695813654e-05
1248,-2.6521131272197426e-05,-2.7855184397169853e-05
1249,-2.678641759372377e-05,-2.6731004209887083e-05
1250,-2.7236367396718064e-05,-2.5751478554311814e-05
1251,-2.786086349059036e-05,-2.5433074947232728e-05
1252,-2.8701411376140304e-05,-2.477465624479616e-05
1253,-2.924213747477406e-05,-2.3776506705054167e-05
1254,-3.0008474878536665e-05,-2.2964092608786588e-05
1255,-3.0485436205975925e-05,-2.229581381629945e-05
1256,-3.0673262988590075e-05,-2.176162847953401e-05
1257,-3.057219635188179e-05,-2.087891035620379e-05
1258,-3.018247701639212e-05,-1.9647949534669747e-05
1259,-2.9504345298730083e-05,-1.859195244767419e-05
1260,-2.8538041112599775e-05,-1.7720661421387512e-05
1261,-2.7283803969823003e-05,-1.7043802775321146e-05
1262,-2.574187298135898e-05,-1.6049520075034777e-05
1263,-2.3912486858320536e-05,-1.4738076622840124e-05
1264,-2.2316554536749803e-05,-1.3630405905144635e-05
1265,-2.096373038533408e-05,-1.2215963104080122e-05
1266,-1.9863652975638386e-05,-1.1014779658049237e-05
1267,-1.85066129818961e-05,-9.517178740003649e-06
1268,-1.7880211573887917e-05,-8.710793964838434e-06
1269,-1.7465401527686818e-05,-7.608478580695406e-06
1270,-1.6784436962299064e-05,-6.728477300769008e-06
1271,-1.635509556922599e-05,-6.080406635607144e-06
1272,-1.66539898207936e-05,-5.6237787132478745e-06
1273,-1.669718343925232e-05,-5.39866662715574e-06
1274,-1.648488689390681e-05,-4.8984203805149564e-06
1275,-1.601731030489563e-05,-4.6390624873128535e-06
1276,-1.5294663444069447e-05,-4.114797750698298e-06
1277,-1.4317155735866303e-05,-3.3258437353027735e-06
1278,-1.354983147409973e-05,-2.2724176455406696e-06
1279,-1.251831012821052e-05,-9.547363265136361e-07
1280,-1.2200527589633585e-05,-3.5073585890559653e-07
1281,-1.1618977579282335e-05,3.914059524500325e-09
1282,-1.077387569053584e-05,1.4906082609606226e-07
1283,-1.0177745366390799e-05,4.529602957653994e-08
1284,-9.790868399421563e-06,-7.795378291400759e-07
1285,-9.603384655519338e-06,-1.3511064445870442e-06
1286,-9.143506337635186e-06,-1.6696163716547343e-06
1287,-8.922036910370255e-06,-2.1968584455288467e-06
1288,-8.89952285419787e-06,-2.9229968544148564e-06
1289,-9.114998512253286e-06,-3.3773431666293983e-06
1290,-9.06862668234458e-06,-3.5601181500840735e-06
1291,-8.76061981918505e-06,-3.4715422113658874e-06
1292,-8.650988332067137e-06,-3.5716336984453465e-06
1293,-8.270501219903407e-06,-3.3911695357507917e-06
1294,-7.619377631864232e-06,-3.3894644246699662e-06
1295,-7.156569492081996e-06,-3.5567615431915594e-06
1296,-6.872319979030823e-06,-3.4249404936223065e-06
1297,-6.298862098478261e-06,-3.452268379244495e-06
1298,-5.436428945211432e-06,-3.171354482768069e-06
1299,-4.285253235967221e-06,-2.5824470401587204e-06
1300,-2.8455673103603546e-06,-1.685793885099074e-06
1301,-1.1176031318078534e-06,-4.816424499753011e-07
1302,3.941975567568694e-07,5.255500783474787e-07
1303,2.1842484641527148e-06,1.8301819897323464e-06
1304,3.748953756968198e-06,2.4730750276314845e-06
1305,4.623740322079961e-06,2.454760206664436e-06
1306,5.766568439676451e-06,2.7331748756321106e-06
1307,6.722702159926694e-06,3.3080815412166524e-06
1308,7.955978324091102e-06,4.179243092675844e-06
1309,9.466175473446668e-06,5.346422800910374e-06
1310,1.0752195971497071e-05,6.3085077836000405e-06
1311,1.1804727935219466e-05,7.056170936390868e-06
1312,1.2614474168892932e-05,8.080149871664215e-06
1313,1.3671789892065776e-05,8.880586606740025e-06
1314,1.49764778703846e-05,9.947416783758562e-06
1315,1.652834118603646e-05,1.1280428360952697e-05
1316,1.8327183236979276e-05,1.2381004532854654e-05
1317,1.9921737572210492e-05,1.3239883600471123e-05
1318,2.127474644534041e-05,1.3847818404950562e-05
1319,2.1926583741040297e-05,1.3745190087262228e-05
1320,2.237457613622305e-05,1.3879377574150114e-05
1321,2.26283017701006e-05,1.4250193050760354e-05
1322,2.220136583910138e-05,1.4408084852854742e-05
1323,2.109430661961972e-05,1.4362623140053359e-05
1324,1.9756346882713843e-05,1.4076900906137149e-05
1325,1.822467821130474e-05,1.4036463660715197e-05
1326,1.6014493671461413e-05,1.3793109122696398e-05
1327,1.4067936045985408e-05,1.3310103887414096e-05
1328,1.1937463872632962e-05,1.262447189620754e-05
1329,1.0079577440820464e-05,1.2192727917776263e-05
1330,8.001330329431741e-06,1.2014672188159422e-05
1331,6.1858840528296346e-06,1.1643779635757903e-05
1332,4.187041798057133e-06,1.0597605656929867e-05
1333,2.0142766861452177e-06,9.81386924306082e-06
1334,1.2236903364980682e-07,9.292364624604439e-06
1335,-1.933889270082776e-06,8.587898037877967e-06
1336,-3.700406613471421e-06,8.154575419555503e-06
1337,-5.667353225350529e-06,7.992184745490667e-06
1338,-7.354317281220244e-06,7.656523737916604e-06
1339,-9.250670231853664e-06,7.600672717375464e-06
1340,-1.1808855310752842e-05,7.335654911838077e-06
1341,-1.4585359149523112e-05,7.340726453645543e-06
1342,-1.710130465287893e-05,7.615676972895918e-06
1343,-1.979923218011698e-05,7.230379895895803e-06
1344,-2.2669749812422664e-05,7.114544195044715e-06
1345,-2.526180022444821e-05,6.826280625291998e-06
1346,-2.75755994729186e-05,6.37495923528607e-06
1347,-2.9611363277354855e-05,5.769935680493931e-06
1348,-3.181000390955024e-05,4.534925770668443e-06
1349,-3.416218008129914e-05,2.670417750715797e-06
1350,-3.6703369301308674e-05,1.768991035136495e-07
1351,-3.944262591645635e-05,-2.505425161137623e-06
1352,-4.1904916460315023e-05,-4.901528781077419e-06
1353,-4.452952295576789e-05,-7.450700972106614e-06
1354,-4.68683961582477e-05,-9.704899671253876e-06
1355,-4.936017638630329e-05,-1.2585689184947986e-05
1356,-5.155748287299367e-05,-1.5654489638716846e-05
1357,-5.346054203827461e-05,-1.8438166488256668e-05
1358,-5.550703165015009e-05,-2.093693895768583e-05
1359,-5.768769623667292e-05,-2.3151025932021527e-05
1360,-5.9556486016678546e-05,-2.5080645957973065e-05
1361,-6.111363994632341e-05,-2.6726017244732865e-05
1362,-6.279556357857465e-05,-2.8523524629478896e-05
1363,-6.459304367058472e-05,-3.046393418467986e-05
1364,-6.64968809504574e-05,-3.253802598479176e-05
1365,-6.806268172953525e-05,-3.430138571847612e-05
1366,-6.929070387189047e-05,-3.575425065802226e-05
1367,-7.018120484655482e-05,-3.68968577115076e-05
1368,-7.164666145779328e-05,-3.864166315300359e-05
1369,-7.368663454344582e-05,-4.00766814442905e-05
1370,-7.582347254169906e-05,-4.163576841624177e-05
1371,-7.761473507804041e-05,-4.2876463250008734e-05
1372,-7.953714726308429e-05,-4.427547064238011e-05
1373,-8.112356894862387e-05,-4.5365630061767e-05
1374,-8.280661252790434e-05,-4.614717590216322e-05
1375,-8.457716897829254e-05,-4.705238540431113e-05
1376,-8.642614296600326e-05,-4.764040691313558e-05
1377,-8.791303712471716e-05,-4.7911480551555453e-05
1378,-8.95123508484832e-05,-4.786584607717647e-05
1379,-9.075915129561796e-05,-4.7503742883131e-05
1380,-9.255766712108735e-05,-4.772937267779134e-05
1381,-9.400419929915399e-05,-4.806917564470896e-05
1382,-9.552886785920189e-05,-4.8986823525448445e-05
1383,-9.712263201412106e-05,-5.000950210313892e-05
1384,-9.88192406252256e-05,-5.11709334579672e-05
1385,-0.00010062758318889588,-5.2008337849890636e-05
1386,-0.0001025138744960633,-5.252195886920497e-05
1387,-0.00010404079555183909,-5.318294930010872e-05
1388,-0.00010610715647901107,-5.442814240385404e-05
1389,-0.00010824237239950418,-5.535923148343662e-05
1390,-0.00011001007557277673,-5.597645200544561e-05
1391,-0.00011183761455290065,-5.670711270214014e-05
1392,-0.00011375834284116093,-5.7584527311859335e-05
1393,-0.00011573884054303297,-5.857523623586932e-05
1394,-0.0001173439996245631,-5.971245393221888e-05
1395,-0.00011946794950292233,-6.14308209215205e-05
1396,-0.00012168475768814548,-6.28367192248639e-05
1397,-0.0001235359635356715,-6.439766066103213e-05
1398,-0.00012502183912567916,-6.608042733973386e-05
1399,-0.00012614265613200435,-6.745142151696249e-05
1400,-0.00012689868582305532,-6.851087516986374e-05
1401,-0.00012729019906272448,-6.968304520066557e-05
1402,-0.00012774118914007175,-7.053526901150024e-05
1403,-0.0001278193412147685,-7.106778408248773e-05
1404,-0.00012752493147407537,-7.174559794305545e-05
1405,-0.0001273226499522662,-7.257743844841319e-05
1406,-0.00012675719848042268,-7.310796197564566e-05
1407,-0.0001262925491202614,-7.333739159830034e-05
1408,-0.0001254740940700176,-7.326595005804001e-05
1409,-0.00012430209451677493,-7.289385976538877e-05
1410,-0.00012277681126065442,-7.22213428004754e-05
1411,-0.00012089850471567954,-7.166964104555374e-05
1412,-0.00011866743491063774,-7.12298741191803e-05
1413,-0.00011650428569796594,-7.04727504172241e-05
1414,-0.00011398010138247631,-6.98186304565719e-05
1415,-0.00011109514726930875,-6.883883633082516e-05
1416,-0.0001078496882724083,-6.753360740583305e-05
1417,-0.00010470417160792406,-6.590318269411257e-05
1418,-0.00010120744209378323,-6.436674260876663e-05
1419,-9.781924200847494e-05,-6.29563099152048e-05
1420,-9.454823085659564e-05,-6.122139465007102e-05
1421,-9.140305556025391e-05,-5.9162234425392645e-05
1422,-8.839235048643057e-05,-5.723750871711786e-05
1423,-8.552473747426047e-05,-5.545583946846728e-05
1424,-8.276825270888786e-05,-5.3785262968292094e-05
1425,-8.05715105586582e-05,-5.221698945727788e-05
1426,-7.851751005352498e-05,-5.078270974019674e-05
1427,-7.615812728458492e-05,-4.903430632153088e-05
1428,-7.394995567645619e-05,-4.742837902979068e-05
1429,-7.14455401056866e-05,-4.551747913594476e-05
1430,-6.864509612476908e-05,-4.3717254735456295e-05
1431,-6.596397482437966e-05,-4.247429668769036e-05
1432,-6.34335792472182e-05,-4.137335319880226e-05
1433,-6.147701396172909e-05,-4.0382876079436725e-05
1434,-5.922527604878324e-05,-3.9079865554982176e-05
1435,-5.713255748423866e-05,-3.7918526182467855e-05
1436,-5.516743422145443e-05,-3.686744647811855e-05
1437,-5.332118026000405e-05,-3.591791298610822e-05
1438,-5.117196710605186e-05,-3.510106983319207e-05
1439,-4.87200137230742e-05,-3.397281962126616e-05
1440,-4.641782279112235e-05,-3.2533387292290864e-05
1441,-4.4234202416143285e-05,-3.078299746188701e-05
1442,-4.174849519405501e-05,-2.872187442005009e-05
1443,-3.94121925459929e-05,-2.680151585193792e-05
1444,-3.72337764329687e-05,-2.457947202248779e-05
1445,-3.4771114020620477e-05,-2.25065627805631e-05
1446,-3.2024409785270824e-05,-2.059125826193557e-05
1447,-2.8993867907767307e-05,-1.8842016521951962e-05
1448,-2.612929213025527e-05,-1.7267283561320877e-05
1449,-2.3439122444397334e-05,-1.5875493351826514e-05
1450,-2.0482853047944723e-05,-1.467506786196926e-05
1451,-1.72606747517822e-05,-1.3225815597663192e-05
1452,-1.3772778091848166e-05,-1.1527915011416906e-05
1453,-1.0467291693414106e-05,-1.0029482662025975e-05
1454,-7.313575476254898e-06,-8.699866419707551e-06
1455,-4.341986513635656e-06,-7.569411325052189e-06
1456,-1.1139641758464993e-06,-6.199544732523632e-06
1457,2.3703084081268385e-06,-4.998165573014485e-06
1458,5.664359266061e-06,-3.5492003555411862e-06
1459,8.352656289624973e-06,-1.8528257512883512e-06
1460,1.0881264274262667e-05,9.078182209021763e-08
1461,1.3665395651258394e-05,2.281446199921426e-06
1462,1.6259890173009935e-05,3.867679668421513e-06
1463,1.8656407756391507e-05,5.255967931168116e-06
1464,2.0846620071173752e-05,6.4379825681160845e-06
1465,2.3266210959234813e-05,7.443906030662204e-06
1466,2.5915017535983812e-05,8.687545195380042e-06
1467,2.83879286791537e-05,9.763782886077031e-06
1468,3.0655160308039084e-05,1.064282897682445e-05
1469,3.270841870585394e-05,1.17590868597023e-05
1470,3.4135299749524577e-05,1.2265886496292803e-05
1471,3.537830384364445e-05,1.2605716344522873e-05
1472,3.644598264001083e-05,1.319068909244643e-05
1473,3.7750174795018055e-05,1.4020631548122905e-05
1474,3.884962120790124e-05,1.5095370765659486e-05
1475,3.933331011005619e-05,1.597396269482034e-05
1476,3.9604154828651265e-05,1.6686119140243196e-05
1477,3.9691837297917255e-05,1.7642556433410742e-05
1478,3.960487288886027e-05,1.884310260328161e-05
1479,3.975342797632853e-05,2.0287585922249684e-05
1480,3.969816265354493e-05,2.1135269062905416e-05
1481,3.986970744216038e-05,2.17876917216485e-05
1482,3.982936430336012e-05,2.2236627772726278e-05
1483,3.956892446033813e-05,2.2473862530398558e-05
1484,3.951809560629284e-05,2.2929097787306745e-05
1485,3.967673078982155e-05,2.360218069985029e-05
1486,3.92076393042e-05,2.409318784199433e-05
1487,3.894771998728334e-05,2.481008262062106e-05
1488,3.846018341637257e-05,2.5316063957196855e-05
1489,3.7736865780667515e-05,2.6039285131454186e-05
1490,3.720562939230029e-05,2.6979594369506612e-05
1491,3.6430638692115426e-05,2.7701138740553678e-05
1492,3.583914630421971e-05,2.8631153521221022e-05
1493,3.499594835357534e-05,2.9334417513103433e-05
1494,3.4327689512500974e-05,2.983992796475678e-05
1495,3.339979576306359e-05,2.9721658461418557e-05
1496,3.263830555462036e-05,2.981128179982671e-05
1497,3.204310297600086e-05,3.0108653399631076e-05
1498,3.1614072278789805e-05,2.9783540774258404e-05
1499,3.1351097876980635e-05,2.966588922248108e-05
1500,3.085802474266975e-05,2.975555476602601e-05
1501,3.053904186817528e-05,2.9619802188712848e-05
1502,2.9961745585081972e-05,2.968282173906097e-05
1503,2.9550046221747655e-05,2.9944475710962504e-05
1504,2.890884268818678e-05,3.0009640283235072e-05
1505,2.8441248639789816e-05,2.988668255360212e-05
1506,2.7752682206621436e-05,2.958395816141379e-05
1507,2.7245715877404862e-05,2.9109811311142585e-05
1508,2.692022423853264e-05,2.8472574795815218e-05
1509,2.6776082050814797e-05,2.7680570020379682e-05
1510,2.6419747423985366e-05,2.674210702500967e-05
1511,2.6252720474878165e-05,2.523595891935817e-05
1512,2.6274870880983382e-05,2.355541245218651e-05
1513,2.56645141219076e-05,2.1728681612009116e-05
1514,2.485069851065171e-05,1.9335433681810285e-05
1515,2.4233857487983678e-05,1.719648716827445e-05
1516,2.381385587403298e-05,1.531166780282281e-05
1517,2.3590558675605828e-05,1.3680801556845567e-05
1518,2.3563831085795782e-05,1.1876309418311251e-05
1519,2.3342452633732383e-05,9.926174942029817e-06
1520,2.3325532751341907e-05,8.229474223897134e-06
1521,2.3122360050545215e-05,6.395462585156733e-06
1522,2.3131513491311957e-05,4.822685740360918e-06
1523,2.3352848150003534e-05,3.5109655656219994e-06
1524,2.297081218390203e-05,1.6447170630484135e-06
1525,2.2375363768557575e-05,-3.861347019992469e-07
1526,2.1594248738785557e-05,-2.1645850819289834e-06
1527,2.1024739748110723e-05,-3.6908057431879177e-06
1528,2.0666692856490617e-05,-5.353750451362773e-06
1529,2.0519964320766808e-05,-7.14522767105907e-06
1530,2.0584410594257916e-05,-9.092601388139158e-06
1531,2.0436365890252784e-05,-1.1591873879160329e-05
1532,2.049111866290662e-05,-1.3831676902502476e-05
1533,1.9938085769625195e-05,-1.6235117515276488e-05
1534,1.9200315077644923e-05,-1.8774781480824368e-05
1535,1.867300687100816e-05,-2.1442510568775344e-05
1536,1.754721356519127e-05,-2.426544784697693e-05
1537,1.620984532887039e-05,-2.763804927829122e-05
1538,1.468820147399518e-05,-3.11384827913363e-05
1539,1.2990450670442565e-05,-3.4372614100258555e-05
1540,1.1510503516026143e-05,-3.772637552904341e-05
1541,9.442127312889357e-06,-4.119165265804699e-05
1542,7.591262544837468e-06,-4.43750893804174e-05
1543,5.9577627919916615e-06,-4.7276875181108403e-05
1544,4.541481832599501e-06,-4.989719928931011e-05
1545,3.342273642629802e-06,-5.223625067896983e-05
1546,2.3599923953690958e-06,-5.429421806931128e-05
1547,1.5944924610185272e-06,-5.6071289925352605e-05
1548,1.0456284062921911e-06,-5.756765445842289e-05
1549,3.2974343433905056e-07,-5.916701118635458e-05
1550,-1.618008015347212e-07,-6.047804111987557e-05
1551,-8.121714901578545e-07,-6.150093702990823e-05
1552,-1.2305170611667673e-06,-6.261866166446171e-05
1553,-1.4169925782001038e-06,-6.344065783826265e-05
1554,-2.1708534819849485e-06,-6.438394581941755e-05
1555,-2.693152661250017e-06,-6.542189887765457e-05
1556,-2.984044559434428e-06,-6.616471339114233e-05
1557,-3.0436834130350507e-06,-6.702855059114208e-05
1558,-2.8722232520252008e-06,-6.760559362106925e-05
1559,-2.885212421218374e-06,-6.789603320300445e-05
1560,-3.471268450780148e-06,-6.828086711595726e-05
1561,-4.215184398973451e-06,-6.837154123400554e-05
1562,-4.728613091454554e-06,-6.89631126180303e-05
1563,-5.0117075379122896e-06,-6.926091319932304e-05
1564,-5.064620543979456e-06,-6.926513766210591e-05
1565,-5.26709538636646e-06,-6.976926435286527e-05
1566,-5.23178289555711e-06,-6.998020237741289e-05
1567,-5.3719697212068075e-06,-7.031127489527097e-05
1568,-5.282583162724349e-06,-7.035744566760417e-05
1569,-4.963775014590138e-06,-7.01189029026324e-05
1570,-4.827982996239028e-06,-7.000812068560822e-05
1571,-5.26110296198301e-06,-7.041103118883506e-05
1572,-5.884858983021466e-06,-7.053766879856698e-05
1573,-6.295544409050489e-06,-7.038821556835747e-05
1574,-6.870719929121388e-06,-7.034027351802855e-05
1575,-8.013310471146887e-06,-7.038592030559247e-05
1576,-8.935391058372174e-06,-7.055091286289527e-05
1577,-1.0047438920692373e-05,-7.08093875080173e-05
1578,-1.135716906849012e-05,-7.115344264133748e-05
1579,-1.2838734248828723e-05,-7.157518697052511e-05
1580,-1.4484191981707288e-05,-7.210025293412019e-05
1581,-1.5909860984543978e-05,-7.232717312899434e-05
1582,-1.711588537417136e-05,-7.225614277936963e-05
1583,-1.8102409077562837e-05,-7.188735685298661e-05
1584,-1.9244613335960773e-05,-7.122101006161208e-05
1585,-2.015979106205302e-05,-7.063209774857445e-05
1586,-2.1255937669829564e-05,-7.052061671925482e-05
1587,-2.2507484877575868e-05,-7.010435336915344e-05
1588,-2.3906542031994485e-05,-6.975759928424699e-05
1589,-2.544522870642414e-05,-6.94725246816296e-05
1590,-2.6742052413103987e-05,-6.886768765157788e-05
1591,-2.7797170713480544e-05,-6.794329626798577e-05
1592,-2.8610740962910364e-05,-6.669955833319477e-05
1593,-2.9182920311066154e-05,-6.513668137852712e-05
1594,-2.9513865702342637e-05,-6.366053572108431e-05
1595,-2.960373387626087e-05,-6.2278818590502e-05
1596,-2.9452681367871754e-05,-6.0594096562904926e-05
1597,-2.9432849107995977e-05,-5.8978550682728994e-05
1598,-2.9536412820846084e-05,-5.7457224761331985e-05
1599,-2.975555830615154e-05,-5.563348146505425e-05
1600,-3.0115234695055544e-05,-5.350751647624617e-05
1601,-3.059035888360355e-05,-5.145058044246549e-05
1602,-3.0802313236028926e-05,-4.9454909233563593e-05
1603,-3.0751267774495906e-05,-4.714215642351382e-05
1604,-3.084035812924128e-05,-4.491549243375762e-05
1605,-3.067449982348725e-05,-4.278256561108652e-05
1606,-3.102618795799976e-05,-4.112091450448341e-05
1607,-3.112325502635604e-05,-3.956056496502235e-05
1608,-3.133530495081586e-05,-3.847858085681658e-05
1609,-3.165457886286235e-05,-3.7874653713636374e-05
1610,-3.210571145749744e-05,-3.737949447169091e-05
1611,-3.229519347457171e-05,-3.7000707702335026e-05
1612,-3.2223192975628444e-05,-3.6345054534528835e-05
1613,-3.229044661330432e-05,-3.5813281500688886e-05
1614,-3.2504524918952054e-05,-3.5412968999209816e-05
1615,-3.2840787415151214e-05,-3.5119486406999504e-05
1616,-3.292389418420034e-05,-3.455750364799627e-05
1617,-3.312139101104789e-05,-3.372719265898086e-05
1618,-3.305840716519231e-05,-3.2628725155767905e-05
1619,-3.3134095779863056e-05,-3.16612592077353e-05
1620,-3.2957274859451805e-05,-3.043361774901871e-05
1621,-3.292656762032059e-05,-2.9344428919332274e-05
1622,-3.3017552907162924e-05,-2.83692764803423e-05
1623,-3.285651089420065e-05,-2.750047102885472e-05
1624,-3.284127980742093e-05,-2.6762210343175348e-05
1625,-3.258195657226365e-05,-2.5764601077286827e-05
1626,-3.284120316758293e-05,-2.4507808377526353e-05
1627,-3.285666730304605e-05,-2.2991997179158674e-05
1628,-3.262850401444093e-05,-2.1613968729073837e-05
1629,-3.2521545491373964e-05,-2.0381222911960077e-05
1630,-3.216367807484856e-05,-1.8905132103136077e-05
1631,-3.155506100222196e-05,-1.794594029508588e-05
1632,-3.06958533080501e-05,-1.674371136070711e-05
1633,-3.034534076759409e-05,-1.5662383502584693e-05
1634,-3.013963925251125e-05,-1.5089401344379259e-05
1635,-2.969138813652995e-05,-1.4661103598400208e-05
1636,-2.975842859107094e-05,-1.4353499126069829e-05
1637,-2.9583225236956982e-05,-1.4190380750589047e-05
1638,-2.9559988766448552e-05,-1.4541875437821764e-05
1639,-2.969616309178434e-05,-1.4651403958358662e-05
1640,-2.960563694041124e-05,-1.527489626976703e-05
1641,-2.9681843813121392e-05,-1.6050017274843906e-05
1642,-2.9539168977984084e-05,-1.6591161766579926e-05
1643,-2.917775038914121e-05,-1.6898477211978413e-05
1644,-2.8597725826141433e-05,-1.7333460895025566e-05
1645,-2.7799232894273195e-05,-1.7527390240477594e-05
1646,-2.7143319964107897e-05,-1.784132780032327e-05
1647,-2.6622394898675538e-05,-1.790700379427746e-05
1648,-2.5868402098886184e-05,-1.8085047085948815e-05
1649,-2.5633001457815378e-05,-1.839889884677277e-05
1650,-2.5164824550739612e-05,-1.8464955303231992e-05
1651,-2.4854772040054638e-05,-1.828337179214083e-05
1652,-2.4679320986357288e-05,-1.860440654733813e-05
1653,-2.463091254414405e-05,-1.9037493091730673e-05
1654,-2.4732832359764128e-05,-1.957509136321743e-05
1655,-2.4961650142275835e-05,-2.0599420257982633e-05
1656,-2.4951094383081915e-05,-2.1361944661890396e-05
1657,-2.5059829581158798e-05,-2.1862828030123958e-05
1658,-2.4922031025371023e-05,-2.2102233613086574e-05
1659,-2.489593526329391e-05,-2.243840728134563e-05
1660,-2.5004663680556756e-05,-2.2894479731845772e-05
1661,-2.5255569552099962e-05,-2.308956202986096e-05
1662,-2.5625430571788187e-05,-2.3769256027240287e-05
1663,-2.5749522754659523e-05,-2.4545505185744375e-05
1664,-2.5627998870102707e-05,-2.5053818735674027e-05
1665,-2.5648270670167827e-05,-2.5681622277108633e-05
1666,-2.5430652576861447e-05,-2.604924406286544e-05
1667,-2.497529220777906e-05,-2.615684552416406e-05
1668,-2.428233699669369e-05,-2.6004587891247135e-05
1669,-2.3707871525201245e-05,-2.559263219375729e-05
1670,-2.28887017398792e-05,-2.4921139261113526e-05
1671,-2.22107592298761e-05,-2.4376049866782197e-05
1672,-2.1295808912043745e-05,-2.3579138100517637e-05
1673,-2.0143997308344683e-05,-2.2530559645790704e-05
1674,-1.9140515616695458e-05,-2.1615514850653754e-05
1675,-1.8292645700651835e-05,-2.1195957049351583e-05
1676,-1.7577554988730595e-05,-2.0532573238451304e-05
1677,-1.698779688674701e-05,-2.0364065536505815e-05
1678,-1.616190567528566e-05,-2.0336100386959277e-05
1679,-1.548385238462121e-05,-2.0455946662157928e-05
1680,-1.4960896927167107e-05,-2.070088846674419e-05
1681,-1.4570346729391361e-05,-2.071010572809294e-05
1682,-1.3951591837345314e-05,-2.0483743415285867e-05
1683,-1.310477248456077e-05,-2.0021946318444345e-05
1684,-1.241264275059991e-05,-1.932485904906246e-05
1685,-1.1500063622813522e-05,-1.8774998662459806e-05
1686,-1.0719518743229021e-05,-1.873194736616832e-05
1687,-1.009335851372479e-05,-1.8461363997639767e-05
1688,-9.628803530536191e-06,-1.8345038250096224e-05
1689,-9.684788163678898e-06,-1.8390186454981255e-05
1690,-9.528309070595144e-06,-1.8222845974182988e-05
1691,-9.159496217127472e-06,-1.8194453402079308e-05
1692,-8.578479409514804e-06,-1.794652730753419e-05
1693,-8.136279851652288e-06,-1.783009339471476e-05
1694,-7.474839618297621e-06,-1.748709823307724e-05
1695,-6.594292467663168e-06,-1.691768006996944e-05
1696,-5.845042870309943e-06,-1.61219769833909e-05
1697,-5.249170236002034e-06,-1.5829690792750727e-05
1698,-5.1637104251809e-06,-1.5661252819305816e-05
1699,-5.238700236373003e-06,-1.5609320952003383e-05
1700,-5.102516397003352e-06,-1.531711524908866e-05
1701,-5.483079853564049e-06,-1.5512574299914533e-05
1702,-6.001761551365927e-06,-1.619540165629494e-05
1703,-6.651228426951785e-06,-1.663839112623504e-05
1704,-7.424156263360058e-06,-1.719031462400051e-05
1705,-8.313229674139318e-06,-1.749544363205343e-05
1706,-9.34029711273863e-06,-1.7931300400283646e-05
1707,-1.0135368660717302e-05,-1.812789943150377e-05
1708,-1.1423298018490013e-05,-1.8462288885318537e-05
1709,-1.3203786839326505e-05,-1.928921476247536e-05
1710,-1.4752698818806206e-05,-1.9884540814087894e-05
1711,-1.64173739525196e-05,-2.059560709111373e-05
1712,-1.7843534878158317e-05,-2.1068136286444995e-05
1713,-1.903132546605042e-05,-2.1302272325444083e-05
1714,-1.9980889412425438e-05,-2.129815895920955e-05
1715,-2.1067639964847036e-05,-2.1431209490009025e-05
1716,-2.1923649609485646e-05,-2.1333496458552932e-05
1717,-2.2923862780570072e-05,-2.1005158783835353e-05
1718,-2.3700802850449716e-05,-2.0446335217009255e-05
1719,-2.4254604047774184e-05,-1.965716434169198e-05
1720,-2.4585400439261227e-05,-1.898316794981705e-05
1721,-2.503850861792834e-05,-1.8417105473696068e-05
1722,-2.5635355986109786e-05,-1.798041294214633e-05
1723,-2.635438102334752e-05,-1.7680175406001366e-05
1724,-2.718835188110953e-05,-1.7494861466383955e-05
1725,-2.778566306208033e-05,-1.7072865679066437e-05
1726,-2.8519187203361878e-05,-1.6414329734042827e-05
1727,-2.9023486492850602e-05,-1.5519395151101535e-05
1728,-2.9298697972806894e-05,-1.438820328013342e-05
1729,-2.971700309205218e-05,-1.302089530143908e-05
1730,-2.991363296447074e-05,-1.1760999165885865e-05
1731,-3.0231908465155695e-05,-1.0972910210252531e-05
1732,-3.0321641932679562e-05,-9.94199567332067e-06
1733,-3.089689534954184e-05,-9.382326050877711e-06
1734,-3.1243878272293026e-05,-8.95102552624279e-06
1735,-3.1362726602311124e-05,-8.284450191899426e-06
1736,-3.162402877184095e-05,-7.75319274806851e-06
1737,-3.200658017408458e-05,-7.336052850787413e-06
1738,-3.250320930627676e-05,-7.054057292462772e-06
1739,-3.276514335965436e-05,-6.544446203629366e-06
1740,-3.313393507702759e-05,-6.518317332955794e-06
1741,-3.326121678862398e-05,-6.2648423286712964e-06
1742,-3.3488153113988816e-05,-5.7841560176846724e-06
1743,-3.3807606402782165e-05,-5.417218887410421e-06
1744,-3.3871817019730036e-05,-5.1849088290802435e-06
1745,-3.3680935945831216e-05,-5.0662254438008425e-06
1746,-3.360331605230132e-05,-5.081997341094236e-06
1747,-3.398599742664772e-05,-4.871228213919663e-06
1748,-3.412110167130967e-05,-5.141658075012543e-06
1749,-3.437630710887433e-05,-5.185813774472797e-06
1750,-3.473074511530659e-05,-5.3432913863412e-06
1751,-3.4838043107500074e-05,-5.2677100946679574e-06
1752,-3.506521146047498e-05,-5.326072051191817e-06
1753,-3.575809795287775e-05,-5.525335242990517e-06
1754,-3.621131858944649e-05,-5.872449510400036e-06
1755,-3.679121409842332e-05,-6.3743565613005686e-06
1756,-3.713875586313257e-05,-6.672011358520168e-06
1757,-3.761983816419377e-05,-6.765534022651932e-06
1758,-3.787586173016492e-05,-6.655044532464024e-06
1759,-3.827227548012505e-05,-6.70597954616529e-06
1760,-3.8450908461667275e-05,-6.560155864699627e-06
1761,-3.841188836920618e-05,-6.217688950029527e-06
1762,-3.852000015130369e-05,-6.043351532436552e-06
1763,-3.8417715459677785e-05,-6.044041187023016e-06
1764,-3.810515746031482e-05,-5.862428345535786e-06
1765,-3.758244917452068e-05,-5.498619779552282e-06
1766,-3.6849713479176814e-05,-5.2891091146170226e-06
1767,-3.590707310699591e-05,-4.890629823358629e-06
1768,-3.475465064677678e-05,-4.303292362428501e-06
1769,-3.375569652811673e-05,-3.527207058815528e-06
1770,-3.25541782795417e-05,-2.898110893093353e-06
1771,-3.148565128454093e-05,-2.4089545693993777e-06
1772,-3.0207830438320452e-05,-1.7174489899107036e-06
1773,-2.8720837615501766e-05,-8.237120407593025e-07
1774,-2.702479454830468e-05,2.7213852979217757e-07
1775,-2.5454504182257996e-05,8.734765281493142e-07
1776,-2.4030068263989027e-05,1.6766937420045923e-06
1777,-2.2758341479914242e-05,2.3202771234436697e-06
1778,-2.1284990264289604e-05,3.1585642041157584e-06
1779,-1.9610131634378196e-05,4.1914419281690126e-06
1780,-1.8067623710447125e-05,4.724305771510535e-06
1781,-1.6677448117201688e-05,5.4515352118812024e-06
1782,-1.5086114676055225e-05,6.373017586591226e-06
1783,-1.3626919562566163e-05,7.48864036406342e-06
1784,-1.1959881753049412e-05,8.798291143602966e-06
1785,-1.0085121434333444e-05,1.0301857655167883e-05
1786,-8.69484525355892e-06,1.1639761207502326e-05
1787,-7.429519773104948e-06,1.2832017358725907e-05
1788,-5.949929087138324e-06,1.421785387291192e-05
1789,-4.615024859133723e-06,1.5797158998827113e-05
1790,-3.0729956564660256e-06,1.7569821114755505e-05
1791,-1.655652296563716e-06,1.8845633597615014e-05
1792,-2.4536604380791665e-08,1.9983074503172035e-05
1793,1.4622481179561423e-06,2.0962440672539336e-05
1794,2.824545072473935e-06,2.180358314389242e-05
1795,4.069294038228152e-06,2.2513449523551442e-05
1796,4.846079805935409e-06,2.34297475194856e-05
1797,5.842891730971488e-06,2.386463809551915e-05
1798,6.7026774160015785e-06,2.3818397642716407e-05
1799,7.775379148483335e-06,2.362151869054863e-05
1800,8.73084188294098e-06,2.3293712282523767e-05
1801,9.549530651499385e-06,2.281545122357438e-05
1802,9.89501638074651e-06,2.2179980911279745e-05
1803,9.767570022005083e-06,2.1736432650370286e-05
1804,9.167462215172877e-06,2.1129027228913562e-05
1805,8.424082073717305e-06,2.070648994660963e-05
1806,7.885938686177585e-06,2.0468715099686336e-05
1807,7.2241603501138215e-06,2.0415597105727486e-05
1808,6.09079876227344e-06,2.0218457823185546e-05
1809,4.814514064426717e-06,1.9857955263833008e-05
1810,3.7429994234999046e-06,1.9681794163273212e-05
1811,2.5219239191365125e-06,1.9335655156783517e-05
1812,1.4985780497418785e-06,1.9166840285381883e-05
1813,6.728492810900879e-07,1.9175248544455452e-05
1814,4.462520747113904e-08,1.9360779044929845e-05
1815,-3.8620644853041e-07,1.9723331013069426e-05
1816,-6.19757836255796e-07,2.02628037902787e-05
1817,-6.56140977192643e-07,2.0652151645264337e-05
1818,-4.954677651944651e-07,2.1225004127877657e-05
1819,-4.644356763974971e-07,2.165467138323589e-05
1820,-5.561997735437669e-07,2.1595645143846744e-05
1821,-7.898518880399069e-07,2.1374429299968677e-05
1822,-8.201238491040044e-07,2.133630343459877e-05
1823,-9.988780353912654e-07,2.1481163873253932e-05
1824,-1.3327866238436286e-06,2.1457363784338073e-05
1825,-1.4771748085122166e-06,2.1609585544104627e-05
1826,-1.4321496733920338e-06,2.1937729630421118e-05
1827,-1.1978181810564744e-06,2.244169663414848e-05
1828,-7.742871728650478e-07,2.3121387258947516e-05
1829,-1.6166336917047843e-07,2.3976702321085724e-05
1830,6.399466304749529e-07,2.4657218699498813e-05
1831,1.2803146798337615e-06,2.5156305090127598e-05
1832,2.102725134062102e-06,2.5817257133507114e-05
1833,2.757357921390649e-06,2.6290266030679294e-05
1834,3.5871048734191404e-06,2.6918234873508316e-05
1835,4.591867513969567e-06,2.7701076433554467e-05
1836,5.771547478030767e-06,2.8315141813098424e-05
1837,6.453748613582133e-06,2.8418320588147556e-05
1838,6.961959753035245e-06,2.835961087473108e-05
1839,7.63808971911952e-06,2.814580308550579e-05
1840,8.133733635440028e-06,2.7758227740718368e-05
1841,8.790410940072094e-06,2.75384005030511e-05
1842,9.260120597991457e-06,2.7486227362028107e-05
1843,9.536282357882489e-06,2.7253903221900052e-05
1844,9.959835103627005e-06,2.7182359480280824e-05
1845,1.0530696339047317e-05,2.6924193494882123e-05
1846,1.12487836607338e-05,2.6819949501491143e-05
1847,1.1767099700039377e-05,2.68695414394243e-05
1848,1.2425806155352719e-05,2.6404706033321003e-05
1849,1.322482460365948e-05,2.6093535301405266e-05
1850,1.3817756363660551e-05,2.5589623124943786e-05
1851,1.4544183490264797e-05,2.5232544129717336e-05
1852,1.5404031514856846e-05,2.502221642627472e-05
1853,1.6051498382011678e-05,2.4958558216947344e-05
1854,1.6825588475949606e-05,2.504148779569369e-05
1855,1.7726231256650994e-05,2.527092354794445e-05
1856,1.8753356263112715e-05,2.5646783950447786e-05
1857,1.9906893113214717e-05,2.616898757111524e-05
1858,2.1186771503586328e-05,2.6517722495164255e-05
1859,2.2592921209473216e-05,2.669971065713246e-05
1860,2.4125272084604545e-05,2.704105335572264e-05
1861,2.578375406106042e-05,2.754166221104335e-05
1862,2.756829714913965e-05,2.820144894165511e-05
1863,2.947883143722786e-05,2.9020325364405336e-05
1864,3.119658569362899e-05,2.999820339426273e-05
1865,3.304680085809407e-05,3.081646453158419e-05
1866,3.502940361709182e-05,3.145697438567883e-05
1867,3.7144320738647374e-05,3.225622273078035e-05
1868,3.9073460118275685e-05,3.2896102917555634e-05
1869,4.1141362420569126e-05,3.3701141081771247e-05
1870,4.303027221124498e-05,3.401116015424587e-05
1871,4.4404656522687354e-05,3.414394183041704e-05
1872,4.592415866821115e-05,3.4435025583739464e-05
1873,4.727152868815278e-05,3.456715420347969e-05
1874,4.8770433429319876e-05,3.486398729337154e-05
1875,4.976251522893644e-05,3.498399163871649e-05
1876,5.090596561373357e-05,3.526195032906688e-05
1877,5.2200701382018824e-05,3.5697776535373907e-05
1878,5.333031386167235e-05,3.5975057962181645e-05
1879,5.461760436002388e-05,3.6416592297497044e-05
1880,5.5406013838122804e-05,3.636581688705357e-05
1881,5.603610789624948e-05,3.616329371981563e-05
1882,5.651451606311495e-05,3.5815648717171346e-05
1883,5.682343565514637e-05,3.564498619572323e-05
1884,5.69808254930304e-05,3.533589114348087e-05
1885,5.699330060084427e-05,3.521012230817611e-05
1886,5.652812916513733e-05,3.5267579489707115e-05
1887,5.590038888206735e-05,3.516901284630197e-05
1888,5.544260694833645e-05,3.5246945993459675e-05
1889,5.515469061427687e-05,3.5501282604250214e-05
1890,5.503654723180195e-05,3.59319264572587e-05
1891,5.474969195604725e-05,3.6200389138219856e-05
1892,5.46259126371768e-05,3.6300251468614617e-05
1893,5.466512045951374e-05,3.656311606047486e-05
1894,5.452940027969182e-05,3.66510677376293e-05
1895,5.42123502521604e-05,3.655770462181097e-05
1896,5.370757545302764e-05,3.6614081982592216e-05
1897,5.334595030961885e-05,3.648285594527064e-05
1898,5.3127397019045415e-05,3.615764185357605e-05
1899,5.305183786335225e-05,3.596894943963522e-05
1900,5.246983202744514e-05,3.558000420337913e-05
1901,5.2030665657172004e-05,3.5008453645180734e-05
1902,5.139793464699896e-05,3.45732030287091e-05
1903,5.056527475720659e-05,3.427417843198712e-05
1904,4.9526328599516094e-05,3.411130601360645e-05
1905,4.861051327482829e-05,3.4084512012594934e-05
1906,4.781776209324332e-05,3.419372274828408e-05
1907,4.681261241861956e-05,3.4438864620177386e-05
1908,4.5588727214124596e-05,3.448465359561651e-05
1909,4.416361266440646e-05,3.46597742158852e-05
1910,4.2854847659857494e-05,3.4964156584797536e-05
1911,4.135150622078433e-05,3.5397730882099146e-05
1912,3.997083130682479e-05,3.564972683722289e-05
1913,3.871275673168469e-05,3.5726676390368645e-05
1914,3.7577216380853e-05,3.594548035109306e-05
1915,3.625393042248109e-05,3.5995848518348287e-05
1916,3.505947552649484e-05,3.588429532198582e-05
1917,3.3683892209318534e-05,3.528377808503767e-05
1918,3.2133694752095954e-05,3.483765454981528e-05
1919,3.0082207076811635e-05,3.3903091194024016e-05
1920,2.7529698003532513e-05,3.278975589234418e-05
1921,2.5118498405053335e-05,3.182415500828816e-05
1922,2.2848532470495924e-05,3.100620928121425e-05
1923,2.041080122264471e-05,3.002691628786627e-05
1924,1.78117910135869e-05,2.920152162300813e-05
1925,1.5057981288975158e-05,2.822134058247941e-05
1926,1.2155844599045178e-05,2.740128774765323e-05
1927,9.420128605427283e-06,2.643299548118413e-05
1928,6.542622288255878e-06,2.5631048045720216e-05
1929,3.837743340415917e-06,2.4687394220455172e-05
1930,1.3053996386597925e-06,2.3916288641792836e-05
1931,-1.0545008416269774e-06,2.3317639257467667e-05
1932,-3.2420500265851935e-06,2.2891354113761776e-05
1933,-5.25733974404045e-06,2.2637341355345412e-05
1934,-7.407627910807743e-06,2.2248343037972585e-05
1935,-9.686483296608078e-06,2.2037797809494344e-05
1936,-1.2087481479118263e-05,2.1675512368578166e-05
1937,-1.4934123508220156e-05,2.0848524219475504e-05
1938,-1.7589901213213577e-05,1.9557080218546015e-05
1939,-2.0361290030439844e-05,1.8107801072575513e-05
1940,-2.3241885949314003e-05,1.6517592462241818e-05
1941,-2.6225291720533862e-05,1.4792868372554936e-05
1942,-2.899921601843289e-05,1.324593684727448e-05
1943,-3.1869513163228066e-05,1.1876703656262775e-05
1944,-3.4524216668692153e-05,1.0685074669581984e-05
1945,-3.7268869569626133e-05,9.365526856849771e-06
1946,-3.979182954391648e-05,7.92445047530459e-06
1947,-4.209321371625068e-05,6.6733443140149244e-06
1948,-4.417313908729673e-05,5.284153111888684e-06
1949,-4.603172253390069e-05,4.0784146739231295e-06
1950,-4.766908080928369e-05,3.056032145569267e-06
1951,-4.9085330543238825e-05,2.2169087748523957e-06
1952,-5.0280588242327766e-05,1.5609479122088666e-06
1953,-5.155914817330212e-05,7.838751270964443e-07
1954,-5.2914670250432834e-05,1.9607253458820082e-07
1955,-5.43408210327732e-05,-2.0255951271274515e-07
1956,-5.552756236099495e-05,-4.12120556981996e-07
1957,-5.647502001994182e-05,-7.362661957605562e-07
1958,-5.748672078867289e-05,-1.494843023230718e-06
1959,-5.855635112070134e-05,-2.6876227636100623e-06
1960,-5.937451253560681e-05,-3.6854468125683344e-06
1961,-5.994133685663255e-05,-4.488417473969853e-06
1962,-6.0256955768585675e-05,-5.096636944022629e-06
1963,-6.0321500818055484e-05,-5.510207311448562e-06
1964,-6.076271746302771e-05,-6.031704796931221e-06
1965,-6.095312247769353e-05,-6.979778294635941e-06
1966,-6.119501353027956e-05,-8.029413145131428e-06
1967,-6.14821100072612e-05,-8.872289746294287e-06
1968,-6.183072195813723e-05,-9.832959751171557e-06
1969,-6.222450022018657e-05,-1.0895044722561427e-05
1970,-6.267972084161857e-05,-1.2074791464590994e-05
1971,-6.320259208361908e-05,-1.3355855667995428e-05
1972,-6.347556543555252e-05,-1.4430699978750509e-05
1973,-6.382234854996e-05,-1.5623009380515874e-05
1974,-6.392572880642006e-05,-1.691649055576842e-05
1975,-6.41090652017127e-05,-1.8004073596813284e-05
1976,-6.405548029546334e-05,-1.888586567910062e-05
1977,-6.376509726901322e-05,-1.95619738662366e-05
1978,-6.356075515305385e-05,-2.0355221087827012e-05
1979,-6.312607956143217e-05,-2.1249398483131226e-05
1980,-6.308359273868231e-05,-2.2260584734124825e-05
1981,-6.313321231992216e-05,-2.3394927309455866e-05
1982,-6.358082270469247e-05,-2.4958294573921324e-05
1983,-6.41043582349733e-05,-2.6628604851278614e-05
1984,-6.47198438714318e-05,-2.87212922042694e-05
1985,-6.543342732546188e-05,-3.061534585645743e-05
1986,-6.62512499692591e-05,-3.231086867788861e-05
1987,-6.715724308149776e-05,-3.380796343179208e-05
1988,-6.784635240287419e-05,-3.510673277474711e-05
1989,-6.86173624272883e-05,-3.650595165802636e-05
1990,-6.916552885767074e-05,-3.770086625171602e-05
1991,-6.949096673754409e-05,-3.86915820762624e-05
1992,-6.98920135847632e-05,-3.977642713619713e-05
1993,-7.00643872777949e-05,-4.065110980640189e-05
1994,-7.030612915008848e-05,-4.1315738453073816e-05
1995,-7.061103961381125e-05,-4.206819546871972e-05
1996,-7.067530048937258e-05,-4.260465003278445e-05
1997,-7.04990355987679e-05,-4.292521333922576e-05
1998,-7.00823686363589e-05,-4.3029996467273825e-05
1999,-6.942542316907105e-05,-4.291911038161001e-05
2000,-6.914433160590922e-05,-4.2889695635514505e-05
2001,-6.862320787511423e-05,-4.2957495692278425e-05
2002,-6.815890813333738e-05,-4.2809958329619494e-05
2003,-6.744867972085506e-05,-4.274377888237657e-05
2004,-6.649264871187443e-05,-4.245634331119778e-05
2005,-6.529094105113447e-05,-4.194776503548781e-05
2006,-6.384368255410657e-05,-4.121815735813368e-05
2007,-6.215099890719369e-05,-4.026763346568424e-05
2008,-6.050886198562896e-05,-3.93921527462302e-05
2009,-5.8932902382140905e-05,-3.858555693992381e-05
2010,-5.740744545130177e-05,-3.784169406061975e-05
2011,-5.594808988311357e-05,-3.6859013410694654e-05
2012,-5.4539193010335674e-05,-3.595461424752592e-05
2013,-5.287951010985799e-05,-3.513456378470408e-05
2014,-5.096916908060815e-05,-3.438324193208921e-05
2015,-4.912477842509859e-05,-3.4010993136466004e-05
2016,-4.7036086814317245e-05,-3.372295160787332e-05
2017,-4.501936920821519e-05,-3.3525169243808606e-05
2018,-4.30806806289989e-05,-3.31077060849548e-05
2019,-4.152030443493198e-05,-3.308072947103747e-05
2020,-4.0043959111851533e-05,-3.3128383980788055e-05
2021,-3.8636135430079234e-05,-3.32445489744467e-05
2022,-3.7290718924781174e-05,-3.34231100098143e-05
2023,-3.602311274410012e-05,-3.367947025761087e-05
2024,-3.513285821051067e-05,-3.3998170747830895e-05
2025,-3.43264009352186e-05,-3.439458343567079e-05
2026,-3.390298338160556e-05,-3.485328066545258e-05
2027,-3.325482802347546e-05,-3.5389603271661754e-05
2028,-3.269639548328515e-05,-3.569522611672083e-05
2029,-3.191951442365616e-05,-3.6084449832497676e-05
2030,-3.092429539076562e-05,-3.624926594686343e-05
2031,-3.0003344833441248e-05,-3.618978797097768e-05
2032,-2.915057617367223e-05,-3.619848137079998e-05
2033,-2.8067700695906368e-05,-3.5977057452005106e-05
2034,-2.7360270761368745e-05,-3.583900399230093e-05
2035,-2.673617550322539e-05,-3.547710895086344e-05
2036,-2.620140948617941e-05,-3.489148526611956e-05
2037,-2.605359571704148e-05,-3.4686766446602684e-05
2038,-2.5688322783059404e-05,-3.457126890418206e-05
2039,-2.5418263720273758e-05,-3.42384117533581e-05
2040,-2.5249395110321053e-05,-3.4000706824481465e-05
2041,-2.5478750454919665e-05,-3.38641277504419e-05
2042,-2.550312820648063e-05,-3.352256153524728e-05
2043,-2.5925329434589878e-05,-3.326688924394326e-05
2044,-2.6433394441406694e-05,-3.309105504006698e-05
2045,-2.7332869703913933e-05,-3.33006084319621e-05
2046,-2.8021767731975227e-05,-3.360500411815257e-05
2047,-2.8500194189039663e-05,-3.3698918780578204e-05
2048,-2.8768254632313535e-05,-3.35824579953721e-05
2049,-2.8826054512920946e-05,-3.325572723253785e-05
2050,-2.896348425213286e-05,-3.271883185611006e-05
2051,-2.888486847970841e-05,-3.226152091073133e-05
2052,-2.8879817956006027e-05,-3.1877765855468703e-05
2053,-2.896327140247323e-05,-3.1582505430461376e-05
2054,-2.914116709378913e-05,-3.1071513852236526e-05
2055,-2.9419437391298382e-05,-3.0344898941233656e-05
2056,-2.949416181621973e-05,-2.9402768409907847e-05
2057,-2.9365442001813514e-05,-2.8554918470997166e-05
2058,-2.9342909921964143e-05,-2.7807272737589833e-05
2059,-2.9432480313765847e-05,-2.7165748935713432e-05
2060,-2.9619225796483635e-05,-2.6615422670570126e-05
2061,-2.9897135999831373e-05,-2.6150286554819226e-05
2062,-2.9972107873885687e-05,-2.5476240518495943e-05
2063,-3.01322014401258e-05,-2.4881347560055102e-05
2064,-3.068000607111624e-05,-2.4380380546436397e-05
2065,-3.130690097125617e-05,-2.426692283686427e-05
2066,-3.202762966148474e-05,-2.4253240780413724e-05
2067,-3.284808959436631e-05,-2.4037114712821226e-05
2068,-3.346621476243936e-05,-2.3618645177960414e-05
2069,-3.44770307416981e-05,-2.3592857769068648e-05
2070,-3.528571234819604e-05,-2.3364927319399835e-05
2071,-3.5892359809574836e-05,-2.324244296571729e-05
2072,-3.658378146138629e-05,-2.2923948922744178e-05
2073,-3.7067438733803596e-05,-2.269611220811671e-05
2074,-3.734343448357521e-05,-2.2859985789007904e-05
2075,-3.741187146541826e-05,-2.2822215843063016e-05
2076,-3.727285233217052e-05,-2.258290211981872e-05
2077,-3.6926479634942466e-05,-2.2428162279518432e-05
2078,-3.6372855823269074e-05,-2.206616208184413e-05
2079,-3.589782610526125e-05,-2.1803249777951067e-05
2080,-3.551593112353292e-05,-2.1339191353342704e-05
2081,-3.4927091414622345e-05,-2.067408606525582e-05
2082,-3.4437191368095425e-05,-2.0113815416893894e-05
2083,-3.405207962071415e-05,-1.9664225161464997e-05
2084,-3.347212497210085e-05,-1.9331155313639135e-05
2085,-3.269742337524399e-05,-1.881511995342359e-05
2086,-3.172807068843518e-05,-1.811620917158308e-05
2087,-3.086917556220402e-05,-1.7234512969953286e-05
2088,-2.982170721121426e-05,-1.6170121261573143e-05
2089,-2.8890464513684956e-05,-1.5227830057875732e-05
2090,-2.7776714549598767e-05,-1.4108903574837749e-05
2091,-2.648054694938101e-05,-1.2813428581655428e-05
2092,-2.5306298547426867e-05,-1.1645739054267044e-05
2093,-2.395568354654123e-05,-1.030754633978905e-05
2094,-2.3016426563835223e-05,-9.082630072990246e-06
2095,-2.2488325899084234e-05,-7.98530095318964e-06
2096,-2.206754247218187e-05,-7.001144275726083e-06
2097,-2.1464876316039373e-05,-5.840957228186053e-06
2098,-2.0963571551146572e-05,-4.787981088484375e-06
2099,-2.0557727002628992e-05,-3.553291638992734e-06
2100,-2.026159211598031e-05,-2.440008042426073e-06
2101,-1.9778080206673107e-05,-1.1510379289593934e-06
2102,-1.941001036803594e-05,3.1353286332209543e-07
2103,-1.8860589921277157e-05,1.651042142042106e-06
2104,-1.8129907363258248e-05,3.1581400491332537e-06
2105,-1.7218051104282376e-05,4.834743837600713e-06
2106,-1.6125109468221928e-05,6.680770841403053e-06
2107,-1.4851170692645472e-05,8.414192862641768e-06
2108,-1.3979957802331838e-05,1.0020879619783908e-05
2109,-1.32096018936337e-05,1.149506963767514e-05
2110,-1.2835756173135843e-05,1.2549462283684582e-05
2111,-1.2275443593502663e-05,1.3767045881826164e-05
2112,-1.1829977749862126e-05,1.48664629401784e-05
2113,-1.1204041390947025e-05,1.6134727804165766e-05
2114,-1.0397722155669291e-05,1.7270834612994112e-05
2115,-9.411107597640677e-06,1.8269041217803016e-05
2116,-8.244285185297772e-06,1.9424236320192584e-05
2117,-7.17795609793615e-06,2.0736343747663664e-05
2118,-5.9257923825433595e-06,2.220528740184039e-05
2119,-4.788062660663197e-06,2.3530812652091246e-05
2120,-3.4704737814635474e-06,2.4707196623685767e-05
2121,-2.2729943367916614e-06,2.5728721959792376e-05
2122,-1.2013529169842086e-06,2.6589676813507073e-05
2123,3.83124803714977e-08,2.758393991456889e-05
2124,8.667945939863436e-07,2.8412009698779352e-05
2125,1.863138653967504e-06,2.9367477204692227e-05
2126,2.728122135863492e-06,3.0151139369776302e-05
2127,3.7550295067673197e-06,3.105630010435496e-05
2128,4.943782639857728e-06,3.2082900706174225e-05
2129,6.015271353339342e-06,3.295185039936993e-05
2130,6.975316686171295e-06,3.366898961022287e-05
2131,7.531329065714608e-06,3.424015315997359e-05
2132,7.683503061381578e-06,3.437291210060878e-05
2133,7.730144518603375e-06,3.4365588845704544e-05
2134,7.379092800636705e-06,3.450238256384138e-05
2135,7.2066056008710605e-06,3.478322391367361e-05
2136,7.212597123630887e-06,3.520804362078318e-05
2137,7.099455585137566e-06,3.5479246406860536e-05
2138,6.881018276253923e-06,3.5888543585652394e-05
2139,6.8408031138311345e-06,3.6435868830619936e-05
2140,6.701126778104846e-06,3.684355802589551e-05
2141,6.448296461312326e-06,3.711741232618634e-05
2142,6.373432451645742e-06,3.726322734803249e-05
2143,6.179797249025704e-06,3.7267350140854435e-05
2144,5.861721678055626e-06,3.7124122455052424e-05
2145,5.1365911950403285e-06,3.655094066233293e-05
2146,4.577639520789471e-06,3.612104938852685e-05
2147,3.908094430284761e-06,3.583438008666273e-05
2148,3.4102879087636946e-06,3.569086427554721e-05
2149,2.807702669574208e-06,3.541399826468598e-05
2150,1.8104591596200707e-06,3.5009555404259384e-05
2151,9.904191361396372e-07,3.446398662576257e-05
2152,5.2146935057776004e-08,3.377165489867013e-05
2153,-9.907170501549305e-07,3.294621416107795e-05
2154,-1.856630474572101e-06,3.226922028970048e-05
2155,-2.5456775884370115e-06,3.1740602553263426e-05
2156,-3.3334803194569122e-06,3.136029028808481e-05
2157,-3.9388908388005695e-06,3.112821289797788e-05
2158,-4.361995854895873e-06,3.104429985415377e-05
2159,-4.60288199356678e-06,3.110848069512481e-05
2160,-4.955839975851076e-06,3.102648084890845e-05
2161,-5.426496591487125e-06,3.0792689659561826e-05
2162,-5.726554490313688e-06,3.069542059580382e-05
2163,-6.149870945582974e-06,3.0440832487723444e-05
2164,-6.702059491963346e-06,3.031696190336309e-05
2165,-7.388728363881937e-06,3.0030255005997406e-05
2166,-7.922130742103196e-06,2.9594206340868415e-05
2167,-8.30233921798074e-06,2.9288689622402052e-05
2168,-8.803438955050377e-06,2.8839630367970512e-05
2169,-9.712638546192575e-06,2.7959830655552474e-05
2170,-1.0736962121443921e-05,2.694227701593587e-05
2171,-1.159706796315482e-05,2.606632181757419e-05
2172,-1.2585533939170329e-05,2.5331898125919923e-05
2173,-1.341558824388186e-05,2.4446579877386115e-05
2174,-1.4360562044308189e-05,2.3404792901184534e-05
2175,-1.54147584387499e-05,2.249304566544486e-05
2176,-1.6572485877445065e-05,2.1438271553237504e-05
2177,-1.755517831767163e-05,2.022725899969245e-05
2178,-1.8362918193304532e-05,1.9146102528397514e-05
2179,-1.9287303303446547e-05,1.8194740937689413e-05
2180,-2.004253291482158e-05,1.737311308377972e-05
2181,-2.062868658764335e-05,1.6681157880672076e-05
2182,-2.1318098346970936e-05,1.584655976023553e-05
2183,-2.1832968255791612e-05,1.4875007275078203e-05
2184,-2.2173378283360365e-05,1.4044188876207205e-05
2185,-2.2339410321787724e-05,1.3354038445463125e-05
2186,-2.233114618614894e-05,1.2804489926990104e-05
2187,-2.2148667614593222e-05,1.2395477327147227e-05
2188,-2.179205626845224e-05,1.2126934714420377e-05
2189,-2.1261393732348898e-05,1.1998796219333934e-05
2190,-2.055676151430576e-05,1.2010996034363215e-05
2191,-1.9678241045853298e-05,1.2163468413846448e-05
2192,-1.8625913682137804e-05,1.2456147673897271e-05
2193,-1.7399860702029062e-05,1.2888968192317413e-05
2194,-1.6289590531752793e-05,1.3172437184984537e-05
2195,-1.557128132563734e-05,1.3319681197231248e-05
2196,-1.5244749984239517e-05,1.3047200346305637e-05
2197,-1.4750404690882367e-05,1.2644203721837229e-05
2198,-1.4377199154746508e-05,1.2097731882678407e-05
2199,-1.4130656658356272e-05,1.1691009704943272e-05
2200,-1.3997722067927733e-05,1.1153944991541932e-05
2201,-1.3702863504259521e-05,1.0762077386528063e-05
2202,-1.3246156387382253e-05,1.0515339227532834e-05
2203,-1.2627676066916474e-05,1.0413662915416681e-05
2204,-1.1847497822171861e-05,1.045698091418042e-05
2205,-1.1175111558817279e-05,1.0375811054304732e-05
2206,-1.0335612869972718e-05,1.0445065471668433e-05
2207,-9.329079402515097e-06,1.0377032757597718e-05
2208,-8.712142406350601e-06,1.0184676473259236e-05
2209,-8.21569414023884e-06,1.014253516322885e-05
2210,-7.845230117034737e-06,9.96330658249743e-06
2211,-7.3191443208268115e-06,9.9286018724963e-06
2212,-6.637508907494337e-06,9.751393483913067e-06
2213,-5.8003959658534815e-06,9.713028378983705e-06
2214,-4.8078775177513e-06,9.813442208007658e-06
2215,-3.6600255181592555e-06,9.784372303697587e-06
2216,-2.356911855266863e-06,9.899491990482152e-06
2217,-1.1848911120581287e-06,1.0158734543653978e-05
2218,1.3671391902578425e-07,1.0294197680069345e-05
2219,1.3401191792660853e-06,1.0579181940776575e-05
2220,2.698499487135165e-06,1.1013618239411438e-05
2221,3.944309443171837e-06,1.1329963710322957e-05
2222,5.350475287967798e-06,1.1801147125598086e-05
2223,6.916923057585624e-06,1.2427097050482552e-05
2224,8.35823958807375e-06,1.320774211628928e-05
2225,9.954174315301847e-06,1.4143011020306155e-05
2226,1.170465601281222e-05,1.5232832525704489e-05
2227,1.3609613519915045e-05,1.6477135461447152e-05
2228,1.5668975741596932e-05,1.787584872219736e-05
2229,1.759800250514157e-05,1.9144232124938928e-05
2230,1.9391253128846898e-05,2.0276844977693718e-05
2231,2.1043291913088745e-05,2.126825157058497e-05
2232,2.254868813348475e-05,2.211302116900122e-05
2233,2.390201603407078e-05,2.2805728006772615e-05
2234,2.509785482048973e-05,2.3624953437776077e-05
2235,2.641465778952093e-05,2.45706393732447e-05
2236,2.7586689905931188e-05,2.537704825826116e-05
2237,2.8619500500254436e-05,2.6049726905989957e-05
2238,2.9235163020353165e-05,2.6594217065915504e-05
2239,2.99825302697617e-05,2.728137897071573e-05
2240,3.057833604400378e-05,2.78279414050692e-05
2241,3.130025021530938e-05,2.8228495621648528e-05
2242,3.2148215076436056e-05,2.8477637801198918e-05
2243,3.2857322591501215e-05,2.8587928093071104e-05
2244,3.3697834079501124e-05,2.8829627806309053e-05
2245,3.438714376526803e-05,2.8920131155815816e-05
2246,3.49377774804585e-05,2.913646058219254e-05
2247,3.53373529407528e-05,2.9478558631936314e-05
2248,3.586263447225067e-05,2.9946367904168276e-05
2249,3.623154491000137e-05,3.0257811224566866e-05
2250,3.61746783578798e-05,3.0407509090297742e-05
2251,3.623789537005738e-05,3.067184448390613e-05
2252,3.6421141237524506e-05,3.10507651607974e-05
2253,3.64428654322235e-05,3.126272305510702e-05
2254,3.6579065723675495e-05,3.158371839633003e-05
2255,3.682969001920452e-05,3.201370154954847e-05
2256,3.665025789172654e-05,3.255262292519241e-05
2257,3.658514597897658e-05,3.320043297897744e-05
2258,3.663430233030664e-05,3.369399124375521e-05
2259,3.679767504243452e-05,3.430177066623018e-05
2260,3.707521225937946e-05,3.502371938173874e-05
2261,3.746686217239662e-05,3.585978557287314e-05
2262,3.797257301991247e-05,3.6809917469416275e-05
2263,3.832978340741577e-05,3.761155366823299e-05
2264,3.8806370522890745e-05,3.8532571348703215e-05
2265,3.940228030109224e-05,3.9572916436996514e-05
2266,4.011745872589187e-05,4.045272853442987e-05
2267,4.095185183021134e-05,4.144634844062925e-05
2268,4.1625857445927156e-05,4.201224546169014e-05
2269,4.2134143861891326e-05,4.215061272583377e-05
2270,4.247138416374103e-05,4.186164318656994e-05
2271,4.2911418183240284e-05,4.168627652191403e-05
2272,4.345419948452063e-05,4.162446142823656e-05
2273,4.4099681673816196e-05,4.167614664839676e-05
2274,4.4307801827386464e-05,4.1841280971679775e-05
2275,4.4078756884686396e-05,4.1858688220132296e-05
2276,4.341274360750781e-05,4.145530148898171e-05
2277,4.284924679635379e-05,4.1170598315175935e-05
2278,4.2388220265794334e-05,4.100452525625276e-05
2279,4.2029617872161225e-05,4.095702891802649e-05
2280,4.1512841142464645e-05,4.0767503583495634e-05
2281,4.084333615516489e-05,4.044138809360569e-05
2282,4.000911349980376e-05,3.996668580687212e-05
2283,3.9282504163166253e-05,3.933809308926166e-05
2284,3.866345980568128e-05,3.882781132596646e-05
2285,3.7891949896801516e-05,3.817580517567271e-05
2286,3.72332743129524e-05,3.7647369708348754e-05
2287,3.642762757012693e-05,3.6982694637833574e-05
2288,3.548043373958411e-05,3.644684058627995e-05
2289,3.4397112053428754e-05,3.603974985238636e-05
2290,3.3442491498828496e-05,3.5761364786681404e-05
2291,3.261651448616966e-05,3.56116277914535e-05
2292,3.191912347751066e-05,3.55904813206811e-05
2293,3.109118579857444e-05,3.543879269202538e-05
2294,3.0397065980673664e-05,3.542092642875509e-05
2295,2.9560594644992204e-05,3.526071314402812e-05
2296,2.857649603055476e-05,3.469414039379994e-05
2297,2.771535732999585e-05,3.398001341841836e-05
2298,2.6977123686717145e-05,3.3388796208057005e-05
2299,2.6361740293199636e-05,3.266203490117734e-05
2300,2.5335383599038815e-05,3.15296375148176e-05
2301,2.4173593472234156e-05,3.026714154134551e-05
2302,2.3139817497827838e-05,2.91379921922899e-05
2303,2.197604845904688e-05,2.78841798794799e-05
2304,2.0945502746318263e-05,2.6511080340229343e-05
2305,1.951553728586128e-05,2.500693355545814e-05
2306,1.7961062310997057e-05,2.3641214915364208e-05
2307,1.6287446363778264e-05,2.2413862929433043e-05
2308,1.4482960690423698e-05,2.1050332191772442e-05
2309,1.281671446858989e-05,1.98197342224229e-05
2310,1.128864637958089e-05,1.8722010043012728e-05
2311,9.898695159222421e-06,1.775710072763475e-05
2312,8.646799597788958e-06,1.692494740277645e-05
2313,7.532898539930809e-06,1.622549124724957e-05
2314,6.556930884601478e-06,1.565867349211993e-05
2315,5.462222450669522e-06,1.4950818894199748e-05
2316,4.254117949489397e-06,1.4113688305244507e-05
2317,3.1943490124729595e-06,1.3409020350300948e-05
2318,2.026569070436461e-06,1.2563510027388124e-05
2319,7.391582600430041e-07,1.1588887080110334e-05
2320,-4.001132312380322e-07,1.074655146583598e-05
2321,-1.9201378992604046e-06,9.76356742339118e-06
2322,-3.292153714738865e-06,8.651633711510768e-06
2323,-4.771955341694109e-06,7.416083090963373e-06
2324,-6.098602289036265e-06,6.317863003599532e-06
2325,-7.52767144090658e-06,5.101403509945772e-06
2326,-9.053848694930368e-06,4.027425223591234e-06
2327,-1.0671824610859332e-05,2.8405756024674624e-06
2328,-1.2376294404441985e-05,1.8013488260155101e-06
2329,-1.3906887350518432e-05,9.096799710197796e-07
2330,-1.5263679844425367e-05,-8.945694693993544e-08
2331,-1.6446748214263704e-05,-1.1907572501821164e-06
2332,-1.7456168720987523e-05,-2.134178449324762e-06
2333,-1.8546650822933674e-05,-2.9197898420517492e-06
2334,-1.9712908345934074e-05,-3.8021848321685043e-06
2335,-2.069524457410654e-05,-4.521657522182686e-06
2336,-2.1764786874228485e-05,-5.349326105275327e-06
2337,-2.2926740692105506e-05,-6.544584296806289e-06
2338,-2.4440395639974568e-05,-8.107271090233861e-06
2339,-2.5780934021860317e-05,-9.51256192938078e-06
2340,-2.694843156587368e-05,-1.0760525688130305e-05
2341,-2.7942963933769984e-05,-1.185123117997665e-05
2342,-2.8764606721036273e-05,-1.278474715810452e-05
2343,-2.9937182832752303e-05,-1.4084889691242237e-05
2344,-3.093702013930193e-05,-1.5227979819365593e-05
2345,-3.176419403826897e-05,-1.6467416352660543e-05
2346,-3.294184209937666e-05,-1.779793405387131e-05
2347,-3.394697713447083e-05,-1.8961157903583018e-05
2348,-3.477967434400807e-05,-1.995716083823429e-05
2349,-3.544000886278281e-05,-2.1038914583662978e-05
2350,-3.6450207265944294e-05,-2.2201167648176225e-05
2351,-3.7288192836866456e-05,-2.3185989387748533e-05
2352,-3.820661679228229e-05,-2.399345701181103e-05
2353,-3.920023677002901e-05,-2.4876116598297827e-05
2354,-4.001145326860321e-05,-2.5576368652754364e-05
2355,-4.064034554654363e-05,-2.609429244075279e-05
2356,-4.1355636679079256e-05,-2.642996715887507e-05
2357,-4.1893962555152094e-05,-2.658347193480339e-05
2358,-4.2255399975103684e-05,-2.6823291764549492e-05
2359,-4.244002567251882e-05,-2.7138122647447713e-05
2360,-4.244791631431229e-05,-2.727102034760019e-05
2361,-4.253076197220154e-05,-2.7473677189739803e-05
2362,-4.2683343028387336e-05,-2.7740875807126964e-05
2363,-4.291685676877107e-05,-2.808381573476916e-05
2364,-4.3220050267958825e-05,-2.8491246294427882e-05
2365,-4.358771293878771e-05,-2.8957959144147404e-05
2366,-4.37635569447731e-05,-2.9227668690704418e-05
2367,-4.374766519232755e-05,-2.9300460081829795e-05
2368,-4.354012051610785e-05,-2.944364088100264e-05
2369,-4.314100567910839e-05,-2.9662352081021555e-05
2370,-4.280106134994444e-05,-3.0212388225459763e-05
2371,-4.226454265560301e-05,-3.057618447955768e-05
2372,-4.178198099933364e-05,-3.1004267804693064e-05
2373,-4.109784938357156e-05,-3.1241106765239676e-05
2374,-4.0728987711939066e-05,-3.128678377509014e-05
2375,-4.0425129762889493e-05,-3.1407781443415164e-05
2376,-4.019140339283993e-05,-3.1859248202117355e-05
2377,-3.976676578228485e-05,-3.237487542809979e-05
2378,-3.915129905448714e-05,-3.269966923937046e-05
2379,-3.8345085261969454e-05,-3.3083421408292405e-05
2380,-3.7614022441895655e-05,-3.378677549864437e-05
2381,-3.696322312009108e-05,-3.4809594066437907e-05
2382,-3.613221235540544e-05,-3.563676148189529e-05
2383,-3.5121067511116805e-05,-3.626836172745508e-05
2384,-3.392986588399094e-05,-3.670447871336824e-05
2385,-3.28239191052691e-05,-3.7210430678693444e-05
2386,-3.154320607885581e-05,-3.77751802484941e-05
2387,-3.0352804157697673e-05,-3.840970010697503e-05
2388,-2.9257804106968708e-05,-3.885420317618272e-05
2389,-2.8263292344191356e-05,-3.9357435279454004e-05
2390,-2.710969565831172e-05,-3.966568567291008e-05
2391,-2.579708212858835e-05,-3.977903776477596e-05
2392,-2.457387237037409e-05,-3.969757489182923e-05
2393,-2.3450969774860988e-05,-3.968568934960978e-05
2394,-2.2417399139562543e-05,-3.97324190420646e-05
2395,-2.1468008059143873e-05,-3.983262465911737e-05
2396,-2.0597648515912063e-05,-3.999719696332525e-05
2397,-1.9553342328559367e-05,-3.9967369521927765e-05
2398,-1.833516369742438e-05,-3.974322524561818e-05
2399,-1.694318675945437e-05,-3.958846620266795e-05
2400,-1.5640990199617518e-05,-3.950816611087301e-05
2401,-1.4433636906554134e-05,-3.9507394376984316e-05
2402,-1.306290979293442e-05,-3.932794042623674e-05
2403,-1.179203976766446e-05,-3.923304167456273e-05
2404,-1.0363031862217502e-05,-3.922775679297676e-05
2405,-9.038886364721427e-06,-3.905420714370094e-05
2406,-7.824649040065723e-06,-3.871246426934805e-05
2407,-6.972166281576554e-06,-3.844940455643748e-05
2408,-5.971990700075799e-06,-3.8013206069559945e-05
2409,-4.824185026666607e-06,-3.7650542326912206e-05
2410,-3.7753096178828588e-06,-3.735630031616745e-05
2411,-2.8202428694996377e-06,-3.687897591144744e-05
2412,-1.9538675092304275e-06,-3.6218646741569375e-05
2413,-1.1710705912359233e-06,-3.5375390369433114e-05
2414,-2.2065425868622718e-07,-3.434928429210502e-05
2415,6.355132595202015e-07,-3.31404059409021e-05
2416,1.146517490377896e-06,-3.2010516880983544e-05
2417,1.8198596108899754e-06,-3.0703079137289726e-05
2418,2.148330397817629e-06,-2.946384994183586e-05
2419,2.6390019799194883e-06,-2.830350301997471e-05
2420,3.2918058014240155e-06,-2.69658323197681e-05
2421,3.845552896670662e-06,-2.5450912746509676e-05
2422,4.5562370464663226e-06,-2.4019827155069463e-05
2423,4.9177211869455996e-06,-2.292276924047894e-05
2424,5.436010123497028e-06,-2.165374058871745e-05
2425,5.605393536601144e-06,-2.0718457905288364e-05
2426,5.670890549886679e-06,-1.985622125998286e-05
2427,5.382728413625831e-06,-1.93224015463001e-05
2428,4.741056151517063e-06,-1.885652504099743e-05
2429,4.250815730686238e-06,-1.8208952317425594e-05
2430,3.6674745148748403e-06,-1.7884340571961885e-05
2431,3.2404770328265113e-06,-1.7638185530689844e-05
2432,2.9697575327811783e-06,-1.721560028970333e-05
2433,2.3513054975405304e-06,-1.6616659001031206e-05
2434,1.6293342235225937e-06,-1.6101101823721516e-05
2435,1.0584134977157835e-06,-1.5414367411956113e-05
2436,6.384798960848874e-07,-1.4556527623865655e-05
2437,1.257033651617972e-07,-1.4030753676815242e-05
2438,-4.904099799986987e-07,-1.3593239519813895e-05
2439,-9.557259687473228e-07,-1.2989857293529252e-05
2440,-1.270307812434532e-06,-1.2220676515345752e-05
2441,-1.4342186693300646e-06,-1.1285766644290514e-05
2442,-1.4475216446895325e-06,-1.018519708110669e-05
2443,-1.5689484233700665e-06,-9.420873793483266e-06
2444,-1.7879736665817374e-06,-8.49102925768333e-06
2445,-1.8565798439384534e-06,-7.897149802171445e-06
2446,-2.033167703859128e-06,-7.3962251656475695e-06
2447,-2.0644677631454978e-06,-6.734992134455003e-06
2448,-2.193212050754709e-06,-5.91351767590493e-06
2449,-2.171788351924809e-06,-5.189876622115849e-06
2450,-2.258157481043251e-06,-4.569025314927487e-06
2451,-2.4418554346952127e-06,-3.7981275393058256e-06
2452,-2.733251945727002e-06,-3.1195213319924464e-06
2453,-3.137293071076909e-06,-2.785746557180788e-06
2454,-3.4014608569093465e-06,-2.2971215895042106e-06
2455,-3.7677929701396354e-06,-1.8956903237541228e-06
2456,-4.231262113439947e-06,-1.334550819688649e-06
2457,-4.5450627423387645e-06,-6.137695437161828e-07
2458,-4.709257124380442e-06,2.665870931627299e-07
2459,-4.965493244202417e-06,8.079527627963959e-07
2460,-5.067268770454438e-06,1.5087613154441265e-06
2461,-5.512733888372898e-06,2.112249933799572e-06
2462,-6.0604544275551325e-06,2.6134866823411703e-06
2463,-6.4588789259248674e-06,3.26402301725798e-06
2464,-6.964440155965687e-06,3.80742616019134e-06
2465,-7.823057600237422e-06,3.997776622718537e-06
2466,-8.537530738870912e-06,4.091374916448822e-06
2467,-9.348721675764652e-06,4.093223249736823e-06
2468,-1.001092549447042e-05,4.2490244813656e-06
2469,-1.0524203896412896e-05,4.558714853952156e-06
2470,-1.1144340306538048e-05,4.766508888296997e-06
2471,-1.1620630492793898e-05,5.123108763901148e-06
2472,-1.2208640116148652e-05,5.372946768945783e-06
2473,-1.2898092446578264e-05,5.526297584302828e-06
2474,-1.3699167644982859e-05,5.828269905601284e-06
2475,-1.436158193770508e-05,6.278802331269903e-06
2476,-1.4885392593374887e-05,6.6227574979049825e-06
2477,-1.5270656833233516e-05,6.855237715478859e-06
2478,-1.5757165247633585e-05,7.226210806587385e-06
2479,-1.6339938452505166e-05,7.241228574747438e-06
2480,-1.677446107479208e-05,7.1399778573185325e-06
2481,-1.70607942067081e-05,6.91757299419187e-06
2482,-1.743834595125374e-05,6.8235658424080765e-06
2483,-1.7662898550156184e-05,6.857903510314586e-06
2484,-1.7734514969498105e-05,7.020533149923277e-06
2485,-1.7653258123457665e-05,7.072343845813547e-06
2486,-1.7419190874373053e-05,7.003259606954338e-06
2487,-1.7032376032806654e-05,7.062309227670266e-06
2488,-1.6731646215302148e-05,7.0106701761166905e-06
2489,-1.627337470784524e-05,6.599617325953976e-06
2490,-1.5657626181087724e-05,6.321458161089697e-06
2491,-1.4884465252511862e-05,6.1761381237340425e-06
2492,-1.4445712904578035e-05,6.163602700979003e-06
2493,-1.3849677061820784e-05,6.0455064476303595e-06
2494,-1.3349580330778992e-05,5.811837274428105e-06
2495,-1.2950288744268953e-05,5.457737168890136e-06
2496,-1.289466893040148e-05,4.993294347272534e-06
2497,-1.269182961489634e-05,4.661364582244489e-06
2498,-1.2341831042191168e-05,4.461893628476898e-06
2499,-1.2082452257257344e-05,4.394827285136327e-06
2500,-1.1908760829740266e-05,4.460111395830482e-06
2501,-1.1815828350064026e-05,4.420163097677331e-06
2502,-1.1798730424519223e-05,4.279916754729718e-06
2503,-1.1852546670358235e-05,4.281641667594836e-06
2504,-1.173511653919728e-05,4.188035701147623e-06
2505,-1.1446509883584802e-05,4.004023167428996e-06
2506,-1.1223851329795985e-05,3.734524372480677e-06
2507,-1.1077063104412838e-05,3.3696250323298186e-06
2508,-1.07593074055298e-05,3.1561708850427655e-06
2509,-1.0270653858160947e-05,2.84251841462759e-06
2510,-1.0099326514603979e-05,2.187155885336418e-06
2511,-1.0008613364189485e-05,1.6781783309484167e-06
2512,-1.0003353112306306e-05,1.3155261856906793e-06
2513,-1.008838053948109e-05,1.0991399323444288e-06
2514,-1.0253766254248368e-05,7.926596224953631e-07
2515,-1.0494611959900197e-05,4.0098749582493016e-07
2516,-1.0820763586835726e-05,1.6513446157960588e-07
2517,-1.0986299035064275e-05,8.50372537634632e-08
2518,-1.1241928895149353e-05,-9.001275410567453e-08
2519,-1.1341932540997212e-05,-1.1429297343564672e-07
2520,-1.1522110938706598e-05,-2.2360240940755612e-07
2521,-1.154193339346278e-05,-1.774084078681552e-07
2522,-1.1401464872665568e-05,2.422602154441345e-08
2523,-1.1350898481700884e-05,1.3110972963047459e-07
2524,-1.1380385002621771e-05,1.530938889500821e-07
2525,-1.1734967925279532e-05,-1.5486303730638498e-07
2526,-1.1929518895705648e-05,-5.574496250093546e-07
2527,-1.244890341304844e-05,-1.2945545174303668e-06
2528,-1.3057998276077225e-05,-2.36604246512292e-06
2529,-1.374699399029421e-05,-3.52226799222354e-06
2530,-1.452562359725274e-05,-5.0077682846338605e-06
2531,-1.5149380107269189e-05,-6.573105307789799e-06
2532,-1.5618326017323535e-05,-7.978793865093394e-06
2533,-1.6181623899682375e-05,-9.224898354523793e-06
2534,-1.659506635845617e-05,-1.0311483122035931e-05
2535,-1.6858713796769616e-05,-1.1472955422547336e-05
2536,-1.6972626568983376e-05,-1.270446048386294e-05
2537,-1.7185556242985638e-05,-1.401568047561395e-05
2538,-1.7253694386744003e-05,-1.5396880683210867e-05
2539,-1.7411073043941904e-05,-1.6609240376934984e-05
2540,-1.7652839465572765e-05,-1.765282746212775e-05
2541,-1.7740355182340116e-05,-1.852770978944171e-05
2542,-1.767368218938593e-05,-1.923395515490675e-05
2543,-1.7686488175538134e-05,-2.0019711777303204e-05
2544,-1.8021911047315502e-05,-2.087529176251212e-05
2545,-1.8198521533678437e-05,-2.1810315240294097e-05
2546,-1.844971383798593e-05,-2.2815109848466448e-05
2547,-1.8537415792335616e-05,-2.3651605348735668e-05
2548,-1.8709266715827853e-05,-2.4319869211275146e-05
2549,-1.8722559680223073e-05,-2.4819968852095296e-05
2550,-1.8577358203175907e-05,-2.5151971633108454e-05
2551,-1.852099650049264e-05,-2.5315944862194386e-05
2552,-1.854384474371509e-05,-2.5559125697857766e-05
2553,-1.840838863986503e-05,-2.588627426907872e-05
2554,-1.8347291114172992e-05,-2.6055178444649198e-05
2555,-1.8370093664502588e-05,-2.6312769357651942e-05
2556,-1.848154885439869e-05,-2.6417030318880708e-05
2557,-1.8439738546581504e-05,-2.6368022587583187e-05
2558,-1.8476959835919804e-05,-2.6398043263723516e-05
2559,-1.8602721891707367e-05,-2.6516601521680703e-05
2560,-1.8807456222435435e-05,-2.6714128875021073e-05
2561,-1.9100656843588276e-05,-2.6753853352396056e-05
2562,-1.9240897201948795e-05,-2.6635837870050486e-05
2563,-1.946002109391135e-05,-2.6591928128928865e-05
2564,-1.9521533716906657e-05,-2.638563122949232e-05
2565,-1.9671364203492948e-05,-2.6262878205812074e-05
2566,-1.966847783144777e-05,-2.6228402904787052e-05
2567,-1.9758602415642584e-05,-2.628693541568881e-05
2568,-1.9700896780689368e-05,-2.6428966112493556e-05
2569,-1.949541970674365e-05,-2.664970032118535e-05
2570,-1.9373381446972786e-05,-2.671319564960996e-05
2571,-1.932999114581204e-05,-2.6850576177336357e-05
2572,-1.9129489968102887e-05,-2.6826084960381687e-05
2573,-1.9247893293626848e-05,-2.6884857260449417e-05
2574,-1.9440102580371874e-05,-2.6786640102181845e-05
2575,-1.970133836512602e-05,-2.6531495754365172e-05
2576,-1.979621184189904e-05,-2.6119486436324135e-05
2577,-1.9724788933243075e-05,-2.5550674317980358e-05
2578,-1.9962146240041364e-05,-2.5055555734783875e-05
2579,-2.0508161423830267e-05,-2.464349181269052e-05
2580,-2.0888077382923627e-05,-2.4074811157558142e-05
2581,-2.1101959831493928e-05,-2.357974211444342e-05
2582,-2.13940567870405e-05,-2.292344126707723e-05
2583,-2.1524988456802702e-05,-2.210597236031472e-05
2584,-2.1724717681696147e-05,-2.1357298239449564e-05
2585,-2.175867558729356e-05,-2.0686737602255483e-05
2586,-2.1626927628334128e-05,-1.9855199692378165e-05
2587,-2.1559171757457484e-05,-1.909238060304175e-05
2588,-2.1564706496361453e-05,-1.8407576997987247e-05
2589,-2.1404731280080307e-05,-1.7805482078914893e-05
2590,-2.1079311356957577e-05,-1.7047387522058433e-05
2591,-2.058851192383366e-05,-1.636263285441693e-05
2592,-2.040479020212584e-05,-1.574647072110074e-05
2593,-2.028492026395458e-05,-1.5208161235837863e-05
2594,-1.9995149327739316e-05,-1.4509380993041364e-05
2595,-1.9535544237448153e-05,-1.3650193136805429e-05
2596,-1.937782097017558e-05,-1.2873473504282421e-05
2597,-1.9050396936072768e-05,-1.1941183328641406e-05
2598,-1.855333882156034e-05,-1.0853383757165242e-05
2599,-1.8357806810840007e-05,-9.83870818833005e-06
2600,-1.8463682422414716e-05,-8.663939839261564e-06
2601,-1.8642450725988605e-05,-7.799865410207415e-06
2602,-1.8898783052672466e-05,-7.018054161240065e-06
2603,-1.923734707774684e-05,-6.081038249129633e-06
2604,-1.942076984169906e-05,-5.230915516926375e-06
2605,-1.9449112152557958e-05,-4.700392182301422e-06
2606,-1.956427858788873e-05,-4.261384650899409e-06
2607,-1.952917856212341e-05,-3.6768005065859075e-06
2608,-1.9343870906962606e-05,-2.946696751919814e-06
2609,-1.900841440798066e-05,-2.0711303447570936e-06
2610,-1.8764326213468963e-05,-1.291616607092028e-06
2611,-1.837489180249422e-05,-3.7143919311429686e-07
2612,-1.8067602683313495e-05,6.893469007166046e-07
2613,-1.7610399263171477e-05,1.8906867210094717e-06
2614,-1.7244414324796192e-05,2.9914511306360405e-06
2615,-1.7201462185299246e-05,3.7598294552494044e-06
2616,-1.724053413626383e-05,4.436834043199563e-06
2617,-1.735692561389505e-05,5.254173250502543e-06
2618,-1.7319022267407036e-05,5.984878890270706e-06
2619,-1.712688424261211e-05,6.860480464985601e-06
2620,-1.7247812110149852e-05,7.413681032646613e-06
2621,-1.7214625312682847e-05,8.111664776414842e-06
2622,-1.72539511347124e-05,8.954375313954122e-06
2623,-1.7134618761743224e-05,9.941756306902907e-06
2624,-1.709680901551382e-05,1.0833632361749386e-05
2625,-1.714514821090952e-05,1.1625382587627265e-05
2626,-1.7044330093449382e-05,1.2552318658834049e-05
2627,-1.7034246663765117e-05,1.3374553990356643e-05
2628,-1.6879776125432845e-05,1.4087476626255066e-05
2629,-1.6820618918218066e-05,1.4686478183648815e-05
2630,-1.6621837414692225e-05,1.5166953848568383e-05
2631,-1.6283485798880306e-05,1.552430237181232e-05
2632,-1.580561821269405e-05,1.599328649374512e-05
2633,-1.5188288755981607e-05,1.6573862899146443e-05
2634,-1.4431551486576208e-05,1.7265988306476054e-05
2635,-1.3760909910265978e-05,1.7605092815759735e-05
2636,-1.2946328448810754e-05,1.7816677110317726e-05
2637,-1.1987862826981189e-05,1.8135042762609532e-05
2638,-1.0885568726344788e-05,1.8096160748189266e-05
2639,-9.878202299715648e-06,1.8163977544703034e-05
2640,-8.97035793210422e-06,1.8338451859786495e-05
2641,-7.928113830321458e-06,1.8619542433102883e-05
2642,-6.751521932471092e-06,1.9007208036305572e-05
2643,-5.678959187993926e-06,1.927664038789256e-05
2644,-4.7150094001284474e-06,1.919427772276077e-05
2645,-3.8507122089221144e-06,1.9222990704335666e-05
2646,-3.3194529811589294e-06,1.9124692222749348e-05
2647,-2.658725068030711e-06,1.9132763372073967e-05
2648,-1.8685783901987988e-06,1.9247163114715132e-05
2649,-9.49062829768966e-07,1.9467850444809246e-05
2650,9.977176966380807e-08,1.979478438818671e-05
2651,1.0537868040491264e-06,2.0003835203413775e-05
2652,1.9041482865791805e-06,2.0323662323001313e-05
2653,2.8836796388356828e-06,2.075422309690975e-05
2654,3.75503257779991e-06,2.129547490800521e-05
2655,4.750849938505639e-06,2.1947375172021388e-05
2656,5.871083873744759e-06,2.248621439251385e-05
2657,6.8921038084049706e-06,2.3140219700244263e-05
2658,7.805118150253757e-06,2.3672419321497863e-05
2659,8.842405875606276e-06,2.4315097516211574e-05
2660,9.767176859941002e-06,2.460813883570811e-05
2661,1.0811530336499966e-05,2.5011574049202208e-05
2662,1.1975420436672995e-05,2.5302197988891452e-05
2663,1.3022336010647017e-05,2.547125796830726e-05
2664,1.418410632036294e-05,2.5750585001117734e-05
2665,1.5460687357159306e-05,2.6140136829054404e-05
2666,1.6852035146159455e-05,2.6639871226301423e-05
2667,1.83581057462326e-05,2.724974599945798e-05
2668,1.997885524995494e-05,2.7511053131844442e-05
2669,2.1714239783570694e-05,2.7646503435701268e-05
2670,2.3328394259458937e-05,2.7664893946940786e-05
2671,2.481678859051092e-05,2.7557527114605e-05
2672,2.641053401352997e-05,2.7333186549240178e-05
2673,2.7651799538951336e-05,2.6996489812162527e-05
2674,2.8540719695111376e-05,2.677421228182573e-05
2675,2.929950719012229e-05,2.6444231998439404e-05
2676,2.993692061976233e-05,2.6011157725955037e-05
2677,3.0457572200094893e-05,2.5701507089407638e-05
2678,3.0852810690470865e-05,2.5280143585723483e-05
2679,3.08963746617713e-05,2.497754556944343e-05
2680,3.10449691966619e-05,2.479366779524525e-05
2681,3.1298554287587404e-05,2.4272067576858887e-05
2682,3.165708995753082e-05,2.386909733868198e-05
2683,3.212053625997882e-05,2.3584711938681192e-05
2684,3.223297609191902e-05,2.2962989082270088e-05
2685,3.245024687935139e-05,2.2459761007816154e-05
2686,3.2772308766874106e-05,2.207498267622171e-05
2687,3.274376384567307e-05,2.1574337491630095e-05
2688,3.281993052889357e-05,2.096649931211737e-05
2689,3.300076905193358e-05,2.047697608768269e-05
2690,3.306539975259237e-05,2.010572291599129e-05
2691,3.323916633341621e-05,1.9618785007559273e-05
2692,3.3288207723344057e-05,1.9011666134714017e-05
2693,3.298743890289298e-05,1.8293009061511567e-05
2694,3.257063176944066e-05,1.7467392663617046e-05
2695,3.226279537909585e-05,1.6759822563651673e-05
2696,3.16100806185492e-05,1.594990561882618e-05
2697,3.1066254219702815e-05,1.5262478793976868e-05
2698,3.063127497740366e-05,1.4697495747334829e-05
2699,3.0071911796209245e-05,1.380161672869741e-05
2700,2.938368528806956e-05,1.3028089031896824e-05
2701,2.8795130054862527e-05,1.2143855806590115e-05
2702,2.830620842770624e-05,1.1377356943727339e-05
2703,2.7697104961610088e-05,1.0728547981035361e-05
2704,2.719208108378395e-05,1.019738448987979e-05
2705,2.6571482201563157e-05,9.551169251403081e-06
2706,2.583986804935682e-05,9.017993017181003e-06
2707,2.5001794932230542e-05,8.378360108766198e-06
2708,2.4281187740829122e-05,7.856195413356177e-06
2709,2.3458711185305252e-05,7.232163637662841e-06
2710,2.2758123114462596e-05,6.7300226270556085e-06
2711,2.2179377642888615e-05,6.349726492694138e-06
2712,2.1490399591263736e-05,6.091229380344707e-06
2713,2.0699698916523756e-05,5.73551775713028e-06
2714,2.0030703511560666e-05,5.506017822097257e-06
2715,1.9251604490875408e-05,5.1709189971747735e-06
2716,1.8139218112337633e-05,4.507035848933223e-06
2717,1.6912314878560404e-05,3.964723206793277e-06
2718,1.5797939444782686e-05,3.3124378652819598e-06
2719,1.4796049569170893e-05,2.777136050191577e-06
2720,1.3675282199651936e-05,1.9090488298641835e-06
2721,1.2444099718668644e-05,1.157857494431066e-06
2722,1.0875888262753158e-05,3.052744933461495e-07
2723,9.419993950395855e-06,-6.441747104093663e-07
2724,7.858291215535486e-06,-1.4678845534630455e-06
2725,6.413307245966751e-06,-2.1659021211646105e-06
2726,5.084998345632103e-06,-2.73827446354761e-06
2727,3.873320851243107e-06,-3.185048595369335e-06
2728,2.7782311322435463e-06,-3.506271496150514e-06
2729,1.7996855907724391e-06,-3.701990110215127e-06
2730,9.376406616275051e-07,-3.772251346729941e-06
2731,1.920528122278139e-07,-3.934626578440823e-06
2732,-6.545663351457587e-07,-4.184608968055311e-06
2733,-1.5977082967146351e-06,-4.517695035050496e-06
2734,-2.632867945450456e-06,-4.712098841412956e-06
2735,-3.768341168253156e-06,-5.215082503203635e-06
2736,-4.77863957943876e-06,-5.579487203975103e-06
2737,-5.8808574860048815e-06,-6.022412239091472e-06
2738,-7.070498168951192e-06,-6.552139959667265e-06
2739,-8.126179092258823e-06,-6.943443438060797e-06
2740,-9.264760131348993e-06,-7.4131842108818914e-06
2741,-1.0481752924508776e-05,-7.740144673070723e-06
2742,-1.1556020579758032e-05,-7.924377937923694e-06
2743,-1.248761616777189e-05,-8.195244913476903e-06
2744,-1.3276592719712835e-05,-8.557165927894828e-06
2745,-1.4152137671910597e-05,-8.785423587211039e-06
2746,-1.5335004372393718e-05,-8.880067545585729e-06
2747,-1.6596117369389064e-05,-9.057404939693302e-06
2748,-1.771482283392482e-05,-9.096780295292647e-06
2749,-1.8907273784644336e-05,-9.214344986972627e-06
2750,-1.9952978590682437e-05,-9.189605741027243e-06
2751,-2.108060749819e-05,-9.251231161978531e-06
2752,-2.20660398635845e-05,-9.175098965826185e-06
2753,-2.29093283648978e-05,-8.961260191393709e-06
2754,-2.361052564108758e-05,-8.609765839638444e-06
2755,-2.4385313840516347e-05,-8.336296422129607e-06
2756,-2.52292328915512e-05,-8.36457570079561e-06
2757,-2.6365925603381565e-05,-8.466392436285047e-06
2758,-2.7351874906288523e-05,-8.421894870705971e-06
2759,-2.818713651457268e-05,-8.231137086379569e-06
2760,-2.908700501650469e-05,-8.12201545870703e-06
2761,-3.0047031869328715e-05,-8.086328721769652e-06
2762,-3.084768875036853e-05,-8.132214813789233e-06
2763,-3.148903446956497e-05,-8.036479351030182e-06
2764,-3.2186055219587935e-05,-8.014102013696349e-06
2765,-3.271946259772361e-05,-7.84578789139819e-06
2766,-3.3089316910263935e-05,-7.531590787536738e-06
2767,-3.329567841900561e-05,-7.071564465797121e-06
2768,-3.3553224178705305e-05,-6.6929217978915616e-06
2769,-3.385752365466466e-05,-6.172970411242336e-06
2770,-3.39896876879169e-05,-5.738751320087293e-06
2771,-3.416416408818586e-05,-5.167737366978044e-06
2772,-3.437653045604363e-05,-4.901105113339875e-06
2773,-3.46348720096123e-05,-4.724512739512583e-06
2774,-3.494357537109091e-05,-4.415681260049975e-06
2775,-3.50804592333689e-05,-4.201223988226632e-06
2776,-3.5272066736686155e-05,-4.085506588077243e-06
2777,-3.573669776093998e-05,-3.846496079658291e-06
2778,-3.6247941135546374e-05,-3.6980820108905653e-06
2779,-3.6813843318823426e-05,-3.42206830269381e-06
2780,-3.721263610744361e-05,-3.018501767756368e-06
2781,-3.744438075493282e-05,-2.92710044605229e-06
2782,-3.7722675280062834e-05,-2.921776522171811e-06
2783,-3.804311351357021e-05,-2.784649291750219e-06
2784,-3.8413714094375326e-05,-2.954955437598384e-06
2785,-3.882643038561654e-05,-2.99355469550405e-06
2786,-3.92768626639407e-05,-2.9004952755291444e-06
2787,-3.9773013589158356e-05,-2.675825352397409e-06
2788,-4.009377849918798e-05,-2.5450620410021064e-06
2789,-4.023922148841826e-05,-2.287165353592115e-06
2790,-4.064763246315816e-05,-2.115106279339685e-06
2791,-4.0880849458840543e-05,-2.024477170346255e-06
2792,-4.09389364295205e-05,-1.7981015975588482e-06
2793,-4.1259703450626084e-05,-1.6610794743506237e-06
2794,-4.1843054613290716e-05,-1.6177496902773686e-06
2795,-4.2251467121311784e-05,-1.44756463450265e-06
2796,-4.292227226920703e-05,-1.3753705027652095e-06
2797,-4.363065778196133e-05,-1.393173368776606e-06
2798,-4.415992904998083e-05,-1.2842595594005175e-06
2799,-4.451015128950719e-05,-1.4854651725185113e-06
2800,-4.489355374280797e-05,-1.5600463046183137e-06
2801,-4.509367556884636e-05,-1.5080490550765144e-06
2802,-4.511058342573108e-05,-1.3295194896595198e-06
2803,-4.538049868153574e-05,-1.0245036405601714e-06
2804,-4.5467333034453446e-05,-5.930475064343195e-07
2805,-4.580699086187735e-05,-2.4698293690867753e-07
2806,-4.639938024986569e-05,1.8073591203682908e-08
2807,-4.7032774365337206e-05,1.9425096493654724e-07
2808,-4.748770385074575e-05,5.010358903979891e-07
2809,-4.7987954603975796e-05,5.031755031243679e-07
2810,-4.831421773592427e-05,6.358279897154848e-07
2811,-4.846655632272703e-05,8.989460109693148e-07
2812,-4.865629207396272e-05,1.081223582857129e-06
2813,-4.889127764549607e-05,1.1748237636926596e-06
2814,-4.8952527522940296e-05,1.3987477706819792e-06
2815,-4.884010459980765e-05,1.7529484017850112e-06
2816,-4.8777216277083025e-05,2.014233936154803e-06
2817,-4.87560010873267e-05,2.401365218225826e-06
2818,-4.8772110275613856e-05,2.9142967144334047e-06
2819,-4.8821198225625874e-05,3.552982924205393e-06
2820,-4.86882630924454e-05,3.88390261683076e-06
2821,-4.880668982233629e-05,4.1299015342297415e-06
2822,-4.8965877496382275e-05,4.283195137381697e-06
2823,-4.8947566278550206e-05,4.339491067585239e-06
2824,-4.9184670402432524e-05,4.3066282881187935e-06
2825,-4.9244403576624544e-05,4.399248213580816e-06
2826,-4.912682975370252e-05,4.617305572906677e-06
2827,-4.8832012840093554e-05,4.750617382447167e-06
2828,-4.8360016696125674e-05,5.013595694918108e-06
2829,-4.7710905136077637e-05,5.196204598048017e-06
2830,-4.688474192822891e-05,5.512702991291852e-06
2831,-4.588159079490946e-05,5.741123730887605e-06
2832,-4.4923353116085434e-05,5.877186665484984e-06
2833,-4.4224015703436024e-05,5.706922021779042e-06
2834,-4.3783485391343205e-05,5.45211541437952e-06
2835,-4.338007470984495e-05,4.895510093821116e-06
2836,-4.2799993727835473e-05,4.468198803450832e-06
2837,-4.2474135381134736e-05,3.948702638208485e-06
2838,-4.2402408315694344e-05,3.5541036923273188e-06
2839,-4.215420095869257e-05,3.284357116471296e-06
2840,-4.1950766624066064e-05,2.709052244181182e-06
2841,-4.1796387184473255e-05,2.258510238977435e-06
2842,-4.1474312780411797e-05,1.9326863480306263e-06
2843,-4.0984603511391245e-05,1.7315358506581735e-06
2844,-4.0327319433810934e-05,1.4461324106315188e-06
2845,-3.9502520561006683e-05,1.2896062709963206e-06
2846,-3.873097356615965e-05,1.261911272462375e-06
2847,-3.801694811711418e-05,1.1423749306135496e-06
2848,-3.714416476017475e-05,9.387006833870038e-07
2849,-3.633314611838767e-05,6.432535514373422e-07
2850,-3.5367768576380275e-05,4.7216786098424005e-07
2851,-3.4248087302391554e-05,2.1703036202911368e-07
2852,-3.297415742519175e-05,-1.1784778705187156e-07
2853,-3.154603403412497e-05,-3.1993578665685267e-07
2854,-2.996377217915178e-05,-3.8928105860866504e-07
2855,-2.8655489421536866e-05,-5.459166917508812e-07
2856,-2.7621087958999962e-05,-7.940865513260525e-07
2857,-2.665253887054709e-05,-1.3459626698778341e-06
2858,-2.5742202653834565e-05,-1.7738318877556572e-06
2859,-2.4678002344237783e-05,-2.0777384166656743e-06
2860,-2.367957993282126e-05,-2.4654395157492163e-06
2861,-2.2958819870288413e-05,-3.1521455510209967e-06
2862,-2.208862715828366e-05,-3.7107539391498325e-06
2863,-2.106905497853725e-05,-4.141310282276851e-06
2864,-2.011942586926962e-05,-4.663129544414168e-06
2865,-1.9232136786523014e-05,-5.061250534781578e-06
2866,-1.840290568808423e-05,-5.335717245112082e-06
2867,-1.76274535696249e-05,-5.486573635809548e-06
2868,-1.7120456992561908e-05,-5.513863635981926e-06
2869,-1.6674759079863057e-05,-5.417631143475004e-06
2870,-1.62827867607809e-05,-5.404909364954572e-06
2871,-1.5952066867734385e-05,-5.264499096363164e-06
2872,-1.5686828453031347e-05,-5.215082230936377e-06
2873,-1.5272739837732007e-05,-5.042318057658491e-06
2874,-1.4709853789690795e-05,-4.746250318698236e-06
2875,-1.3998223039315919e-05,-4.3269227251615345e-06
2876,-1.313790027960914e-05,-3.78437895712489e-06
2877,-1.2553666808757763e-05,-3.1186626636683095e-06
2878,-1.2039010873619677e-05,-2.5479818279412178e-06
2879,-1.158640454580939e-05,-1.8584572539041623e-06
2880,-1.1191587047138248e-05,-1.2564016268398773e-06
2881,-1.0644101577114843e-05,-7.49276688356207e-07
2882,-1.0161852786630325e-05,-3.4128468857182195e-07
2883,-9.749051920040364e-06,-2.4908492654843933e-08
2884,-9.192213068888599e-06,1.9240745129047998e-07
2885,-8.914916254421637e-06,3.181696685039933e-07
2886,-8.71122096400511e-06,5.624821199527957e-07
2887,-8.36786971244478e-06,9.253029550080954e-07
2888,-7.88491176820169e-06,1.4065903526274957e-06
2889,-7.468024404379924e-06,2.006302521323625e-06
2890,-7.124629550745336e-06,2.5071716754550284e-06
2891,-6.641775508957041e-06,2.9050102389177325e-06
2892,-6.019511408641776e-06,3.4127039978655537e-06
2893,-5.474879042972835e-06,4.030214247535265e-06
2894,-5.0120690297986666e-06,4.757502310476262e-06
2895,-4.418431617177575e-06,5.594529536521303e-06
2896,-3.910772707205629e-06,6.541257302757671e-06
2897,-3.4932755763177856e-06,7.380964637359363e-06
2898,-2.9535156312850713e-06,8.32608204973195e-06
2899,-2.2915358472902465e-06,9.16004492900306e-06
2900,-1.7238293857188314e-06,1.0095133442892321e-05
2901,-1.0381978116902311e-06,1.1131312056517868e-05
2902,-2.346825346796729e-07,1.2268545260010866e-05
2903,4.7045651124196416e-07,1.3506797568489286e-05
2904,1.289192083754443e-06,1.4846033522031532e-05
2905,2.0054199454228716e-06,1.607015329846252e-05
2906,2.6149757729810405e-06,1.7174996986686918e-05
2907,3.329608596426947e-06,1.837231802578841e-05
2908,4.149281587169638e-06,1.966208399317921e-05
2909,5.073957942472368e-06,2.0828505776316026e-05
2910,6.10360088542556e-06,2.2083112082463612e-05
2911,7.03409966768776e-06,2.3221798025857605e-05
2912,7.858157817208198e-06,2.4237272992931194e-05
2913,8.787072467759828e-06,2.5340839971853006e-05
2914,9.820806945344259e-06,2.6532468138935876e-05
2915,1.075553063735231e-05,2.78121266921038e-05
2916,1.1595463747306715e-05,2.897606077475823e-05
2917,1.2333333787574983e-05,3.0232149182263227e-05
2918,1.2964993684942184e-05,3.158035971845725e-05
2919,1.3486299254929984e-05,3.302066020971536e-05
2920,1.4108024307312466e-05,3.433810339639351e-05
2921,1.4615294878215451e-05,3.5528553773177016e-05
2922,1.5218736771181681e-05,3.680264150692051e-05
2923,1.5918316449398057e-05,3.816033742108802e-05
2924,1.6499389703282572e-05,3.9387001663343475e-05
2925,1.717235999068282e-05,4.048994481295189e-05
2926,1.7734167473978062e-05,4.147338100190655e-05
2927,1.839197891699882e-05,4.233009694026591e-05
2928,1.9145760899705602e-05,4.327027565703367e-05
2929,1.9995480025364697e-05,4.4079656706165e-05
2930,2.0738352270031962e-05,4.4765525288413714e-05
2931,2.1581260081306042e-05,4.5534769632904934e-05
2932,2.2524168687572093e-05,4.638736074554219e-05
2933,2.3150571161696596e-05,4.7109340741011814e-05
2934,2.3663051622167255e-05,4.769659542265967e-05
2935,2.4057491515131445e-05,4.814501344380175e-05
2936,2.4543477750182977e-05,4.8664188916210644e-05
2937,2.4907351270975534e-05,4.925409726521036e-05
2938,2.5145000632242845e-05,4.991471393323636e-05
2939,2.5465794022581735e-05,5.0646014379818024e-05
2940,2.5667641586997407e-05,5.10325114372792e-05
2941,2.595672628111587e-05,5.148964332956795e-05
2942,2.6333017877739152e-05,5.201738556726828e-05
2943,2.6594631122764425e-05,5.241385863009641e-05
2944,2.6947537323482005e-05,5.247015159328244e-05
2945,2.7391704883871465e-05,5.239940866949512e-05
2946,2.792710222982032e-05,5.240746555333571e-05
2947,2.8553697809101005e-05,5.229271391322253e-05
2948,2.927146009134818e-05,5.204804611611976e-05
2949,2.98789132120034e-05,5.1882096476174796e-05
2950,3.0380231839752393e-05,5.1593461716043036e-05
2951,3.098089559706353e-05,5.097374107498214e-05
2952,3.14796305549989e-05,5.0224288409444986e-05
2953,3.208177567536702e-05,4.955344535311287e-05
2954,3.2586191902676986e-05,4.896118477348908e-05
2955,3.298579730812676e-05,4.844747955684568e-05
2956,3.307553261215504e-05,4.7811335285491035e-05
2957,3.32685357216483e-05,4.7045688296338884e-05
2958,3.3352713471700816e-05,4.635851552541236e-05
2959,3.333519935250231e-05,4.554902636296815e-05
2960,3.342084648594869e-05,4.461017171192185e-05
2961,3.3397784140846384e-05,4.333724710178733e-05
2962,3.3273131107377665e-05,4.194212860149992e-05
2963,3.3251532993433565e-05,4.042897634475321e-05
2964,3.3332954375572235e-05,3.880194761193678e-05
2965,3.330582037618352e-05,3.726555413692822e-05
2966,3.316605434002152e-05,3.5819764777306103e-05
2967,3.2709360158183335e-05,3.446454841208658e-05
2968,3.213600135952036e-05,3.31998739417015e-05
2969,3.165315279826772e-05,3.20257102879761e-05
2970,3.0849592473537e-05,3.0530835449228353e-05
2971,2.9936527700201518e-05,2.912640941740583e-05
2972,2.9117986869544115e-05,2.7812401178268395e-05
2973,2.8393937584991268e-05,2.6388961573411684e-05
2974,2.7564596495095893e-05,2.5059981715623187e-05
2975,2.6833784741320986e-05,2.3825429252003516e-05
2976,2.620146859219884e-05,2.2685271851850483e-05
2977,2.545695719442797e-05,2.163947720663657e-05
2978,2.480677577479983e-05,2.0688013029985578e-05
2979,2.4040381265269922e-05,1.983084705765034e-05
2980,2.3153719081642657e-05,1.8857509337051816e-05
2981,2.2153820150729644e-05,1.797431131848174e-05
2982,2.1044814620567688e-05,1.6982007107119544e-05
2983,1.983082982477758e-05,1.5674505303440467e-05
2984,1.8715071855794504e-05,1.446114087611508e-05
2985,1.7487434188767548e-05,1.3131808692602346e-05
2986,1.6353869251472408e-05,1.189246257204062e-05
2987,1.531434495620404e-05,1.0743071817141557e-05
2988,1.4368829237181485e-05,9.683605751595575e-06
2989,1.3108759362627932e-05,8.51528517339922e-06
2990,1.1743952003284936e-05,7.440909588027707e-06
2991,1.0477137440407831e-05,6.460446994681201e-06
2992,9.308282309222958e-06,5.573865414395457e-06
2993,8.237353267710074e-06,4.781132890018864e-06
2994,7.0659003613286466e-06,3.8838008509397885e-06
2995,5.9963815949140415e-06,3.0843286849839937e-06
2996,5.028762311972042e-06,2.382683117709985e-06
2997,4.163007879606827e-06,1.778830897337518e-06
2998,3.399083688496405e-06,1.272738794724529e-06
2999,2.7369551528686714e-06,8.643736033440222e-07
3000,2.176587710477222e-06,5.537021392608063e-07
3001,1.717946822577467e-06,3.406912411084687e-07
3002,1.3609979739025804e-06,2.2530777006612488e-07
3003,1.105706672639357e-06,2.075186098356116e-07
3004,9.520384504043864e-07,2.8729066661838763e-07
3005,7.02268544103387e-07,4.6459086909248036e-07
3006,3.604878064255621e-07,7.39386168389674e-07
3007,1.2834315638599303e-07,1.1116435380725397e-06
3008,5.797476271731596e-09,1.3838368205407746e-06
3009,-2.0461384588900303e-07,1.5600540631254805e-06
3010,-3.01446332812729e-07,1.8417424816869824e-06
3011,-4.929350996747027e-07,2.0206696977787897e-06
3012,-5.749730380414535e-07,2.3009455547168513e-06
3013,-5.475971401715708e-07,2.6825357932808866e-06
3014,-4.108443732878401e-07,3.165406177443834e-06
3015,-3.7266269368911226e-07,3.5524878655119715e-06
3016,-4.3706346824055466e-07,3.640018110881536e-06
3017,-4.002868989154915e-07,3.8327704744474665e-06
3018,-2.623671288909399e-07,4.130709450431407e-06
3019,-2.3338278269093764e-08,4.533799557047622e-06
3020,3.167655558993188e-07,5.042005336478542e-06
3021,5.612670007035907e-07,5.655291354850554e-06
3022,9.108129664924524e-07,6.373622202209716e-06
3023,1.365368067621613e-06,7.196962492497322e-06
3024,1.9248969423171686e-06,8.12527686352584e-06
3025,2.5893642526515717e-06,8.951329769754465e-06
3026,2.955286914732522e-06,9.474806173146812e-06
3027,3.22982396422598e-06,1.0099119983115136e-05
3028,3.613223185294086e-06,1.08242372855639e-05
3029,4.105447982903349e-06,1.1650124189240528e-05
3030,4.303555953542833e-06,1.2173840992601984e-05
3031,4.414421935384819e-06,1.2602265233977438e-05
3032,4.4420981764631326e-06,1.3135381742973834e-05
3033,4.379864442048719e-06,1.357729008699524e-05
3034,4.4302952607458234e-06,1.4127841855998036e-05
3035,4.593352838022635e-06,1.478700060176334e-05
3036,4.868999404732889e-06,1.555472990055702e-05
3037,5.257197217090487e-06,1.6430993353105095e-05
3038,5.7579085566435024e-06,1.7415754584569103e-05
3039,6.3710957302491245e-06,1.8508977244521216e-05
3040,6.695163728491815e-06,1.9309067665364032e-05
3041,6.936282306992063e-06,2.0022196943639672e-05
3042,7.293774549319886e-06,2.0847689502944468e-05
3043,7.561668596034662e-06,2.157957482296975e-05
3044,7.9418505393509e-06,2.2213877356566154e-05
3045,8.434282837244464e-06,2.274662420952729e-05
3046,9.03892797282262e-06,2.3184539005998448e-05
3047,9.755748454298554e-06,2.3520968195006608e-05
3048,1.0584706814966225e-05,2.3957527807212515e-05
3049,1.1125414217340797e-05,2.4299346945961187e-05
3050,1.1377966865842299e-05,2.4345011793079288e-05
3051,1.1742545291781998e-05,2.428933088937819e-05
3052,1.201380704497412e-05,2.4333646931694588e-05
3053,1.2198441760535034e-05,2.4283344385945804e-05
3054,1.2289824219706358e-05,2.433696677421626e-05
3055,1.2294635150384687e-05,2.4494479461498224e-05
3056,1.2206258152166483e-05,2.455082056727155e-05
3057,1.2031365063508434e-05,2.4512664583691517e-05
3058,1.1773972897068738e-05,2.4578295206071753e-05
3059,1.1233276596727136e-05,2.4348657966142834e-05
3060,1.0614120607753465e-05,2.4222738342805884e-05
3061,1.011458890740076e-05,2.3995820783452702e-05
3062,9.336019521387089e-06,2.346994567193684e-05
3063,8.676994994996691e-06,2.2839159264282348e-05
3064,7.943591998727534e-06,2.1905632498842815e-05
3065,7.139814202979767e-06,2.0873870829040478e-05
3066,6.4634197696897405e-06,1.9941641650362937e-05
3067,5.516405319450806e-06,1.8915217951404745e-05
3068,4.503058958087794e-06,1.7992236825816722e-05
3069,3.6209441356824426e-06,1.697909621564677e-05
3070,2.6659565416084854e-06,1.5869242274211655e-05
3071,1.4407075823692433e-06,1.4862728104384657e-05
3072,1.4921029624939904e-07,1.3766140747430519e-05
3073,-1.0112291360030237e-06,1.2572939365976297e-05
3074,-2.2444404501927864e-06,1.1482975158529182e-05
3075,-3.543837576969437e-06,1.0496213947238814e-05
3076,-4.712306848257332e-06,9.61262157691252e-06
3077,-5.942956043724093e-06,8.83216391499307e-06
3078,-7.0388009372024194e-06,8.154806851535783e-06
3079,-7.999886078637895e-06,7.580516299186106e-06
3080,-8.826255988507235e-06,7.109258193157269e-06
3081,-9.721262976049612e-06,6.7409984912076205e-06
3082,-1.068884104359619e-05,6.272463533759112e-06
3083,-1.1732921601098171e-05,5.69973104153258e-06
3084,-1.2654330048426173e-05,5.221984739314563e-06
3085,-1.3645670678123485e-05,4.6466294532100715e-06
3086,-1.4510467524754647e-05,4.1701502612998075e-06
3087,-1.5248762301578017e-05,3.7925145569738443e-06
3088,-1.586059669432752e-05,3.5136897551555175e-06
3089,-1.654877603004576e-05,3.1308796234740867e-06
3090,-1.7317221433782244e-05,2.842867980442498e-06
3091,-1.796722336720042e-05,2.457433565451415e-06
3092,-1.8498820812904334e-05,2.1706799977175068e-06
3093,-1.8912052727813128e-05,1.7905090361005348e-06
3094,-1.9409383095310567e-05,1.1184674421826493e-06
3095,-1.9792366598107715e-05,5.489502952092331e-07
3096,-2.006104082296995e-05,8.192388807618507e-08
3097,-2.0407261028388462e-05,-4.7446316059134785e-07
3098,-2.0827065813458367e-05,-1.1162455753142565e-06
3099,-2.1124802470972105e-05,-1.647766776850113e-06
3100,-2.1300511068808427e-05,-2.0690629635802995e-06
3101,-2.1354231648518282e-05,-2.3801703100928053e-06
3102,-2.1477512737903938e-05,-2.772633479759553e-06
3103,-2.1474955237332557e-05,-3.051049511046667e-06
3104,-2.1346600396105803e-05,-3.2154557938821526e-06
3105,-2.129417349837656e-05,-3.457213173827155e-06
3106,-2.1512837177620278e-05,-3.5811087927361644e-06
3107,-2.1609752399043062e-05,-3.778381574807937e-06
3108,-2.1776097825806473e-05,-4.2465673390815866e-06
3109,-2.201826756991735e-05,-4.9855774098908295e-06
3110,-2.2138808283839345e-05,-5.602958244968283e-06
3111,-2.2137759747537067e-05,-6.098749624546936e-06
3112,-2.2015161714930433e-05,-6.472991302815043e-06
3113,-2.1771053913921e-05,-6.91655481197014e-06
3114,-2.1596246568555918e-05,-7.234731580309614e-06
3115,-2.129609364015138e-05,-7.62857768779358e-06
3116,-2.0870636055237653e-05,-8.101981259615215e-06
3117,-2.0319914713596195e-05,-8.45794601576424e-06
3118,-1.9643970488286306e-05,-8.696510280005573e-06
3119,-1.8842844225671203e-05,-8.817712351067868e-06
3120,-1.8106980401194374e-05,-8.821590502668321e-06
3121,-1.763306714567202e-05,-8.898525632028148e-06
3122,-1.703018789036264e-05,-8.854307040216789e-06
3123,-1.648860539710131e-05,-8.87919494797042e-06
3124,-1.5814237164384236e-05,-8.779104314338541e-06
3125,-1.5007126417180915e-05,-8.554075826494199e-06
3126,-1.4267600756151347e-05,-8.404434548949797e-06
3127,-1.3599537045817564e-05,-8.133836573847522e-06
3128,-1.2806657517659445e-05,-7.742321242381293e-06
3129,-1.1889002752775082e-05,-7.229927870130524e-06
3130,-1.1236428645213673e-05,-6.986511086447051e-06
3131,-1.0659114327830222e-05,-6.822248760308476e-06
3132,-1.0160927892228545e-05,-6.541119657575952e-06
3133,-9.545912764063204e-06,-6.342983887575494e-06
3134,-8.814106869537275e-06,-6.031948231863073e-06
3135,-7.965548110206874e-06,-5.608049331390323e-06
3136,-7.000274363005093e-06,-5.2607560118294344e-06
3137,-5.918323480266068e-06,-4.796785358288494e-06
3138,-4.719733289749073e-06,-4.4054866729522085e-06
3139,-3.4045415946623832e-06,-3.893701501406242e-06
3140,-2.361339108766208e-06,-3.650021814454076e-06
3141,-1.590037729684611e-06,-3.674360765949985e-06
3142,-7.022479771502307e-07,-3.5783301310444826e-06
3143,1.1298213291092945e-07,-3.550979180269824e-06
3144,8.595535451952239e-07,-3.3994580299959565e-06
3145,1.7302547982902228e-06,-3.1238068425131517e-06
3146,2.7250457561617068e-06,-2.923035092934374e-06
3147,3.8438863087520726e-06,-2.602088239574759e-06
3148,4.898026268416124e-06,-2.349715220109271e-06
3149,5.8812343657395594e-06,-2.172146054787915e-06
3150,6.789663552831391e-06,-2.0732265431426875e-06
3151,7.629582091194653e-06,-1.8581567394478426e-06
3152,8.59335019250956e-06,-1.5269741305859468e-06
3153,9.482414765275256e-06,-1.4666401645233203e-06
3154,1.0491383064832196e-05,-1.4786193412987975e-06
3155,1.142183325535154e-05,-1.559024603842165e-06
3156,1.2468246416384047e-05,-1.5157396455893197e-06
3157,1.3244159667105416e-05,-1.7352298337684739e-06
3158,1.3749660147058839e-05,-2.019221957048042e-06
3159,1.4172887932922836e-05,-2.3739072413509717e-06
3160,1.4510011980646233e-05,-2.6050614313488643e-06
3161,1.4955198025072475e-05,-2.712724276805779e-06
3162,1.5122607067739045e-05,-3.0827397326173945e-06
3163,1.5398008658010988e-05,-3.3293432026690923e-06
3164,1.5395811796648066e-05,-3.650374818970871e-06
3165,1.5303802199284504e-05,-4.049661999431399e-06
3166,1.5315830041433242e-05,-4.520995486058389e-06
3167,1.523425492251823e-05,-5.070532276831346e-06
3168,1.505525925155223e-05,-5.504552329696821e-06
3169,1.4785046508269558e-05,-6.208030505919595e-06
3170,1.4614891578067442e-05,-6.796066014803815e-06
3171,1.4347412762558479e-05,-7.2686958876964605e-06
3172,1.3791516264613066e-05,-7.823242485700362e-06
3173,1.3331738953337432e-05,-8.26629988016104e-06
3174,1.2968050016525993e-05,-8.785068075729637e-06
3175,1.2316220457025714e-05,-9.188578460142665e-06
3176,1.1760417769800361e-05,-9.476867946159814e-06
3177,1.1103646428991096e-05,-9.649973422875687e-06
3178,1.0539004172783465e-05,-9.707931755742385e-06
3179,1.006646151317797e-05,-9.837649684655194e-06
3180,9.685988981075654e-06,-9.848460216212783e-06
3181,9.397557126260207e-06,-9.740401369177721e-06
3182,9.01444280086752e-06,-9.700204854491753e-06
3183,8.727140552518508e-06,-9.724019745277801e-06
3184,8.535619765775834e-06,-9.621421124145014e-06
3185,8.243395839584813e-06,-9.588903359832178e-06
3186,8.043065684307601e-06,-9.433879303435815e-06
3187,7.934599962562431e-06,-9.156388047576395e-06
3188,7.731627007561261e-06,-8.942811008066781e-06
3189,7.624282792306672e-06,-8.789305870036525e-06
3190,7.612536818533829e-06,-8.505807245417942e-06
3191,7.510191447961688e-06,-8.474596383762379e-06
3192,7.507202656513793e-06,-8.313474798521107e-06
3193,7.6035387895231234e-06,-8.218429742231982e-06
3194,7.799168212515427e-06,-8.193256015895615e-06
3195,8.094059311189673e-06,-8.045926749961132e-06
3196,8.48818049139883e-06,-7.77648081341579e-06
3197,8.599989609176103e-06,-7.766467620445942e-06
3198,8.429576443621521e-06,-8.015804657554468e-06
3199,8.358298820068193e-06,-8.14314136039903e-06
3200,8.386125224637336e-06,-8.14851649924172e-06
3201,8.513024163508123e-06,-8.031968819683122e-06
3202,8.543586791505752e-06,-7.988914414079116e-06
3203,8.669353131446749e-06,-7.827820502199417e-06
3204,8.890292955812215e-06,-7.5487245495593994e-06
3205,9.206376056300245e-06,-7.346852598856921e-06
3206,9.422446485256572e-06,-7.03085574541541e-06
3207,9.544560401431562e-06,-6.981071491479704e-06
3208,9.566726949337926e-06,-7.012234826881274e-06
3209,9.680117523478068e-06,-7.128117843604257e-06
3210,9.884703212953987e-06,-7.137615454755839e-06
3211,1.0180455125215275e-05,-7.2257689577842435e-06
3212,1.0382394384192338e-05,-7.38875930299511e-06
3213,1.0679236062526886e-05,-7.632564407300177e-06
3214,1.0876325651816235e-05,-7.76632597686059e-06
3215,1.1164466136679049e-05,-7.79007882107603e-06
3216,1.1543628715965963e-05,-7.703857727303409e-06
3217,1.1829122062182783e-05,-7.6923600054664e-06
3218,1.2209367895952663e-05,-7.567169913596071e-06
3219,1.2684336275872566e-05,-7.328323367978328e-06
3220,1.2875256586494552e-05,-7.160346760926044e-06
3221,1.2966651722164726e-05,-7.0691890609231e-06
3222,1.3148896646533585e-05,-6.864482460507548e-06
3223,1.322789909100097e-05,-6.740326379959426e-06
3224,1.3209651668800624e-05,-6.50647375088202e-06
3225,1.3097963659920562e-05,-6.347163630295755e-06
3226,1.2896641946921967e-05,-6.258595084147913e-06
3227,1.2609491017201153e-05,-6.236969569807759e-06
3228,1.2424346238464808e-05,-6.094457660595082e-06
3229,1.2157199203544548e-05,-5.831097421643634e-06
3230,1.1802138148692215e-05,-5.6405564806970365e-06
3231,1.15489869807174e-05,-5.5168780722207145e-06
3232,1.1397713632421698e-05,-5.272465326959719e-06
3233,1.1164537400470358e-05,-5.091104870631559e-06
3234,1.10369438262204e-05,-4.785317080543483e-06
3235,1.1014899720059724e-05,-4.355141061257138e-06
3236,1.1098371913262632e-05,-3.993875014567355e-06
3237,1.1287327257969835e-05,-3.6955857768901167e-06
3238,1.158173262716901e-05,-3.466161366449664e-06
3239,1.1981554914674754e-05,-3.116267787602771e-06
3240,1.2293748103242854e-05,-3.0223074434112877e-06
3241,1.2514579989061834e-05,-3.0009049368770455e-06
3242,1.2833210777336073e-05,-3.0461445102640695e-06
3243,1.2873599042822552e-05,-3.347076624189295e-06
3244,1.2818957581129845e-05,-3.71085376035669e-06
3245,1.2858267247556307e-05,-4.133701230057698e-06
3246,1.2808485849383406e-05,-4.428833949403151e-06
3247,1.2856350315376912e-05,-4.596291903771989e-06
3248,1.262640758008999e-05,-4.828637482350849e-06
3249,1.2494049639133688e-05,-4.937139379252888e-06
3250,1.2459245957571029e-05,-4.921836332933686e-06
3251,1.2329626887236283e-05,-4.782767057596159e-06
3252,1.2293753389399856e-05,-4.519970243213251e-06
3253,1.2168977217902653e-05,-4.508320622211625e-06
3254,1.2141633414165592e-05,-4.565176897060128e-06
3255,1.2211691538648669e-05,-4.694260947634284e-06
3256,1.2196670493351891e-05,-4.707257920802834e-06
3257,1.1908364200666907e-05,-4.978572296277874e-06
3258,1.1346857942006209e-05,-5.325784781404543e-06
3259,1.0886371715799722e-05,-5.560758274202618e-06
3260,1.0526874012774397e-05,-5.683527778137058e-06
3261,1.0268333343333163e-05,-5.694128274821294e-06
3262,9.919048216644423e-06,-5.784264744929889e-06
3263,9.484863082451497e-06,-5.948096226390806e-06
3264,8.95999182309952e-06,-5.999863458245454e-06
3265,8.532219365710102e-06,-5.939601334975976e-06
3266,8.20151547892268e-06,-6.140664630736394e-06
3267,7.967849950221463e-06,-6.411604604481322e-06
3268,7.831192585917911e-06,-6.566890616709393e-06
3269,7.600266569902207e-06,-6.979530390971212e-06
3270,7.462561655286097e-06,-7.2765880570320095e-06
3271,7.418048861362467e-06,-7.4580995359961085e-06
3272,7.275633460627143e-06,-7.52410072662224e-06
3273,7.041125982341245e-06,-7.474627505344713e-06
3274,6.899723846391304e-06,-7.500661096823401e-06
3275,6.660512913801909e-06,-7.41501291854838e-06
3276,6.510629720933029e-06,-7.21771762708022e-06
3277,6.268765068529016e-06,-7.090091336225964e-06
3278,6.1198902866669e-06,-6.84716962617739e-06
3279,5.882805630769832e-06,-6.86080419502072e-06
3280,5.742368442685014e-06,-6.759214753290252e-06
3281,5.698548771675904e-06,-6.542436999708477e-06
3282,5.3798460753887586e-06,-6.581977221059757e-06
3283,4.976750936075634e-06,-6.877756044415501e-06
3284,4.673894287482653e-06,-7.239348478318135e-06
3285,4.471245106343186e-06,-7.482185551570479e-06
3286,4.368772388612732e-06,-7.606303998526927e-06
3287,4.366445149450876e-06,-7.792470499140649e-06
3288,4.274125583159274e-06,-8.046392536995976e-06
3289,4.27818470472224e-06,-8.371753187406251e-06
3290,4.378592729891009e-06,-8.762810771677861e-06
3291,4.3853917806349205e-06,-9.405771366657767e-06
3292,4.484778770324303e-06,-9.930233101485598e-06
3293,4.676725110915727e-06,-1.051663322184595e-05
3294,4.961202232039295e-06,-1.0980908386629209e-05
3295,5.338181580982021e-06,-1.1323096266096047e-05
3296,5.807634622671573e-06,-1.1543234507251379e-05
3297,5.999779373392543e-06,-1.1830932396693508e-05
3298,5.914701299127051e-06,-1.2369990042688537e-05
3299,5.741938956635431e-06,-1.2970876846762396e-05
3300,5.665228847484098e-06,-1.3629882262539884e-05
3301,5.684541388992504e-06,-1.4343298025124534e-05
3302,5.799847016720866e-06,-1.5107418148995626e-05
3303,6.011116184453319e-06,-1.5738684428196268e-05
3304,6.1385193018504814e-06,-1.641693778694657e-05
3305,6.185767988464085e-06,-1.6958732272722977e-05
3306,6.156571585207113e-06,-1.754380111944966e-05
3307,6.045293565714178e-06,-1.8177791035253453e-05
3308,6.037198347552508e-06,-1.8675447778081154e-05
3309,6.132254233694281e-06,-1.9036813214232535e-05
3310,6.150955405836201e-06,-1.9441403325047116e-05
3311,6.2764242923200635e-06,-2.007427090235429e-05
3312,6.1405759985618426e-06,-2.0755980112240574e-05
3313,6.111429959464377e-06,-2.148087674031781e-05
3314,6.1889534488045975e-06,-2.206601433759918e-05
3315,6.1939103197451094e-06,-2.2690639182928477e-05
3316,6.309145640514376e-06,-2.3351065732537188e-05
3317,6.346232519721277e-06,-2.4232003798722233e-05
3318,6.489858275868376e-06,-2.4966009845284572e-05
3319,6.739990282942695e-06,-2.5553128851407812e-05
3320,6.90837835540874e-06,-2.6181623348245954e-05
3321,7.000659163905037e-06,-2.6666989326648045e-05
3322,7.1993485176174315e-06,-2.718809639197462e-05
3323,7.504413870356793e-06,-2.7562496005992878e-05
3324,7.549120404074256e-06,-2.7968951243279072e-05
3325,7.512212187091966e-06,-2.841305023544237e-05
3326,7.3900519375043186e-06,-2.8898443682951893e-05
3327,7.179004592034892e-06,-2.9428780059462137e-05
3328,7.0631884211265076e-06,-2.9998457923995628e-05
3329,6.8548813741783205e-06,-3.0425356571500622e-05
3330,6.5596925608066364e-06,-3.0709519564282026e-05
3331,6.359647790847514e-06,-3.103856722729755e-05
3332,6.076428901316373e-06,-3.122862263493084e-05
3333,5.526254918925203e-06,-3.16454245521739e-05
3334,5.074792188222344e-06,-3.210150106037259e-05
3335,4.543881867267744e-06,-3.2415059223769024e-05
3336,3.937199242456748e-06,-3.276421780707892e-05
3337,3.2584173651055647e-06,-3.315452308251535e-05
3338,2.511207053489308e-06,-3.358040875775128e-05
3339,1.6992368948769501e-06,-3.386030086457623e-05
3340,8.261732475644118e-07,-3.4359161649502785e-05
3341,7.34891043058627e-08,-3.4712117600416204e-05
3342,-5.588521353247907e-07,-3.510615341699935e-05
3343,-1.2577697525538965e-06,-3.554489992515121e-05
3344,-1.8400606390749554e-06,-3.603198574749364e-05
3345,-2.483356458260456e-06,-3.674863354033562e-05
3346,-3.193165485502609e-06,-3.7330520427509515e-05
3347,-3.96394406416422e-06,-3.777768731502124e-05
3348,-4.801193787410372e-06,-3.809017508402891e-05
3349,-5.52199360539116e-06,-3.826802459086579e-05
3350,-6.1263788391387155e-06,-3.8488607833015326e-05
3351,-6.614384788243264e-06,-3.857099908459979e-05
3352,-6.986046730872376e-06,-3.869246558802386e-05
3353,-7.427708133461959e-06,-3.885849888437038e-05
3354,-7.933847717832988e-06,-3.906358539124938e-05
3355,-8.323748951549878e-06,-3.912701626735872e-05
3356,-8.960597702846066e-06,-3.922584851764178e-05
3357,-9.844319213361183e-06,-3.954252289276687e-05
3358,-1.0797930072617448e-05,-3.971404247057394e-05
3359,-1.1639069654135558e-05,-3.9917307178835114e-05
3360,-1.2367771970315204e-05,-3.9971879373241096e-05
3361,-1.2984071012969339e-05,-3.987780399278254e-05
3362,-1.3664698970457846e-05,-3.9811824166389224e-05
3363,-1.441510661109684e-05,-3.977940159634535e-05
3364,-1.5053212780519005e-05,-3.9598466055655754e-05
3365,-1.5579051388437198e-05,-3.926906237481574e-05
3366,-1.5992656324070963e-05,-3.8976801984941084e-05
3367,-1.629406145616494e-05,-3.890172646845499e-05
3368,-1.6483300633007368e-05,-3.885831722182457e-05
3369,-1.6560407682448775e-05,-3.8852015118508726e-05
3370,-1.6525416411920474e-05,-3.870108304132326e-05
3371,-1.6378360608453022e-05,-3.858179103350944e-05
3372,-1.6295448239744864e-05,-3.8314343794262426e-05
3373,-1.6282097299919337e-05,-3.7898785938322224e-05
3374,-1.615678301682691e-05,-3.7335162053546716e-05
3375,-1.59195390961391e-05,-3.679953430269626e-05
3376,-1.5570399223218914e-05,-3.611232156911542e-05
3377,-1.547025415081698e-05,-3.563442653200898e-05
3378,-1.5258280387092495e-05,-3.518089889944769e-05
3379,-1.511934248256218e-05,-3.4757149054951656e-05
3380,-1.4872246783129157e-05,-3.4181996331622006e-05
3381,-1.4692731028332502e-05,-3.363119144840107e-05
3382,-1.4586182886822713e-05,-3.3110135045555386e-05
3383,-1.4556180079356499e-05,-3.262241780767702e-05
3384,-1.442174866701955e-05,-3.2347177736389056e-05
3385,-1.4182919995502981e-05,-3.209985770149378e-05
3386,-1.3839725391664686e-05,-3.1701407124995975e-05
3387,-1.3392196163546486e-05,-3.133625240427617e-05
3388,-1.2840363600391219e-05,-3.082365278539855e-05
3389,-1.2184258972659492e-05,-3.0163652456238785e-05
3390,-1.1599152294861035e-05,-2.971574729116017e-05
3391,-1.1081431267703986e-05,-2.9304686639283357e-05
3392,-1.0452350314487717e-05,-2.8925083803810586e-05
3393,-9.711942778353062e-06,-2.8582301776510287e-05
3394,-8.860241982459244e-06,-2.8270960305503637e-05
3395,-7.897281230002018e-06,-2.7812482551937245e-05
3396,-6.823093804231542e-06,-2.7206912518879358e-05
3397,-5.821534808342897e-06,-2.6454294183067014e-05
3398,-4.896166047445963e-06,-2.5738437597434752e-05
3399,-4.050547200709393e-06,-2.5062914211696466e-05
3400,-3.2793044488424447e-06,-2.460601669919105e-05
3401,-2.5788352567400965e-06,-2.4367679736447378e-05
3402,-1.945539237699399e-06,-2.4347838039070152e-05
3403,-1.2012488285658853e-06,-2.436293843979742e-05
3404,-5.29429540660975e-07,-2.4418307725729114e-05
3405,6.636419976678722e-08,-2.4508599820008326e-05
3406,4.0816452106695606e-07,-2.4813550721929866e-05
3407,6.793131457307753e-07,-2.4975466054417353e-05
3408,1.0577172016120642e-06,-2.4994388442265487e-05
3409,1.5433447264091522e-06,-2.48703604848525e-05
3410,1.778852926415256e-06,-2.496073560663238e-05
3411,1.9473608787764403e-06,-2.526544993539011e-05
3412,1.8694678332852436e-06,-2.542734147072725e-05
3413,1.9022390558833483e-06,-2.5629386790400718e-05
3414,1.871634762977962e-06,-2.586626839996352e-05
3415,1.7723714337990434e-06,-2.6143278299767786e-05
3416,1.7836736951400668e-06,-2.6637873894311152e-05
3417,1.9055086779974e-06,-2.7349990480757564e-05
3418,2.1378435329240224e-06,-2.7923101764289883e-05
3419,2.4806454300121014e-06,-2.8357249034388495e-05
3420,2.933881558875421e-06,-2.8652473555993186e-05
3421,3.315025721206364e-06,-2.8808816569524667e-05
3422,3.802979756995953e-06,-2.9182357823713157e-05
3423,4.397711969072975e-06,-2.959064927521663e-05
3424,4.7433633186321825e-06,-3.0038954715349857e-05
3425,5.19572955289317e-06,-3.0348543271757887e-05
3426,5.754779031061212e-06,-3.069285343746808e-05
3427,6.420480131118494e-06,-3.089497535689954e-05
3428,7.192801249807518e-06,-3.113706070836105e-05
3429,8.071710802614199e-06,-3.1240593456836874e-05
3430,8.875177041751285e-06,-3.120561462322271e-05
3431,9.608474593860668e-06,-3.1205309886695064e-05
3432,1.026637504655617e-05,-3.106302721452784e-05
3433,1.0845354234798003e-05,-3.0960644968816326e-05
3434,1.1523671900744936e-05,-3.090169676144954e-05
3435,1.1946628289867953e-05,-3.088092985794426e-05
3436,1.228719162049213e-05,-3.0903569740302813e-05
3437,1.2369001528896487e-05,-3.0964369878854985e-05
3438,1.219213446377177e-05,-3.1241341733236464e-05
3439,1.1929408732044e-05,-3.138016992048095e-05
3440,1.140461883749278e-05,-3.173504217870173e-05
3441,1.0799243096562016e-05,-3.19518522584032e-05
3442,1.011684236026782e-05,-3.203064089055095e-05
3443,9.533516597497632e-06,-3.1971448782065996e-05
3444,9.049236586019446e-06,-3.177431661584663e-05
3445,8.482789083167727e-06,-3.162046908847541e-05
3446,8.011795285603631e-06,-3.1332296450465187e-05
3447,7.455151291559969e-06,-3.090983827286362e-05
3448,6.990373184101065e-06,-3.035313410339188e-05
3449,6.617433904477725e-06,-2.966222346646581e-05
3450,6.164115277739021e-06,-2.919025060912205e-05
3451,5.8061099139292714e-06,-2.8584150218428936e-05
3452,5.371298396168989e-06,-2.802476741912744e-05
3453,5.035270493721483e-06,-2.7334862359349887e-05
3454,4.617299300972958e-06,-2.6695171266823404e-05
3455,4.294529323565476e-06,-2.5928558952545263e-05
3456,3.88634241093949e-06,-2.5215652878245544e-05
3457,3.2173996786538114e-06,-2.4731801234071865e-05
3458,2.640053095315028e-06,-2.429645412377005e-05
3459,2.154275760933154e-06,-2.408650672962757e-05
3460,1.7600407913328168e-06,-2.3749824226686034e-05
3461,1.457321318139209e-06,-2.328644379871581e-05
3462,8.942283282191266e-07,-2.3048264768201206e-05
3463,4.225971895662961e-07,-2.2683462070460337e-05
3464,4.240108107250614e-08,-2.2192072823879194e-05
3465,-4.178325186254305e-07,-2.174557984107017e-05
3466,-7.83171668333701e-07,-2.116906146606533e-05
3467,-1.0536441697947731e-06,-2.0642555959815003e-05
3468,-1.4005752150037523e-06,-2.0169558852484146e-05
3469,-1.6491852334060504e-06,-1.957367030725844e-05
3470,-1.7995030038993494e-06,-1.8854926286245656e-05
3471,-1.8515572885203673e-06,-1.8193149323807758e-05
3472,-2.1562101675927913e-06,-1.7583195619018438e-05
3473,-2.3626569905936162e-06,-1.6850494154733476e-05
3474,-2.6419280252303536e-06,-1.6166082365098595e-05
3475,-2.819546624208104e-06,-1.5535064277980226e-05
3476,-2.8955424879675045e-06,-1.4781405958926854e-05
3477,-3.0494124615764163e-06,-1.4084610385115076e-05
3478,-3.1052197257145886e-06,-1.361896578909691e-05
3479,-3.0629929081638757e-06,-1.3034287956828796e-05
3480,-2.9227606199776316e-06,-1.2501318346647106e-05
3481,-2.863806293135514e-06,-1.2025142122267589e-05
3482,-2.8810089406528336e-06,-1.160064542987716e-05
3483,-2.8002918072304977e-06,-1.1053758643193463e-05
3484,-2.7921941736981877e-06,-1.0734124091688604e-05
3485,-2.8532020523131153e-06,-1.0641675544889341e-05
3486,-2.8093905892716115e-06,-1.0426943762834975e-05
3487,-2.8311543503560976e-06,-1.0089964352474916e-05
3488,-2.7446692637689705e-06,-9.630772900010453e-06
3489,-2.549966834887281e-06,-9.049404970912706e-06
3490,-2.425857490577646e-06,-8.524675049781627e-06
3491,-2.3758074333603095e-06,-7.881327176269925e-06
3492,-2.3947274297733652e-06,-7.298069368591083e-06
3493,-2.479112711153177e-06,-6.769819401276025e-06
3494,-2.625460543162428e-06,-6.3016230900010305e-06
3495,-2.660296145066833e-06,-5.888404111572702e-06
3496,-2.583651904825118e-06,-5.3567393474759686e-06
3497,-2.395560191570179e-06,-4.876540055703781e-06
3498,-2.2658816592107704e-06,-4.44431162277479e-06
3499,-2.021340924632733e-06,-4.056561460700977e-06
3500,-1.8402244282849665e-06,-3.718320865816688e-06
3501,-1.7259904126382643e-06,-3.4330521125451336e-06
3502,-1.6820951175515135e-06,-3.204215470361821e-06
3503,-1.5338968060893987e-06,-3.0352692055352227e-06
3504,-1.450963206041845e-06,-2.92116342825605e-06
3505,-1.2603136540572664e-06,-2.866911859910817e-06
3506,-1.139918455188791e-06,-2.875968777058321e-06
3507,-1.0932278788790037e-06,-2.9432920509913085e-06
3508,-1.1151997015757855e-06,-3.0653952012113527e-06
3509,-1.2023454443544803e-06,-3.238793762163359e-06
3510,-1.3596613328167257e-06,-3.468487970498607e-06
3511,-1.5905936760168416e-06,-3.7579281440029245e-06
3512,-2.067738104552129e-06,-4.1020877162720416e-06
3513,-2.613449291486782e-06,-4.497486261335991e-06
3514,-3.2327109247212242e-06,-4.949112468971178e-06
3515,-3.7514941996582977e-06,-5.282942533569407e-06
3516,-4.16982813433299e-06,-5.676428679475375e-06
3517,-4.487741730006918e-06,-6.133014288627927e-06
3518,-4.70526397118295e-06,-6.47882636199149e-06
3519,-4.822423825619829e-06,-6.713896860379205e-06
3520,-5.0080171210342454e-06,-7.0070246028368695e-06
3521,-5.089848551681616e-06,-7.186017273224848e-06
3522,-5.067948030706987e-06,-7.596685945543888e-06
3523,-5.110968617760264e-06,-8.070340679365448e-06
3524,-5.223866330901609e-06,-8.601988597131562e-06
3525,-5.233121687173368e-06,-9.188160341795579e-06
3526,-5.138764530820657e-06,-9.833809208205291e-06
3527,-5.109256615722319e-06,-1.0533951927892083e-05
3528,-4.972745418241499e-06,-1.1285123140249865e-05
3529,-4.729261722600295e-06,-1.2083859475909243e-05
3530,-4.3788362952958664e-06,-1.2758410771469093e-05
3531,-4.0981424400743996e-06,-1.3485455284001001e-05
3532,-3.7140147361714564e-06,-1.4091832543221269e-05
3533,-3.2264829077939603e-06,-1.4577577220974851e-05
3534,-2.80367496594117e-06,-1.5110822273058783e-05
3535,-2.6185664278490375e-06,-1.5864548158669463e-05
3536,-2.3267003043793356e-06,-1.6494302827793584e-05
3537,-2.1044414270328697e-06,-1.7176456048224073e-05
3538,-1.9552096077472408e-06,-1.791443256536053e-05
3539,-1.7061910602138502e-06,-1.8703284333344748e-05
3540,-1.5335948128639766e-06,-1.954792595282086e-05
3541,-1.4408357892239732e-06,-2.0443415048624667e-05
3542,-1.431326957919949e-06,-2.138630118816424e-05
3543,-1.332452437445706e-06,-2.2205464616378938e-05
3544,-1.1442378328873632e-06,-2.306856475585941e-05
3545,-8.667087346453998e-07,-2.380457940936495e-05
3546,-4.998907184473619e-07,-2.4413544954922342e-05
3547,-2.1129155735398345e-07,-2.50629799617152e-05
3548,1.6997609792081912e-07,-2.5749442877720445e-05
3549,4.764979061298367e-07,-2.630210628794833e-05
3550,5.360535048621482e-07,-2.6896678187416884e-05
3551,6.916258919346377e-07,-2.736095477220572e-05
3552,6.003732055064968e-07,-2.7694973274188974e-05
3553,6.050824727909696e-07,-2.789877090395263e-05
3554,5.385739429570048e-07,-2.813953718788141e-05
3555,5.713963888164814e-07,-2.8413838441266865e-05
3556,5.364631259901242e-07,-2.855118461162695e-05
3557,4.2891198804828697e-07,-2.872692880736857e-05
3558,2.536424179283278e-07,-2.8944480252105627e-05
3559,1.8101045716910197e-07,-2.937416373384422e-05
3560,4.411621796547505e-08,-2.96738861042292e-05
3561,-1.5360470629571767e-07,-2.9843684404333878e-05
3562,-5.83779511469953e-07,-3.0058656487746613e-05
3563,-1.0713316794425125e-06,-3.0313924635784672e-05
3564,-1.4461471717911179e-06,-3.0439379670699246e-05
3565,-1.883167353154338e-06,-3.060996781503727e-05
3566,-2.3775179739984295e-06,-3.082081967440983e-05
3567,-2.759228121573729e-06,-3.0901969188451324e-05
3568,-3.2030878001496924e-06,-3.085345325083201e-05
3569,-3.537781251928769e-06,-3.0675308734223415e-05
3570,-3.7633395159567973e-06,-3.053397568525802e-05
3571,-4.046150210073414e-06,-3.042603605698557e-05
3572,-4.3910370560137996e-06,-3.052263036872078e-05
3573,-4.626881686446235e-06,-3.0482930653955444e-05
3574,-4.9281712029115345e-06,-3.0481431746441277e-05
3575,-5.290055260226212e-06,-3.0513291028819358e-05
3576,-5.542989915996256e-06,-3.040897228213787e-05
3577,-5.853083638724026e-06,-3.016851414128149e-05
3578,-6.216919391982645e-06,-3.0132241848980406e-05
3579,-6.465097329023134e-06,-2.9959907327776075e-05
3580,-6.597650239234334e-06,-2.982570449342868e-05
3581,-6.614610893403109e-06,-2.9558915137145575e-05
3582,-6.69006735850944e-06,-2.9333632137203143e-05
3583,-6.6533937204866405e-06,-2.9145033831573895e-05
3584,-6.8443303138345e-06,-2.9163670172431064e-05
3585,-7.0971057383732955e-06,-2.9223775523101393e-05
3586,-7.241240016094025e-06,-2.9154875665822875e-05
3587,-7.450569625385511e-06,-2.8957007098646978e-05
3588,-7.5547114207166544e-06,-2.8630206298963788e-05
3589,-7.553695150187362e-06,-2.8174509723519545e-05
3590,-7.44755054506084e-06,-2.758995380843388e-05
3591,-7.236307319777771e-06,-2.6876574969217746e-05
3592,-7.093552046558375e-06,-2.6034409600790668e-05
3593,-7.0226518019300384e-06,-2.5237001265033436e-05
3594,-7.192263751457808e-06,-2.4314265255480596e-05
3595,-7.263666077341999e-06,-2.3604890859187742e-05
3596,-7.236886501400779e-06,-2.2770259487787432e-05
3597,-7.277106859882963e-06,-2.2148869333287806e-05
3598,-7.554185771333431e-06,-2.174066022952367e-05
3599,-7.894846771038515e-06,-2.1380509692006735e-05
3600,-8.130675674638185e-06,-2.0898623743626308e-05
3601,-8.42667270576451e-06,-2.0460007367956333e-05
3602,-8.614518177776296e-06,-1.9896345635617407e-05
3603,-8.694242555195222e-06,-1.9207673765715282e-05
3604,-8.838838787099469e-06,-1.8566989459236555e-05
3605,-8.878750454622609e-06,-1.7804741046549893e-05
3606,-8.814007021785679e-06,-1.6920962738240624e-05
3607,-8.644637936013802e-06,-1.6088503269701354e-05
3608,-8.543437909239257e-06,-1.531072035721782e-05
3609,-8.51375898060251e-06,-1.4755574820245793e-05
3610,-8.386284467621648e-06,-1.4085777825867597e-05
3611,-8.161041858751876e-06,-1.330136159582322e-05
3612,-8.010627136683023e-06,-1.2574926843429662e-05
3613,-7.938386711503219e-06,-1.1909824706746791e-05
3614,-7.77519482428692e-06,-1.1136934152167858e-05
3615,-7.521077013230136e-06,-1.0256285440556721e-05
3616,-7.176058802175896e-06,-9.267908815775395e-06
3617,-6.740165700626273e-06,-8.171834504698652e-06
3618,-6.213423203754612e-06,-6.968092717228415e-06
3619,-5.760006946034807e-06,-5.820863799925012e-06
3620,-5.384607038875845e-06,-4.734842573644169e-06
3621,-5.082493587101266e-06,-3.541244362048223e-06
3622,-4.68627291239529e-06,-2.4121778439754984e-06
3623,-4.368001070895068e-06,-1.1789532595303602e-06
3624,-3.959032431268138e-06,-1.3580653351314364e-08
3625,-3.4593923888066005e-06,1.0806028379038836e-06
3626,-2.8691063245699183e-06,2.272145268722453e-06
3627,-2.3600341974188024e-06,3.389184803010361e-06
3628,-1.7637207272002412e-06,4.428388958665674e-06
3629,-1.0801903154768626e-06,5.386427114970681e-06
3630,-3.0946735014967755e-07,6.431659067991352e-06
3631,5.484237945303356e-07,7.564060442088297e-06
3632,1.4934587579508593e-06,8.783606875262671e-06
3633,2.3620956027219674e-06,9.926756428739912e-06
3634,3.149681738909672e-06,1.0988856511203461e-05
3635,3.852893014076458e-06,1.1966582968835047e-05
3636,4.6398043591157516e-06,1.28646280562481e-05
3637,5.510392414094188e-06,1.3686358916979957e-05
3638,6.464633832129066e-06,1.4435140818486227e-05
3639,7.502505279377159e-06,1.5106333198267413e-05
3640,8.460780301523479e-06,1.586781912666522e-05
3641,9.50598058098254e-06,1.6385259911255522e-05
3642,1.0474968382127516e-05,1.6821837063045746e-05
3643,1.137110426497917e-05,1.718222363292168e-05
3644,1.2197746920266295e-05,1.729876891021427e-05
3645,1.3121232431874002e-05,1.7505482131662016e-05
3646,1.4141533844622578e-05,1.780233819671908e-05
3647,1.5087758527324276e-05,1.8018446327802268e-05
3648,1.612740992512347e-05,1.815049428992013e-05
3649,1.7089692652801755e-05,1.8365941089425255e-05
3650,1.780853937532126e-05,1.8502007531971256e-05
3651,1.8617402398205263e-05,1.872475901788316e-05
3652,1.9345631535412075e-05,1.8871504586168827e-05
3653,2.0160496262660198e-05,1.910821775647375e-05
3654,2.089144336431413e-05,1.9264344387776344e-05
3655,2.154311574276425e-05,1.917404527445571e-05
3656,2.1948429457976285e-05,1.9007822053386008e-05
3657,2.2440282659706617e-05,1.893146663235265e-05
3658,2.2848313899181254e-05,1.8944954077716062e-05
3659,2.3339511460347136e-05,1.8877969892256832e-05
3660,2.374361053713252e-05,1.889745451075449e-05
3661,2.3895045592625985e-05,1.8841116983561413e-05
3662,2.3956109303044764e-05,1.8874522761841315e-05
3663,2.392350583969604e-05,1.8827548579108196e-05
3664,2.3963991872088824e-05,1.886694742815384e-05
3665,2.4077547156222782e-05,1.8992695390294935e-05
3666,2.4094196157567593e-05,1.887276759388289e-05
3667,2.4180556151366993e-05,1.8839141148052763e-05
3668,2.433660784405875e-05,1.8891792173824834e-05
3669,2.4562331952771775e-05,1.903069680544505e-05
3670,2.4857709205317607e-05,1.90860663147265e-05
3671,2.505300300440405e-05,1.9054610261367265e-05
3672,2.53145982088876e-05,1.8771259137199783e-05
3673,2.5642476492834734e-05,1.840570486114529e-05
3674,2.6036619540454376e-05,1.8122973731748773e-05
3675,2.632748160383511e-05,1.7753515433299612e-05
3676,2.66812622576489e-05,1.7301920131354216e-05
3677,2.6928511473972612e-05,1.6933079428327134e-05
3678,2.7065951495194354e-05,1.647758518788501e-05
3679,2.725964434251446e-05,1.610149305097437e-05
3680,2.7509574493038702e-05,1.5804781117961972e-05
3681,2.7815726432452444e-05,1.558742750130642e-05
3682,2.8178084655013444e-05,1.544941032554788e-05
3683,2.8596633663544723e-05,1.5060261106413193e-05
3684,2.8741002327418604e-05,1.4420049005887431e-05
3685,2.8780320692109026e-05,1.3697897710199052e-05
3686,2.8879083943442704e-05,1.3058296049426968e-05
3687,2.903727571111939e-05,1.2501221301017748e-05
3688,2.925487963386726e-05,1.1865571740312394e-05
3689,2.953187935943551e-05,1.115466612066077e-05
3690,2.9868258544586693e-05,1.0532813081610412e-05
3691,3.0264000855089586e-05,9.999988140059186e-06
3692,3.071908996571145e-05,9.395262328560634e-06
3693,3.107264863252574e-05,8.882809854811785e-06
3694,3.132018351782858e-05,8.301787991158665e-06
3695,3.16270163154914e-05,7.486922973721826e-06
3696,3.19931307361641e-05,6.7675467864305664e-06
3697,3.2250019922293495e-05,5.975142645034137e-06
3698,3.2394424813280766e-05,5.106441567677552e-06
3699,3.2262488132409815e-05,4.32657330871048e-06
3700,3.218319240843166e-05,3.6355135057750092e-06
3701,3.182770656563275e-05,2.704421178235225e-06
3702,3.1524832833303113e-05,1.862088655881918e-06
3703,3.127455678321484e-05,1.1084916164066592e-06
3704,3.1076863995065845e-05,4.436057508413671e-07
3705,3.0931740056473364e-05,-1.3259323645280132e-07
3706,3.083917056296741e-05,-6.201296277965439e-07
3707,3.079914111798421e-05,-1.0190276922031657e-06
3708,3.065142713708283e-05,-1.329311685389649e-06
3709,3.055950419986504e-05,-1.7189361922815366e-06
3710,3.052335703753487e-05,-2.023273934758328e-06
3711,3.054297038966611e-05,-2.2423482333278725e-06
3712,3.061832900419476e-05,-2.376182395733914e-06
3713,3.074941763741268e-05,-2.4247997169670714e-06
3714,3.093622105396039e-05,-2.388223479274879e-06
3715,3.117872402682046e-05,-2.2664769521726097e-06
3716,3.147691133731014e-05,-2.059583392453555e-06
3717,3.1670945497447974e-05,-1.927388321826635e-06
3718,3.1923905301798084e-05,-1.7068209750753058e-06
3719,3.2068308346782405e-05,-1.5653717807491204e-06
3720,3.210864158229019e-05,-1.3388684208639785e-06
3721,3.2040478444666384e-05,-1.0273340887958758e-06
3722,3.202790857329364e-05,-7.903995434290992e-07
3723,3.2070916807571067e-05,-4.6521310845481023e-07
3724,3.2169487995178354e-05,-2.1132068821237903e-07
3725,3.232360699206872e-05,-2.5438000961513635e-08
3726,3.237382242898389e-05,9.571744888914857e-08
3727,3.232342566982379e-05,1.5542637223872563e-07
3728,3.233505698847763e-05,1.5696769674896214e-07
3729,3.224939153436244e-05,1.0361856829715492e-07
3730,3.222898145115018e-05,-1.345647571794848e-09
3731,3.2273808987130575e-05,-1.546513641953387e-07
3732,3.2383856400262336e-05,-3.530267723449757e-07
3733,3.239228498209601e-05,-6.008855510015366e-07
3734,3.246264050591643e-05,-7.346960765568873e-07
3735,3.259490614240663e-05,-9.135413701106605e-07
3736,3.27890650714076e-05,-1.1418279258252273e-06
3737,3.3045100481911006e-05,-1.4227965645182774e-06
3738,3.3362995572051845e-05,-1.759686350266807e-06
3739,3.374273354910071e-05,-1.98918867096067e-06
3740,3.385895804960316e-05,-2.1113326511975505e-06
3741,3.4036991911289275e-05,-2.292601837027911e-06
3742,3.411040963562673e-05,-2.3698213075320257e-06
3743,3.407599060195595e-05,-2.509382314079315e-06
3744,3.393051593257413e-05,-2.8731857617496485e-06
3745,3.367841291782077e-05,-3.2948991375016952e-06
3746,3.332295674862371e-05,-3.771260429885603e-06
3747,3.3025963520537915e-05,-4.140466715696199e-06
3748,3.278741740017982e-05,-4.402546993544512e-06
3749,3.2607302562753214e-05,-4.557530246337794e-06
3750,3.216114334879757e-05,-4.929905284536669e-06
3751,3.1773383825923534e-05,-5.1952411844256605e-06
3752,3.144400819502019e-05,-5.519519950383899e-06
3753,3.1173000665536136e-05,-5.74005820431379e-06
3754,3.080209841073576e-05,-6.015131020841612e-06
3755,3.0326954899634646e-05,-6.349097172232989e-06
3756,2.974436070085765e-05,-6.903341105673424e-06
3757,2.9216834284494492e-05,-7.353956492157737e-06
3758,2.874436077549e-05,-7.700971301096178e-06
3759,2.8326925306836496e-05,-7.944413486792595e-06
3760,2.780651849671039e-05,-8.242305511313173e-06
3761,2.717880873560187e-05,-8.756944571571627e-06
3762,2.6448181965775308e-05,-9.322772331049934e-06
3763,2.577576595588114e-05,-9.778674950737682e-06
3764,2.5161545008960995e-05,-1.0124682049734062e-05
3765,2.4605503436532817e-05,-1.0360823231168546e-05
3766,2.3949882752970572e-05,-1.0810190202082955e-05
3767,2.33556386905989e-05,-1.1149750382376247e-05
3768,2.282275471813932e-05,-1.1537192405389958e-05
3769,2.235121431322894e-05,-1.1811659870169439e-05
3770,2.1941000962413436e-05,-1.2130758606716187e-05
3771,2.143456450801284e-05,-1.233371842186843e-05
3772,2.099264636949652e-05,-1.2585619724659694e-05
3773,2.0615229194237477e-05,-1.2889672151760311e-05
3774,2.014488721130576e-05,-1.3241532706929857e-05
3775,1.9742233180235007e-05,-1.3480600740931182e-05
3776,1.9249923857408098e-05,-1.3771776134795007e-05
3777,1.882848605544539e-05,-1.411072288430598e-05
3778,1.8477900741298127e-05,-1.4336967911357602e-05
3779,1.8198148892150122e-05,-1.4607741620403657e-05
3780,1.7989211495409703e-05,-1.4762656730810653e-05
3781,1.7693952541047044e-05,-1.4801744316367735e-05
3782,1.7315610204587823e-05,-1.4882110898477238e-05
3783,1.701445487023471e-05,-1.5008053523175449e-05
3784,1.6625954279524187e-05,-1.518277327866216e-05
3785,1.6146919382650093e-05,-1.540946953974784e-05
3786,1.5738585138535214e-05,-1.5526917666987314e-05
3787,1.5244064529300047e-05,-1.5692014992216325e-05
3788,1.482341716424662e-05,-1.606587201541979e-05
3789,1.4476623263904639e-05,-1.6491647576754036e-05
3790,1.420366305940516e-05,-1.6808291869941565e-05
3791,1.4004516792471923e-05,-1.7015834087692332e-05
3792,1.3722503479668886e-05,-1.727845850082303e-05
3793,1.3196740219383154e-05,-1.743524532265059e-05
3794,1.2747937035871859e-05,-1.765028906003169e-05
3795,1.2376073357397605e-05,-1.7926778019101517e-05
3796,1.2081128623230066e-05,-1.8103921367748995e-05
3797,1.1706627343963293e-05,-1.8338200580485038e-05
3798,1.1412205820413317e-05,-1.8469985338404482e-05
3799,1.1033998224845076e-05,-1.8499303001879382e-05
3800,1.0732627470921933e-05,-1.842618091666629e-05
3801,1.0344317147335843e-05,-1.84144023193652e-05
3802,9.873355021670702e-06,-1.8303437077844208e-05
3803,9.479168283192513e-06,-1.8093311642045297e-05
3804,9.161736458844159e-06,-1.79402194840574e-05
3805,8.921039086496096e-06,-1.7684824057135302e-05
3806,8.757055714937785e-06,-1.7327152619620608e-05
3807,8.669765903869065e-06,-1.6867232415321e-05
3808,8.495702458502534e-06,-1.6305090673522083e-05
3809,8.39509922371903e-06,-1.5640754608998985e-05
3810,8.367936640766364e-06,-1.4874251422027973e-05
3811,8.414195161316494e-06,-1.40056082983981e-05
3812,8.533855247456947e-06,-1.3034852409422513e-05
3813,8.726897371683005e-06,-1.1962010911950486e-05
3814,8.993302016888773e-06,-1.0787110948378538e-05
3815,9.333049676359262e-06,-9.510179646662272e-06
3816,9.746120853761926e-06,-8.131244120327779e-06
3817,1.0069445052629706e-05,-6.813382478991767e-06
3818,1.0307274532964805e-05,-5.5523500717612525e-06
3819,1.0618369134206118e-05,-4.344948318613457e-06
3820,1.083978988367829e-05,-3.0324674022394493e-06
3821,1.1131254509298508e-05,-1.6149352081797876e-06
3822,1.1492744420302391e-05,-2.55211580853384e-07
3823,1.1924241035803296e-05,1.206326938735444e-06
3824,1.2425725784784566e-05,2.6069088283730746e-06
3825,1.2997180106091146e-05,3.9433718195945085e-06
3826,1.3475928280934158e-05,5.212555318184819e-06
3827,1.3703589636299995e-05,6.411300402850336e-06
3828,1.399798851881083e-05,7.536449823891138e-06
3829,1.4196580938061253e-05,8.584848001874412e-06
3830,1.4458700760902306e-05,9.553341026309966e-06
3831,1.4784331164093184e-05,1.0438776654326675e-05
3832,1.5173455333312865e-05,1.1082978368342967e-05
3833,1.5471070967212018e-05,1.1803347638093619e-05
3834,1.5835318209316637e-05,1.259986431284504e-05
3835,1.626617943429449e-05,1.3310243030028825e-05
3836,1.6763637026146607e-05,1.4093559142904143e-05
3837,1.7172849451710897e-05,1.4794969443048366e-05
3838,1.765179113595486e-05,1.5572446681054045e-05
3839,1.8045700386852895e-05,1.6271227491405312e-05
3840,1.8350420192132644e-05,1.704920147961412e-05
3841,1.872481404238617e-05,1.7906347734358724e-05
3842,1.9168863542791866e-05,1.8842645355369754e-05
3843,1.952796810529885e-05,1.970349125047048e-05
3844,1.9959854644151568e-05,2.048473466922502e-05
3845,2.014817022673494e-05,2.1028733115000306e-05
3846,2.0247440690457472e-05,2.1490010757888167e-05
3847,2.0416275033678702e-05,2.2027174929810557e-05
3848,2.0654654919731083e-05,2.264020562854079e-05
3849,2.096256202162269e-05,2.3329082862405417e-05
3850,2.1178361860413473e-05,2.3932170488660187e-05
3851,2.130623397958941e-05,2.445364638786305e-05
3852,2.150357842034584e-05,2.5050908939156918e-05
3853,2.17703768942867e-05,2.5723938192968424e-05
3854,2.1791026170013343e-05,2.6157129257595967e-05
3855,2.1881092959686003e-05,2.6511946172556026e-05
3856,2.2040559003767828e-05,2.663020411061479e-05
3857,2.2115384946311207e-05,2.6827301402771728e-05
3858,2.2262725113048146e-05,2.694923614072877e-05
3859,2.2482560446056675e-05,2.6999178145242942e-05
3860,2.2613685566041543e-05,2.697301064285191e-05
3861,2.2660257275287903e-05,2.6867605194839676e-05
3862,2.2464344725893214e-05,2.6526013303061967e-05
3863,2.2340851268080528e-05,2.626313666521678e-05
3864,2.2289757893918678e-05,2.5925212539432468e-05
3865,2.2311045605462878e-05,2.5669108037937457e-05
3866,2.2243765885787608e-05,2.533387216970654e-05
3867,2.2245685283384053e-05,2.507726901042834e-05
3868,2.2316785653501736e-05,2.473843383395742e-05
3869,2.245704886091439e-05,2.447504778840562e-05
3870,2.2666456779912122e-05,2.412633232011808e-05
3871,2.263081107545694e-05,2.3696421669112934e-05
3872,2.2664273887829214e-05,2.3188476458304867e-05
3873,2.276682711979414e-05,2.275904047725118e-05
3874,2.2777864287720943e-05,2.224750477854069e-05
3875,2.2854818280960272e-05,2.1811299789032413e-05
3876,2.2837168512089087e-05,2.1450405798569348e-05
3877,2.2882265290655934e-05,2.085111569530946e-05
3878,2.2990092204759834e-05,2.032709722970812e-05
3879,2.3160632851093854e-05,1.9717954801364492e-05
3880,2.3393870834938334e-05,1.9180911329172014e-05
3881,2.3529498681537336e-05,1.8715947972184176e-05
3882,2.3564410697613393e-05,1.816279719331849e-05
3883,2.3655709155528757e-05,1.7678557995839397e-05
3884,2.3650428914223927e-05,1.726321238477185e-05
3885,2.3704634944112514e-05,1.6916742374547637e-05
3886,2.381831171740469e-05,1.6639129988998438e-05
3887,2.3831406585812093e-05,1.627032013273406e-05
3888,2.390081436278125e-05,1.5807210293211646e-05
3889,2.4026520359151398e-05,1.5406652227584195e-05
3890,2.4208509893434366e-05,1.5068629624965128e-05
3891,2.4446768291808045e-05,1.479312618298348e-05
3892,2.4581454778917362e-05,1.4580125607777147e-05
3893,2.4609474097052314e-05,1.4429611613986282e-05
3894,2.468747445546923e-05,1.434156792474674e-05
3895,2.481544283447833e-05,1.4315978271683198e-05
3896,2.4993366221182248e-05,1.4352826394902813e-05
3897,2.5061615963944963e-05,1.429248039746255e-05
3898,2.502427495034795e-05,1.4139019923324388e-05
3899,2.50368499738151e-05,1.4047948523978784e-05
3900,2.5099328048536687e-05,1.4019249973367102e-05
3901,2.521169619546862e-05,1.4052908053879987e-05
3902,2.521453570690918e-05,1.4148906556350575e-05
3903,2.5264124719318437e-05,1.4307229280047924e-05
3904,2.5360451081895883e-05,1.4368538106787097e-05
3905,2.5503502650166518e-05,1.4489025760679688e-05
3906,2.5693267285976036e-05,1.4668676873403175e-05
3907,2.592973285748594e-05,1.4907476084626364e-05
3908,2.6060876132223528e-05,1.5205408042003205e-05
3909,2.608983369735336e-05,1.5562457401166355e-05
3910,2.617167386735949e-05,1.5978608825720926e-05
3911,2.6306382925457658e-05,1.6453846987238487e-05
3912,2.649394716198828e-05,1.6988156565250704e-05
3913,2.658253600603865e-05,1.7429705378870716e-05
3914,2.6575280345948772e-05,1.7933400787508537e-05
3915,2.662704876238491e-05,1.8499226691124375e-05
3916,2.6737825968132707e-05,1.9127166998029383e-05
3917,2.690759668390487e-05,1.9665543790326884e-05
3918,2.697760792066618e-05,2.01103676943315e-05
3919,2.7103480376749715e-05,2.0458561650985848e-05
3920,2.7285199597925306e-05,2.0865704799751226e-05
3921,2.7522751137451627e-05,2.1331781891466086e-05
3922,2.7664652069088705e-05,2.170530919788607e-05
3923,2.7865455027841712e-05,2.2140838552426984e-05
3924,2.8125144789713875e-05,2.2486962643999817e-05
3925,2.844370613858622e-05,2.2898153722488145e-05
3926,2.866980970270177e-05,2.3223080816927326e-05
3927,2.879948541637346e-05,2.3616136675597864e-05
3928,2.8836750022808617e-05,2.4077303710383635e-05
3929,2.893591924481884e-05,2.4455365715141556e-05
3930,2.909697710834067e-05,2.4904596737696465e-05
3931,2.9319907647562485e-05,2.5273856719549866e-05
3932,2.960469490491855e-05,2.5559182632584048e-05
3933,2.9793206415021503e-05,2.5915622545236606e-05
3934,3.0040452973332953e-05,2.619215167017739e-05
3935,3.0346419442124168e-05,2.6542847156346322e-05
3936,3.071109069147738e-05,2.696768989860569e-05
3937,3.0825608525808e-05,2.7157817728196718e-05
3938,3.099880093055346e-05,2.7271201585292774e-05
3939,3.09219686276843e-05,2.7153077131064836e-05
3940,3.075300421717686e-05,2.6961332205319793e-05
3941,3.0645753355308666e-05,2.684980770661288e-05
3942,3.060020016653928e-05,2.6818483004126458e-05
3943,3.0458623707766175e-05,2.6709632401924083e-05
3944,3.0375631349039512e-05,2.66778585196633e-05
3945,3.0042999585154596e-05,2.6565518504931672e-05
3946,2.961837459597599e-05,2.637658810049401e-05
3947,2.92553680767789e-05,2.6114165951802218e-05
3948,2.895396420092939e-05,2.5931820089158843e-05
3949,2.8714147149931593e-05,2.5829529955854143e-05
3950,2.8535901113421332e-05,2.5807275005740157e-05
3951,2.8261832827186205e-05,2.5707657241248926e-05
3952,2.789590975414134e-05,2.5534639394366348e-05
3953,2.7591510339096578e-05,2.5441595181397547e-05
3954,2.719136384666277e-05,2.5271249140871496e-05
3955,2.6699431643548147e-05,2.487034375083873e-05
3956,2.611880912972664e-05,2.423893808086565e-05
3957,2.5445586213061513e-05,2.3684352549147684e-05
3958,2.4833808197196132e-05,2.3049475564989558e-05
3959,2.4283459344590994e-05,2.233125814714893e-05
3960,2.3794523925775875e-05,2.1683663393086323e-05
3961,2.3210016365404162e-05,2.1106673226031713e-05
3962,2.2526893925597937e-05,2.0443340369243238e-05
3963,2.1899004008663062e-05,1.9847509088270212e-05
3964,2.1326332484148874e-05,1.916231413457394e-05
3965,2.080886522884316e-05,1.854152091529937e-05
3966,2.034658812676616e-05,1.7985112965119167e-05
3967,1.9789736777776084e-05,1.734332353574434e-05
3968,1.9141397817731307e-05,1.661923691608509e-05
3969,1.8404656307826833e-05,1.5965610653015666e-05
3970,1.7582595735798988e-05,1.5232789622854438e-05
3971,1.652173366526575e-05,1.4416889273977642e-05
3972,1.55282167273031e-05,1.3514871436637331e-05
3973,1.460202773702387e-05,1.2680182992138829e-05
3974,1.3593663004493439e-05,1.1763320249074537e-05
3975,1.2655649412440593e-05,1.0916810088702072e-05
3976,1.1787969023643344e-05,1.0140634572330124e-05
3977,1.0990603910033587e-05,9.27845371572628e-06
3978,1.0114199952101848e-05,8.3341802763486e-06
3979,9.311129864684803e-06,7.46018774500354e-06
3980,8.58137497007037e-06,6.656458219555293e-06
3981,7.924916600067601e-06,5.9229738069957964e-06
3982,7.341736095999395e-06,5.259716623437829e-06
3983,6.831814808695183e-06,4.666668794107888e-06
3984,6.239093777664867e-06,4.143812453339405e-06
3985,5.7165449510237e-06,3.691129744565591e-06
3986,5.264150482748633e-06,3.159566341150442e-06
3987,4.881892535900619e-06,2.7011891024379645e-06
3988,4.569753282617796e-06,2.315979425208905e-06
3989,4.32771490410847e-06,2.0039187157089676e-06
3990,4.006872521486227e-06,1.6161013204834354e-06
3991,3.759140528521282e-06,1.1555910956753192e-06
3992,3.584500361250254e-06,6.254503434988895e-07
3993,3.4829334651440395e-06,1.7751502152059503e-07
3994,3.4544212951003478e-06,-1.882357314713266e-07
3995,3.3502445880423437e-06,-4.718227660941416e-07
3996,3.3221268125877547e-06,-8.219304373786489e-07
3997,3.2214223602603584e-06,-1.2355018838954231e-06
3998,2.895708967201831e-06,-1.8649616809183259e-06
3999,2.6490356555525914e-06,-2.406263116551064e-06
4000,2.4813823981641494e-06,-2.8594285270158394e-06
4001,2.3927291780431874e-06,-3.2244802372099998e-06
4002,2.2346153571745776e-06,-3.6498811918840865e-06
4003,2.15849745299795e-06,-3.984177179166344e-06
4004,2.164354711278678e-06,-4.227391257692124e-06
4005,2.252166388294743e-06,-4.379546474418303e-06
4006,2.421911750828563e-06,-4.44066586463212e-06
4007,2.673570076159125e-06,-4.410772451960054e-06
4008,2.8520386136556494e-06,-4.289889248376671e-06
4009,2.9543050762567493e-06,-4.078039254213633e-06
4010,2.9842169199929897e-06,-3.9233899484277025e-06
4011,3.0929292366987414e-06,-3.6747900652938224e-06
4012,3.1323514809650895e-06,-3.480333974398496e-06
4013,3.098678744558953e-06,-3.3438304062220353e-06
4014,2.9889025140446305e-06,-3.11344739046603e-06
4015,2.80686054399792e-06,-2.7892086212221155e-06
4016,2.703519666805793e-06,-2.371137780615642e-06
4017,2.6788600268160078e-06,-2.0139842488124526e-06
4018,2.5850122497949405e-06,-1.713919887094236e-06
4019,2.425016934578241e-06,-1.320094404484871e-06
4020,2.2019131487353803e-06,-9.803074069868715e-07
4021,2.0664776503026005e-06,-5.437844212138245e-07
4022,1.864159895100407e-06,-1.6507827484410434e-07
4023,1.7464456838602584e-06,3.0729455050512676e-07
4024,1.7133137110116065e-06,7.188607723295989e-07
4025,1.7647426817202249e-06,1.2210274519027226e-06
4026,1.7463402965822076e-06,1.6594007700838628e-06
4027,1.8094387558866056e-06,2.03779231061374e-06
4028,1.6522426662130546e-06,2.359233481625996e-06
4029,1.5765064467217567e-06,2.472501023231856e-06
4030,1.5822096137575061e-06,2.5318611756201015e-06
4031,1.6693316939724448e-06,2.5335395865500096e-06
4032,1.8378522243184284e-06,2.6286729181671604e-06
4033,1.9404511224977617e-06,2.8172376902471003e-06
4034,2.1274198402053476e-06,2.9451533408110115e-06
4035,2.3987371894792497e-06,3.1634420217458794e-06
4036,2.754381993005143e-06,3.472081043577244e-06
4037,2.8932397023439944e-06,3.569954346465262e-06
4038,3.1163825669574094e-06,3.6042320582442057e-06
4039,3.2699279014020236e-06,3.5719221287062995e-06
4040,3.3508859099866214e-06,3.470034006884044e-06
4041,3.510051752267624e-06,3.4493620974369763e-06
4042,3.747405820814607e-06,3.509886038416862e-06
4043,3.915993220992687e-06,3.504650181049967e-06
4044,4.018835423175569e-06,3.4366752419497072e-06
4045,4.052187502274674e-06,3.4558430726987352e-06
4046,4.013064122575124e-06,3.408543251361887e-06
4047,4.052031126458305e-06,3.145000363458584e-06
4048,4.1690689653609025e-06,2.8187793280512095e-06
4049,4.364158100512821e-06,2.5796138776350143e-06
4050,4.637279002929781e-06,2.427482231511358e-06
4051,4.988412153406073e-06,2.362362619886365e-06
4052,5.264182625993796e-06,2.2308778673492804e-06
4053,5.614928391306216e-06,2.1833636961751712e-06
4054,5.894094100730969e-06,2.073262510537299e-06
4055,5.9514545410554034e-06,1.8968473211536418e-06
4056,5.933529471038887e-06,1.6511394468914004e-06
4057,5.990504831255463e-06,1.4863233319679942e-06
4058,6.122361917792656e-06,1.4023787768617923e-06
4059,6.329082036085448e-06,1.3992855921454145e-06
4060,6.610646500909101e-06,1.4770235984783975e-06
4061,6.96703663637235e-06,1.6355726265992947e-06
4062,7.398233775910212e-06,1.8749125173183436e-06
4063,7.90421926227726e-06,2.195023121509832e-06
4064,8.338798412613872e-06,2.4497082651782037e-06
4065,8.851117634093495e-06,2.7881128651042948e-06
4066,9.441157553240999e-06,3.2102160581635127e-06
4067,9.956123256442017e-06,3.5632214418344937e-06
4068,1.0393047134931316e-05,3.84415991918684e-06
4069,1.0602966642860216e-05,4.056766022345067e-06
4070,1.0731898830106382e-05,4.197342019960283e-06
4071,1.0630955082851017e-05,4.269618728536739e-06
4072,1.0598664680928779e-05,4.422485328936426e-06
4073,1.0635010542908774e-05,4.655921772192106e-06
4074,1.0587469152468871e-05,4.671584343240258e-06
4075,1.0605548325409972e-05,4.767776712026039e-06
4076,1.0689231746232094e-05,4.944478859481837e-06
4077,1.0838503107554925e-05,5.201670776499284e-06
4078,1.0900993016581951e-05,5.386979370392211e-06
4079,1.1026059672034094e-05,5.6497591418288366e-06
4080,1.1068084734242343e-05,5.989990850496895e-06
4081,1.1175632611246443e-05,6.407655265646938e-06
4082,1.1348687036150024e-05,6.902733166085659e-06
4083,1.1587231750139832e-05,7.4752053401683354e-06
4084,1.1891250502479974e-05,8.125052585791945e-06
4085,1.2260727050505432e-05,8.85225571038794e-06
4086,1.2550256171378496e-05,9.504748213790159e-06
4087,1.2908183351596981e-05,1.0231585537410563e-05
4088,1.3189173778016405e-05,1.0887431394683924e-05
4089,1.3396217296270765e-05,1.1475274158554087e-05
4090,1.338040738361892e-05,1.184620583431939e-05
4091,1.329365605603056e-05,1.2000280137336956e-05
4092,1.3284125266004382e-05,1.2082726564250472e-05
4093,1.3351795898239004e-05,1.2242375761876085e-05
4094,1.3496648846902206e-05,1.2479208623048057e-05
4095,1.3566960233130828e-05,1.279320605006449e-05
4096,1.3711449661564346e-05,1.3032682136346686e-05
4097,1.3778469914335289e-05,1.3194690390093035e-05
4098,1.3765075956244315e-05,1.3276285774777006e-05
4099,1.3819877246063202e-05,1.3426077747844898e-05
4100,1.3942856929680474e-05,1.3644049453861469e-05
4101,1.4133998161321545e-05,1.3930184045729952e-05
4102,1.4241844671743052e-05,1.4133025252886625e-05
4103,1.4414858094479344e-05,1.4401034707546819e-05
4104,1.4653022338970556e-05,1.4734196317833265e-05
4105,1.4956321322608697e-05,1.5132493999822423e-05
4106,1.5324738970731958e-05,1.559591167753843e-05
4107,1.5758259216618714e-05,1.612443328294729e-05
4108,1.6256866001481688e-05,1.6718042755950986e-05
4109,1.6820543274462074e-05,1.7376724044381302e-05
4110,1.7298137684379e-05,1.7949323795750073e-05
4111,1.769331052506112e-05,1.8439503302579813e-05
4112,1.8002443805234195e-05,1.8843644572292025e-05
4113,1.8229195213641853e-05,1.9165405292327474e-05
4114,1.8520937018620005e-05,1.9407758263036347e-05
4115,1.8582339748611e-05,1.9718039198292507e-05
4116,1.8708700898120228e-05,2.0096231375270606e-05
4117,1.8900004479440417e-05,2.054231807938529e-05
4118,1.900539812496995e-05,2.0905446216515205e-05
4119,1.902195406523456e-05,2.1333486147968938e-05
4120,1.8946745968977542e-05,2.167566056356649e-05
4121,1.892757279339579e-05,2.2079766970901313e-05
4122,1.8964420761506806e-05,2.2545790144099826e-05
4123,1.9057276103108737e-05,2.3073714864781612e-05
4124,1.920612505477583e-05,2.3663525922053615e-05
4125,1.941095385985298e-05,2.4315208112504843e-05
4126,1.967174876845098e-05,2.4884766742881122e-05
4127,1.99884960374417e-05,2.5224665794477528e-05
4128,2.0210720012364015e-05,2.547887135970479e-05
4129,2.0485926782492643e-05,2.5500587902801348e-05
4130,2.081410334591819e-05,2.543371249190619e-05
4131,2.119523670711889e-05,2.5425676557868896e-05
4132,2.1629313876956106e-05,2.5476465669694328e-05
4133,2.1966046493036227e-05,2.558606540347242e-05
4134,2.2352758460715046e-05,2.575446134237335e-05
4135,2.278943752917741e-05,2.598163907664209e-05
4136,2.3276071453620495e-05,2.62675842035933e-05
4137,2.3662521513688552e-05,2.6462155846045296e-05
4138,2.3952404371224755e-05,2.656896851007116e-05
4139,2.429220540784197e-05,2.6734505422568573e-05
4140,2.4681912402721182e-05,2.6958752209057708e-05
4141,2.4978055182583692e-05,2.724169450210242e-05
4142,2.532701227255992e-05,2.7583317941304882e-05
4143,2.5578867066491273e-05,2.7833704486419446e-05
4144,2.5730712397931657e-05,2.7989945537614293e-05
4145,2.5929472088685244e-05,2.8198963484008586e-05
4146,2.6175134669133107e-05,2.84607454239987e-05
4147,2.6467688675270987e-05,2.8625522938188582e-05
4148,2.680712264870546e-05,2.869039167155937e-05
4149,2.7193425136649296e-05,2.8802130238219904e-05
4150,2.7626584691917688e-05,2.8960727189698954e-05
4151,2.8106589872924166e-05,2.9166171083125075e-05
4152,2.8633429243676304e-05,2.9418450481222365e-05
4153,2.920709137377158e-05,2.9717553952306616e-05
4154,2.9678067895606027e-05,2.9913973127493703e-05
4155,3.0043460789064474e-05,3.0154270060866986e-05
4156,3.044979667150996e-05,3.0295493865061473e-05
4157,3.089706555789904e-05,3.0483496092445016e-05
4158,3.138525746806546e-05,3.057539390920906e-05
4159,3.19143624267162e-05,3.071696799097889e-05
4160,3.2484370463428126e-05,3.090820623457359e-05
4161,3.309527161264408e-05,3.114909654271651e-05
4162,3.3747055913669786e-05,3.143962682403128e-05
4163,3.4297013577391e-05,3.163708515975796e-05
4164,3.459895693139115e-05,3.159528174887051e-05
4165,3.4944669991230155e-05,3.1605998479354407e-05
4166,3.533414210717533e-05,3.1669222574937035e-05
4167,3.576736263468299e-05,3.178494126556819e-05
4168,3.610179228613622e-05,3.181061313915761e-05
4169,3.619142233360328e-05,3.174272180486011e-05
4170,3.618522146904673e-05,3.158482652439656e-05
4171,3.607967812991939e-05,3.119098818630953e-05
4172,3.5878349537481246e-05,3.0710100166344365e-05
4173,3.55841692225718e-05,3.0145093876020263e-05
4174,3.534239306140516e-05,2.9492460037898463e-05
4175,3.515300833473589e-05,2.875574787634645e-05
4176,3.5016002329498775e-05,2.7937885952393673e-05
4177,3.4789140790817625e-05,2.7041801408291218e-05
4178,3.4617539769127876e-05,2.6070419968541977e-05
4179,3.435903238278272e-05,2.5026665940930764e-05
4180,3.3868000777121174e-05,2.3913462217552827e-05
4181,3.3293009141868084e-05,2.2733730275841207e-05
4182,3.2779033267663885e-05,2.163244168747057e-05
4183,3.23260583767055e-05,2.060957745771374e-05
4184,3.193406969835389e-05,1.9665118601047764e-05
4185,3.1603052469128335e-05,1.87990461411474e-05
4186,3.1184665793186166e-05,1.8011341110878145e-05
4187,3.082432020176628e-05,1.730198455228961e-05
4188,3.0231900085135455e-05,1.652270394369775e-05
4189,2.940746154811918e-05,1.5670617144549668e-05
4190,2.849284095621882e-05,1.4742843406176342e-05
4191,2.748516245235803e-05,1.373650337078496e-05
4192,2.6529660220146165e-05,1.2796827722959542e-05
4193,2.548464280366657e-05,1.1782121509447356e-05
4194,2.449467242757597e-05,1.0836943459257297e-05
4195,2.3559735796708738e-05,9.961276783263113e-06
4196,2.2538242070863832e-05,9.013527148988738e-06
4197,2.143310558635336e-05,7.996605402155955e-06
4198,2.0388749376206852e-05,7.054931086887351e-06
4199,1.9405158776521866e-05,6.188486052055743e-06
4200,1.8340876414776832e-05,5.2558094395956875e-06
4201,1.734022145434735e-05,4.401216929018628e-06
4202,1.6261803162271532e-05,3.6246896992610422e-06
4203,1.5249871306505554e-05,2.9262089383375973e-06
4204,1.430440986743484e-05,2.3057558433346975e-06
4205,1.3425402833169565e-05,1.7633116204038068e-06
4206,1.2612834199539223e-05,1.298857484754784e-06
4207,1.186668797008702e-05,9.123746606494516e-07
4208,1.1186948156064312e-05,6.038443813951315e-07
4209,1.0432458504165342e-05,2.321076170782511e-07
4210,9.747228156937425e-06,-5.8829265026291173e-08
4211,8.842743085499563e-06,-4.164098295658909e-07
4212,7.866444284056265e-06,-8.371525506910508e-07
4213,6.8148851748711695e-06,-1.4655123526094083e-06
4214,5.832518822980016e-06,-2.1604665350756114e-06
4215,4.772047773813686e-06,-2.777599226956497e-06
4216,3.7778555667152328e-06,-3.3169291228740016e-06
4217,2.8499262820012814e-06,-3.7784749084635565e-06
4218,1.9882440076410743e-06,-4.162255260379957e-06
4219,1.192792839251024e-06,-4.468288846304332e-06
4220,4.635568800892057e-07,-4.696594324950399e-06
4221,-3.402187795474715e-07,-4.847190346070892e-06
4222,-1.074934453319482e-06,-4.920095550464206e-06
4223,-1.8812790713156634e-06,-4.915328569980677e-06
4224,-2.7563607164166794e-06,-4.973547091435607e-06
4225,-3.556683079880083e-06,-5.091861960887626e-06
4226,-4.282264077389988e-06,-5.273701076749027e-06
4227,-4.933121616038824e-06,-5.521921903652879e-06
4228,-5.509273594333953e-06,-5.692563531524367e-06
4229,-6.010737902203581e-06,-5.932425988459209e-06
4230,-6.4375324210030954e-06,-6.097617417188408e-06
4231,-6.789675023521074e-06,-6.188155691685876e-06
4232,-7.067183573985506e-06,-6.344431882926099e-06
4233,-7.270075928070028e-06,-6.423221658232057e-06
4234,-7.398369932899996e-06,-6.424543551506744e-06
4235,-7.452083427058595e-06,-6.348416087782043e-06
4236,-7.571474893553587e-06,-6.335098436185596e-06
4237,-7.753662811308416e-06,-6.381709761432328e-06
4238,-8.142229240346182e-06,-6.491658338517603e-06
4239,-8.450556657646046e-06,-6.521366675347011e-06
4240,-8.678664226460591e-06,-6.470853936345797e-06
4241,-8.972927199909217e-06,-6.340139276780154e-06
4242,-9.18987142984106e-06,-6.129241842763688e-06
4243,-9.329515369416878e-06,-5.8381807712641964e-06
4244,-9.391877462984883e-06,-5.466975190110001e-06
4245,-9.376976146086984e-06,-5.155587540950636e-06
4246,-9.28482984546514e-06,-4.761233513702987e-06
4247,-9.115456979067746e-06,-4.283932890172777e-06
4248,-8.868875956055694e-06,-3.7237054427284747e-06
4249,-8.684916757402226e-06,-3.2203825149004286e-06
4250,-8.420928820901136e-06,-2.631314906390318e-06
4251,-8.076931209449002e-06,-1.9565230413535463e-06
4252,-7.652942976856532e-06,-1.1960273342112791e-06
4253,-7.148983167855262e-06,-3.498481896571414e-07
4254,-6.56507081810384e-06,5.819939973355044e-07
4255,-5.901224954194624e-06,1.5994788415068388e-06
4256,-5.297046220995869e-06,2.5567581025151448e-06
4257,-4.610119380064892e-06,3.596786678877538e-06
4258,-3.840464108633523e-06,4.573787170699063e-06
4259,-2.988100074571213e-06,5.630646385302376e-06
4260,-2.0530469363917266e-06,6.62789477539149e-06
4261,-1.0353243432598002e-06,7.70781384256769e-06
4262,6.504806500223593e-08,8.870383945848135e-06
4263,1.1024679997139904e-06,9.970002795393241e-06
4264,2.0741029392307334e-06,1.1003837868400525e-05
4265,3.122634456061196e-06,1.2114570736222334e-05
4266,4.248044298110101e-06,1.3302183145608485e-05
4267,5.450314221951139e-06,1.4566656851978917e-05
4268,6.5840179779307176e-06,1.576256560452781e-05
4269,7.646327730093422e-06,1.7032454702646977e-05
4270,8.634416982271895e-06,1.8091844344172315e-05
4271,9.690764007022503e-06,1.9079875839275144e-05
4272,1.0670084022410177e-05,1.999372402075534e-05
4273,1.1569553872948388e-05,2.0830565058987084e-05
4274,1.2531550734678455e-05,2.1732775456192133e-05
4275,1.3556059794998282e-05,2.255517550924827e-05
4276,1.4643066248328855e-05,2.3294944723537553e-05
4277,1.56474605855366e-05,2.3949263938541555e-05
4278,1.6711484291329796e-05,2.4515315326894765e-05
4279,1.7690097981583057e-05,2.499028239343967e-05
4280,1.8580485152054122e-05,2.537134997428217e-05
4281,1.9379830629453245e-05,2.565570423584811e-05
4282,2.023024180580872e-05,2.5985453909249223e-05
4283,2.0993004897965623e-05,2.622188654978238e-05
4284,2.1809643971431316e-05,2.650652756077538e-05
4285,2.2680146291096465e-05,2.683936554430879e-05
4286,2.3604499127877524e-05,2.722038910785849e-05
4287,2.4582689758712216e-05,2.7649586864291798e-05
4288,2.5469991854793223e-05,2.812694743186378e-05
4289,2.626359618121321e-05,2.8652459434213305e-05
4290,2.710533936381917e-05,2.9226111500359318e-05
4291,2.799521003814518e-05,2.9847892264696977e-05
4292,2.8794785986302958e-05,3.0379379508200485e-05
4293,2.936237546960121e-05,3.0678881491042425e-05
4294,2.9980886155612652e-05,3.1029305879660526e-05
4295,3.0650306035277625e-05,3.1430640663861815e-05
4296,3.122618540118782e-05,3.173843613510565e-05
4297,3.17057209320865e-05,3.194988897100443e-05
4298,3.223047951753342e-05,3.2206566059988437e-05
4299,3.280045050065652e-05,3.250845674405741e-05
4300,3.3271323085311475e-05,3.2711250225940255e-05
4301,3.378456368937758e-05,3.29564129223906e-05
4302,3.419593087223396e-05,3.324393485431466e-05
4303,3.464682437101296e-05,3.357380604732512e-05
4304,3.5137234880357364e-05,3.394601653173786e-05
4305,3.566715309929689e-05,3.436055634256863e-05
4306,3.623656973124507e-05,3.481741551952959e-05
4307,3.6707546669057535e-05,3.517865529208761e-05
4308,3.722082189745275e-05,3.558501298188467e-05
4309,3.749452908442473e-05,3.5754621594150375e-05
4310,3.781051469465299e-05,3.5969326931111585e-05
4311,3.80248455897816e-05,3.62291183948505e-05
4312,3.813473021390378e-05,3.6390096359658075e-05
4313,3.8281233199579054e-05,3.644946925696893e-05
4314,3.846434594524447e-05,3.6548267569012875e-05
4315,3.8684059853383816e-05,3.6686482037376995e-05
4316,3.8940366330524505e-05,3.6864103408002604e-05
4317,3.9233256787234734e-05,3.708112243118201e-05
4318,3.9562722638120755e-05,3.733752986155576e-05
4319,3.9791209711191655e-05,3.7495770867477e-05
4320,4.0059065557811116e-05,3.769619234096307e-05
4321,4.022269871359327e-05,3.7938784391725944e-05
4322,4.042287298032683e-05,3.8223537134121317e-05
4323,4.0516065559724285e-05,3.8550440687145326e-05
4324,4.0499493976357384e-05,3.8776004917314544e-05
4325,4.051382335343916e-05,3.889744667933447e-05
4326,4.055904645056017e-05,3.905539648280913e-05
4327,4.0635156030709586e-05,3.924984577744994e-05
4328,4.074214486027316e-05,3.948078601697914e-05
4329,4.08800057090303e-05,3.9748208659127153e-05
4330,4.1048731350152006e-05,4.005210516562938e-05
4331,4.111115007025611e-05,4.025530251228131e-05
4332,4.1207221802115046e-05,4.03545502937488e-05
4333,4.11998374964024e-05,4.0353145188239094e-05
4334,4.1228891818890294e-05,4.039098120649028e-05
4335,4.129437625234641e-05,4.046804917654241e-05
4336,4.125320848606053e-05,4.0441266133264e-05
4337,4.1102614401692236e-05,4.0307857304199106e-05
4338,4.0839821174410574e-05,4.020805548868277e-05
4339,4.0605029814113135e-05,4.0141852836765124e-05
4340,4.039823377984551e-05,4.010924150216939e-05
4341,4.0219426533714844e-05,4.011021364228935e-05
4342,4.006860154088768e-05,4.014476141818662e-05
4343,3.9945752269587644e-05,4.021287699458817e-05
4344,3.985087219109357e-05,4.0314552539883626e-05
4345,3.978395477973712e-05,4.030700976533136e-05
4346,3.974499351290083e-05,4.033021779428932e-05
4347,3.973398187101575e-05,4.038416945612121e-05
4348,3.975091333755952e-05,4.0468857583540585e-05
4349,3.9653145342085116e-05,4.044163895563997e-05
4350,3.958051651617517e-05,4.044235155384454e-05
4351,3.95330210012266e-05,4.047098886969692e-05
4352,3.951065294137277e-05,4.052754439777892e-05
4353,3.9513406483481626e-05,4.061201163570924e-05
4354,3.9541275777153493e-05,4.072438408414165e-05
4355,3.959425497471945e-05,4.08646552467626e-05
4356,3.95299367730483e-05,4.1032818630289136e-05
4357,3.94879304083918e-05,4.122886774446693e-05
4358,3.946823068794787e-05,4.145279610206795e-05
4359,3.947083242133744e-05,4.170459721888843e-05
4360,3.949573042060252e-05,4.184199686584534e-05
4361,3.954291950020467e-05,4.200447251789917e-05
4362,3.961239447702338e-05,4.2192018345393704e-05
4363,3.9704150170354055e-05,4.240462852138934e-05
4364,3.96820541319845e-05,4.2642297221661084e-05
4365,3.968500968790365e-05,4.290501862469686e-05
4366,3.971301102033736e-05,4.319278691169519e-05
4367,3.9766052314219334e-05,4.35055962665638e-05
4368,3.984412775718901e-05,4.3843440875917364e-05
4369,3.9947231539589905e-05,4.420631492907571e-05
4370,4.007535785446762e-05,4.445227804989782e-05
4371,4.0228500897568e-05,4.472048164792707e-05
4372,4.040665486733503e-05,4.501092056309197e-05
4373,4.060981396490918e-05,4.5323589637721407e-05
4374,4.083797239412561e-05,4.56584837165431e-05
4375,4.1091124361511916e-05,4.6015597646681804e-05
4376,4.1369264076286625e-05,4.6259172300066195e-05
4377,4.1672385750357e-05,4.6527730026101646e-05
4378,4.200048359831742e-05,4.682126503835365e-05
4379,4.235355183744741e-05,4.713977155307395e-05
4380,4.273158468770972e-05,4.748324378919882e-05
4381,4.313457637174854e-05,4.7851675968347126e-05
4382,4.356252111488742e-05,4.824506231481835e-05
4383,4.3873909384665266e-05,4.852189329512843e-05
4384,4.420747014831537e-05,4.882089787548892e-05
4385,4.456319827784621e-05,4.9142070926887605e-05
4386,4.480564418664511e-05,4.934996286169241e-05
4387,4.50730143382608e-05,4.944736655548587e-05
4388,4.536530297403926e-05,4.9572456323542855e-05
4389,4.554715245694005e-05,4.958987389031064e-05
4390,4.5756674127991975e-05,4.963772995860073e-05
4391,4.585857136825692e-05,4.971601750292105e-05
4392,4.584968492650373e-05,4.954826303568735e-05
4393,4.572727739056471e-05,4.926975187475394e-05
4394,4.562975387651897e-05,4.901888849916013e-05
4395,4.555710864430781e-05,4.87956665321011e-05
4396,4.55093359565261e-05,4.860007959971935e-05
4397,4.5486430078420466e-05,4.8432121331102446e-05
4398,4.548838527788732e-05,4.8291785358281116e-05
4399,4.551519582547127e-05,4.817906531622705e-05
4400,4.556685599436288e-05,4.809395484285107e-05
4401,4.564336006039713e-05,4.803644757900088e-05
4402,4.574470230205159e-05,4.800653716845925e-05
4403,4.5870877000444535e-05,4.8004217257941824e-05
4404,4.602187843933291e-05,4.8029481497094986e-05
4405,4.619770090511072e-05,4.8082323538494015e-05
4406,4.639833868680729e-05,4.816273703764103e-05
4407,4.648307082044077e-05,4.813000039731843e-05
4408,4.6589853078952176e-05,4.812206875752293e-05
4409,4.657803044752241e-05,4.799828647078173e-05
4410,4.6585495286450974e-05,4.789654526503185e-05
4411,4.661224316004829e-05,4.781684007251145e-05
4412,4.6658269634670365e-05,4.775916582779495e-05
4413,4.6588954505787454e-05,4.758890169486127e-05
4414,4.654165912479364e-05,4.730882311842938e-05
4415,4.6516378434247955e-05,4.705625906371547e-05
4416,4.651310737903797e-05,4.6831203215348086e-05
4417,4.653184090637832e-05,4.663364926086025e-05
4418,4.6572573965808726e-05,4.646359089068775e-05
4419,4.649497721975988e-05,4.618069750873383e-05
4420,4.6436623695523905e-05,4.592254088434017e-05
4421,4.63975089777896e-05,4.5689115344820754e-05
4422,4.62432868608889e-05,4.534607342770889e-05
4423,4.611103907501959e-05,4.50304956069786e-05
4424,4.6000760583624416e-05,4.47423755904241e-05
4425,4.5912446352460354e-05,4.448170708872818e-05
4426,4.5846091349596854e-05,4.424848381546036e-05
4427,4.5801690545414054e-05,4.404269948707467e-05
4428,4.577923891260164e-05,4.386434782290774e-05
4429,4.577873142615687e-05,4.3713422545177036e-05
4430,4.580016306338305e-05,4.358991737897844e-05
4431,4.570359331414875e-05,4.3353890562545444e-05
4432,4.5492175278426346e-05,4.300849394478683e-05
4433,4.5162810429215075e-05,4.255062774820991e-05
4434,4.4852627204331274e-05,4.2117419160709976e-05
4435,4.456162121674869e-05,4.1708862545910355e-05
4436,4.428978808145298e-05,4.132495227001646e-05
4437,4.4037123415440504e-05,4.096568270181428e-05
4438,4.3803622837716976e-05,4.063104821266846e-05
4439,4.358928196929579e-05,4.032104317652058e-05
4440,4.339409643319703e-05,4.0035661969887385e-05
4441,4.321806185444574e-05,3.977489897185889e-05
4442,4.3061173860070736e-05,3.940501164245324e-05
4443,4.292342807910316e-05,3.9062463144128415e-05
4444,4.2804820142575196e-05,3.8747247242044546e-05
4445,4.270534568351852e-05,3.845935770421096e-05
4446,4.2625000336962926e-05,3.819878830148416e-05
4447,4.2563779739935324e-05,3.7965532807565706e-05
4448,4.2521679531457886e-05,3.775958499900059e-05
4449,4.249869535254679e-05,3.758093865517488e-05
4450,4.2494822846211005e-05,3.742958755831408e-05
4451,4.251005765745098e-05,3.730552549348114e-05
4452,4.254439543325689e-05,3.720874624857432e-05
4453,4.259783182260761e-05,3.71392436143254e-05
4454,4.267036247646929e-05,3.709701138429783e-05
4455,4.2761983047793815e-05,3.708204335488451e-05
4456,4.2872689191517724e-05,3.709433332530607e-05
4457,4.300247656456063e-05,3.713387509760887e-05
4458,4.315134082582381e-05,3.720066247666295e-05
4459,4.33192776361891e-05,3.729468927016041e-05
4460,4.35062826585174e-05,3.741594928861311e-05
4461,4.371235155764711e-05,3.756443634535095e-05
4462,4.393748000039317e-05,3.774014425651998e-05
4463,4.418166365554536e-05,3.794306684108019e-05
4464,4.430602087808787e-05,3.817319792080392e-05
4465,4.444670642678773e-05,3.8430531320273846e-05
4466,4.4603716591799076e-05,3.871506086688077e-05
4467,4.477704766496689e-05,3.9026780390822224e-05
4468,4.496669593982611e-05,3.936568372510004e-05
4469,4.517265771160028e-05,3.973176470551885e-05
4470,4.539492927720047e-05,4.0125017170683786e-05
4471,4.563350693522406e-05,4.0545434961998804e-05
4472,4.58883869859536e-05,4.099301192366487e-05
4473,4.615956573135573e-05,4.146774190267775e-05
4474,4.644703947507986e-05,4.1969618748826214e-05
4475,4.6750804522457116e-05,4.249863631469036e-05
4476,4.707085718049934e-05,4.291629197345006e-05
4477,4.740719375789751e-05,4.335836520272735e-05
4478,4.775981056502124e-05,4.382485047558106e-05
4479,4.812870391391694e-05,4.43157422675771e-05
4480,4.8513870118307126e-05,4.483103505678704e-05
4481,4.891530549358911e-05,4.537072332378617e-05
4482,4.933300635683385e-05,4.593480155165179e-05
4483,4.9766969026784776e-05,4.6523264225961675e-05
4484,5.021718982385688e-05,4.713610583479212e-05
4485,5.068366507013523e-05,4.7773320868716415e-05
4486,5.102821037663796e-05,4.829672310806714e-05
4487,5.138629802755506e-05,4.8703633792207055e-05
4488,5.1757924959337366e-05,4.899712692111842e-05
4489,5.1872665156329485e-05,4.917418167980911e-05
4490,5.200093852671111e-05,4.9370176515893194e-05
4491,5.200471864373392e-05,4.958510715195415e-05
4492,5.201932410684822e-05,4.968097737124216e-05
4493,5.204475246742897e-05,4.966085486444835e-05
4494,5.208100127796401e-05,4.9659655352394416e-05
4495,5.2128068092053134e-05,4.967737456539141e-05
4496,5.218595046440783e-05,4.971400823568197e-05
4497,5.225464595085012e-05,4.976955209743971e-05
4498,5.220208020836953e-05,4.971192998682506e-05
4499,5.2163020169974796e-05,4.9675907016836605e-05
4500,5.213746278872097e-05,4.9529465120017594e-05
4501,5.2125405019043125e-05,4.9407308896858724e-05
4502,5.2126843816755193e-05,4.930943288006743e-05
4503,5.200985088789641e-05,4.9235831604817884e-05
4504,5.190904288946368e-05,4.9186499608749255e-05
4505,5.182441617666737e-05,4.9161431431963836e-05
4506,5.175596710636451e-05,4.9160621617025625e-05
4507,5.1703692037057314e-05,4.9052256542563984e-05
4508,5.166758732889243e-05,4.897083095241974e-05
4509,5.164764934365967e-05,4.891633879288135e-05
4510,5.1643874444790896e-05,4.888877401296289e-05
4511,5.16562589973588e-05,4.888813056440203e-05
4512,5.1553137265695513e-05,4.891440240165855e-05
4513,5.1331521451455136e-05,4.8830248198417803e-05
4514,5.099445044144731e-05,4.850140086376954e-05
4515,5.067621218474922e-05,4.8196762914755334e-05
4516,5.0376802452848534e-05,4.791632891843662e-05
4517,5.0096217019136293e-05,4.752857708258699e-05
4518,4.983445165890573e-05,4.716770434650129e-05
4519,4.94600439935779e-05,4.670224652784031e-05
4520,4.910713276200191e-05,4.626634056250079e-05
4521,4.877571314475578e-05,4.585997982891484e-05
4522,4.8328724556591004e-05,4.5346101940494724e-05
4523,4.79005349618639e-05,4.485907306106313e-05
4524,4.749114014724139e-05,4.439888717755895e-05
4525,4.710053590128399e-05,4.3965538279619144e-05
4526,4.672871801444405e-05,4.355902035957683e-05
4527,4.637568227906484e-05,4.3179327412459606e-05
4528,4.604142448937916e-05,4.2826453435987955e-05
4529,4.572594044150796e-05,4.250039243057293e-05
4530,4.54292259334592e-05,4.2201138399314766e-05
4531,4.515127676512662e-05,4.179757534889674e-05
4532,4.475534221164995e-05,4.1286738376940235e-05
4533,4.437548759871671e-05,4.08026904194226e-05
4534,4.401170932879542e-05,4.034542549016867e-05
4535,4.366400380596938e-05,3.9783943249357e-05
4536,4.333236743593516e-05,3.925190730195634e-05
4537,4.3016796626001645e-05,3.874931107368511e-05
4538,4.271728778508895e-05,3.827614799320204e-05
4539,4.243383732372726e-05,3.783241149210399e-05
4540,4.216644165405593e-05,3.7418095004924094e-05
4541,4.191509718982218e-05,3.703319196912965e-05
4542,4.16798003463801e-05,3.654125714748394e-05
4543,4.146054754068972e-05,3.6076051613643445e-05
4544,4.12573351913155e-05,3.5637569408138774e-05
4545,4.1070159718425854e-05,3.5225804574162735e-05
4546,4.089901754379143e-05,3.484075115756837e-05
4547,4.0743905090784485e-05,3.4482403206867145e-05
4548,4.060481878437775e-05,3.415075477322734e-05
4549,4.048175505114308e-05,3.384579991047202e-05
4550,4.037471031925067e-05,3.356753267507733e-05
4551,4.028368101846777e-05,3.3315947126170856e-05
4552,4.0078158438255305e-05,3.2960532183627166e-05
4553,3.989130928453702e-05,3.26344521848365e-05
4554,3.972312940021537e-05,3.2337700605219895e-05
4555,3.957361463004825e-05,3.207027092310526e-05
4556,3.944276082064771e-05,3.1832156619725194e-05
4557,3.933056382047881e-05,3.16233511792154e-05
4558,3.923701947985827e-05,3.144384808861248e-05
4559,3.916212365095326e-05,3.129364083785213e-05
4560,3.910587218778035e-05,3.1172722919767125e-05
4561,3.9068260946204016e-05,3.108108783008551e-05
4562,3.9049285783935415e-05,3.101872906742854e-05
4563,3.904894256053118e-05,3.098564013330871e-05
4564,3.9067227137392496e-05,3.098181453212789e-05
4565,3.910413537776326e-05,3.1007245771175536e-05
4566,3.9159663146729386e-05,3.106192736062638e-05
4567,3.923380631121732e-05,3.1145852813539006e-05
4568,3.932656073999277e-05,3.125901564585343e-05
4569,3.9437922303659574e-05,3.140140937638957e-05
4570,3.95678868746585e-05,3.15730275268451e-05
4571,3.9716450327266e-05,3.1773863621793506e-05
4572,3.9753674284324905e-05,3.187397693541449e-05
4573,3.968223638489044e-05,3.187604275913877e-05
4574,3.9634690523553905e-05,3.191261264097137e-05
4575,3.961103140957839e-05,3.198367894462673e-05
4576,3.9611253754574445e-05,3.2089234037203494e-05
4577,3.963535227249838e-05,3.2229270289182074e-05
4578,3.968332167965098e-05,3.240378007442283e-05
4579,3.975515669467568e-05,3.261275577016353e-05
4580,3.9850852038557126e-05,3.285618975701724e-05
4581,3.9970402434619556e-05,3.3134074418969906e-05
4582,3.9984151930668244e-05,3.3316751465521365e-05
4583,4.002439342765039e-05,3.353651146034512e-05
4584,4.009112107205235e-05,3.379334621368535e-05
4585,4.018432901295151e-05,3.408724753940769e-05
4586,4.030401140201412e-05,3.441820725499693e-05
4587,4.045016239349403e-05,3.478621718155445e-05
4588,4.049329501826257e-05,3.492674777583572e-05
4589,4.0430518398062044e-05,3.5104312248273354e-05
4590,4.039419287267961e-05,3.531890243079167e-05
4591,4.0384312606688905e-05,3.557051015892219e-05
4592,4.027150342971164e-05,3.5729758934270446e-05
4593,4.0187769517189776e-05,3.566442047065813e-05
4594,4.0133104460147404e-05,3.563871618185493e-05
4595,4.0107501852437944e-05,3.565263733675932e-05
4596,4.0110955290742493e-05,3.570617520812044e-05
4597,4.014345837456769e-05,3.579932107253552e-05
4598,4.007026468711083e-05,3.579732619131431e-05
4599,3.989429825248521e-05,3.570311226770363e-05
4600,3.9747362292843956e-05,3.5513800069330635e-05
4601,3.962945041896529e-05,3.536142401173698e-05
4602,3.954055624444364e-05,3.524597596993742e-05
4603,3.934608297794618e-05,3.516744782252515e-05
4604,3.9177979372264474e-05,3.5125831451669646e-05
4605,3.903623962789533e-05,3.512111874311419e-05
4606,3.892085794789054e-05,3.5153301586173346e-05
4607,3.8831828537855194e-05,3.508790091609602e-05
4608,3.864022646403185e-05,3.492782748321793e-05
4609,3.834870630658477e-05,3.4675734134461944e-05
4610,3.808878469337405e-05,3.446313576520704e-05
4611,3.786045468628853e-05,3.416118844083243e-05
4612,3.752938740743526e-05,3.3901349427519986e-05
4613,3.722726779052056e-05,3.3683609486604994e-05
4614,3.681982705342065e-05,3.3373696954136094e-05
4615,3.643869235049768e-05,3.3103236103910645e-05
4616,3.6083857910236267e-05,3.274352257325148e-05
4617,3.575531796365742e-05,3.229169795675464e-05
4618,3.5453066744316767e-05,3.1879299095226075e-05
4619,3.504298461221121e-05,3.1243591348006186e-05
4620,3.4527969345945915e-05,3.0518707807419814e-05
4621,3.391066907560515e-05,2.970729315609898e-05
4622,3.332225942003515e-05,2.8940519566946244e-05
4623,3.2762734051496124e-05,2.8089876422891995e-05
4624,3.223208664502384e-05,2.7286478567574423e-05
4625,3.1730310878427984e-05,2.6401870386987287e-05
4626,3.125740043229023e-05,2.5567109445599547e-05
4627,3.0813348989962374e-05,2.4782184842485784e-05
4628,3.026978822245216e-05,2.391872366637947e-05
4629,2.9757694735747934e-05,2.3107697942995882e-05
4630,2.927706164932139e-05,2.234909621353412e-05
4631,2.8827882085657084e-05,2.1509148338250168e-05
4632,2.8410149170249982e-05,2.0718982381740077e-05
4633,2.8023856031603983e-05,1.9978587471646793e-05
4634,2.766899580122953e-05,1.928795274036563e-05
4635,2.7345561613641815e-05,1.851342661808189e-05
4636,2.6925406096017976e-05,1.7657881554909082e-05
4637,2.6539279230752623e-05,1.685206410978002e-05
4638,2.6187173591177147e-05,1.6095963434056845e-05
4639,2.5869081753867892e-05,1.5389568683838475e-05
4640,2.5584996298644778e-05,1.4732869019957702e-05
4641,2.533490980856844e-05,1.4125853607977903e-05
4642,2.511881486993854e-05,1.3568511618190036e-05
4643,2.4808756752467992e-05,1.2932884905786125e-05
4644,2.453528771419376e-05,1.23495223157688e-05
4645,2.4298399782668874e-05,1.1690520234661277e-05
4646,2.4098084988923978e-05,1.1086370721700181e-05
4647,2.393433536746521e-05,1.0537061834855644e-05
4648,2.3679333273410454e-05,9.914771954439277e-06
4649,2.346348993673205e-05,9.349908337345957e-06
4650,2.3286796835133335e-05,8.842458489928923e-06
4651,2.3149245450030233e-05,8.392409923980624e-06
4652,2.2917685657133417e-05,7.866608547313555e-06
4653,2.2722643329791295e-05,7.3955762671020695e-06
4654,2.2564110526762767e-05,6.979301177654316e-06
4655,2.244207931026436e-05,6.617771378457645e-06
4656,2.235654174596732e-05,6.310974974175187e-06
4657,2.2307489902995776e-05,6.058900074642703e-06
4658,2.229491585392438e-05,5.8615347948650725e-06
4659,2.2318811674775988e-05,5.71886725501271e-06
4660,2.237916944501969e-05,5.630885580418622e-06
4661,2.247598124756809e-05,5.597577901574724e-06
4662,2.2609239168775452e-05,5.618932354128538e-06
4663,2.277893529843521e-05,5.69493707887986e-06
4664,2.298506172977789e-05,5.825580221777435e-06
4665,2.3227610559468713e-05,6.010849933915529e-06
4666,2.350657388760557e-05,6.250734371530563e-06
4667,2.3821943817716497e-05,6.545221695997993e-06
4668,2.41737124567578e-05,6.894300073828632e-06
4669,2.4561871915111337e-05,7.297957676665442e-06
4670,2.4986414306582735e-05,7.756182681280232e-06
4671,2.5447331748399028e-05,8.268963269570262e-06
4672,2.5812057173528813e-05,8.703728440877714e-06
4673,2.6078015746341534e-05,9.057899427647166e-06
4674,2.6375134970247182e-05,9.461399803064678e-06
4675,2.6703408098315027e-05,9.914218891675294e-06
4676,2.706282838653943e-05,1.04163460226478e-05
4677,2.745338909383817e-05,1.096777052977181e-05
4678,2.7875083482050306e-05,1.1568481751454694e-05
4679,2.8327904815934544e-05,1.2218469030718494e-05
4680,2.8811846363167026e-05,1.2917721715197277e-05
4681,2.9326901394339517e-05,1.366622915713372e-05
4682,2.974079329948751e-05,1.4331710829906098e-05
4683,3.0183194893868163e-05,1.5043835633805258e-05
4684,3.065410001572146e-05,1.5802593493794917e-05
4685,3.115350250595459e-05,1.6607974339194394e-05
4686,3.1681396208139855e-05,1.745996810367593e-05
4687,3.223777496851319e-05,1.8358564725261924e-05
4688,3.269053572968159e-05,1.917165724003141e-05
4689,3.3169182254724645e-05,2.0028745506219968e-05
4690,3.3673708955326595e-05,2.092982003235142e-05
4691,3.420411024558812e-05,2.1748233214241395e-05
4692,3.462839870272604e-05,2.2481217182131258e-05
4693,3.50759658186317e-05,2.312620586916905e-05
4694,3.55468065711543e-05,2.3812558694285014e-05
4695,3.6040915940313606e-05,2.4540266742727243e-05
4696,3.655828890829836e-05,2.5309321103589787e-05
4697,3.7098920459465344e-05,2.6119712869810113e-05
4698,3.7662805580337565e-05,2.6971433138166802e-05
4699,3.811815830590437e-05,2.7732692055577966e-05
4700,3.859417370491375e-05,2.8532680804393184e-05
4701,3.909084732521448e-05,2.9371391047733715e-05
4702,3.9481832860783836e-05,3.0122472596519967e-05
4703,3.989604694392891e-05,3.078852320997648e-05
4704,4.033348457413053e-05,3.13721395312319e-05
4705,4.079414075302609e-05,3.2002178385794176e-05
4706,4.1278010484408115e-05,3.267862979375927e-05
4707,4.178508877422284e-05,3.3401483779517234e-05
4708,4.218384706154548e-05,3.4039206802725834e-05
4709,4.247173300201315e-05,3.458924154174257e-05
4710,4.2777661855327414e-05,3.518049828112546e-05
4711,4.3101629740949816e-05,3.568153016991665e-05
4712,4.344363278001453e-05,3.6221192122296016e-05
4713,4.3803667095327844e-05,3.6799475844309815e-05
4714,4.418172881136656e-05,3.741637304556914e-05
4715,4.457781405427734e-05,3.8071875439247646e-05
4716,4.4991918951875224e-05,3.863467911684938e-05
4717,4.542403963364293e-05,3.923349994795729e-05
4718,4.5874172230729456e-05,3.986833020722033e-05
4719,4.634231287594928e-05,4.0407951822732625e-05
4720,4.669727575441728e-05,4.0849815652043026e-05
4721,4.693651611634507e-05,4.11913736439106e-05
4722,4.71886154862546e-05,4.156120402281836e-05
4723,4.7453571102858216e-05,4.182820390729445e-05
4724,4.773138020605795e-05,4.2120896436308014e-05
4725,4.802204003694485e-05,4.23082359732595e-05
4726,4.8325547837798064e-05,4.2518690618789304e-05
4727,4.864190085208415e-05,4.2752255420747046e-05
4728,4.8840141137321157e-05,4.287797024197296e-05
4729,4.904865624462863e-05,4.289859992685466e-05
4730,4.9267443969011566e-05,4.2942324936977e-05
4731,4.949650210642532e-05,4.300914032867325e-05
4732,4.973582845377482e-05,4.3099041160396836e-05
4733,4.985990646157814e-05,4.308650814538418e-05
4734,4.987132259878096e-05,4.297412501646814e-05
4735,4.9898123562204125e-05,4.2889935735525335e-05
4736,4.980957685184666e-05,4.270320506877795e-05
4737,4.97338478796069e-05,4.2542095695514366e-05
4738,4.967093390194091e-05,4.2406602140746654e-05
4739,4.962083217648282e-05,4.229671893183037e-05
4740,4.95835399620443e-05,4.221244059846306e-05
4741,4.955905451861356e-05,4.215376167268284e-05
4742,4.954737310735495e-05,4.212067668886689e-05
4743,4.941796087644442e-05,4.1982648069566414e-05
4744,4.929879051690985e-05,4.1867645781345876e-05
4745,4.918985983792425e-05,4.164518899919112e-05
4746,4.9091166649601685e-05,4.144319312404891e-05
4747,4.900270876299686e-05,4.126165379001288e-05
4748,4.879409229344738e-05,4.0970174936387136e-05
4749,4.859315278400519e-05,4.0696589931116325e-05
4750,4.839988859187066e-05,4.044089495721939e-05
4751,4.821429807495073e-05,4.020308619934737e-05
4752,4.8036379591858955e-05,3.998315984378244e-05
4753,4.786613150191497e-05,3.97811120784371e-05
4754,4.7703552165143714e-05,3.9596939092852857e-05
4755,4.754863994227566e-05,3.9430637078199175e-05
4756,4.740139319474545e-05,3.928220222727257e-05
4757,4.726181028469209e-05,3.9151630734495494e-05
4758,4.712988957495828e-05,3.903891879591534e-05
4759,4.7005629429089946e-05,3.894406260920327e-05
4760,4.688902821133586e-05,3.886705837365335e-05
4761,4.678008428664714e-05,3.8807902290181376e-05
4762,4.667879602067672e-05,3.8766590561323925e-05
4763,4.658516177977903e-05,3.874311939123709e-05
4764,4.649917993100956e-05,3.873748498569577e-05
4765,4.6420848842123984e-05,3.87496835520925e-05
4766,4.635016688157854e-05,3.8779711299436177e-05
4767,4.628713241852871e-05,3.870294530557609e-05
4768,4.623174382282925e-05,3.8646544610327724e-05
4769,4.605943259442339e-05,3.8485938017960786e-05
4770,4.5897306592257554e-05,3.8348230692891086e-05
4771,4.574536364976559e-05,3.8233417775163244e-05
4772,4.560360160130633e-05,3.814149440688827e-05
4773,4.5472018282163694e-05,3.807245573224232e-05
4774,4.535061152854569e-05,3.802629689746539e-05
4775,4.5239379177583996e-05,3.800301305085994e-05
4776,4.5138319067333244e-05,3.800259934278953e-05
4777,4.504742903677054e-05,3.8025050925677625e-05
4778,4.496670692579467e-05,3.794603072170397e-05
4779,4.4896150575225904e-05,3.7892403898348695e-05
4780,4.4835757826804985e-05,3.786416507773834e-05
4781,4.478552652319263e-05,3.786130888428055e-05
4782,4.47454545079692e-05,3.7883829944662945e-05
4783,4.4715539625633736e-05,3.793172288785142e-05
4784,4.4695779721603606e-05,3.8004982345089067e-05
4785,4.468617264221405e-05,3.810360294989438e-05
4786,4.468671623471722e-05,3.8227579338059864e-05
4787,4.4697408347281725e-05,3.837690614765074e-05
4788,4.47182468289922e-05,3.855157801900345e-05
4789,4.4749229529848586e-05,3.8751589594723964e-05
4790,4.479035430076558e-05,3.897693551968678e-05
4791,4.471762412695944e-05,3.897441911181971e-05
4792,4.4657562549974915e-05,3.899722636161646e-05
4793,4.448622376330443e-05,3.8921408794106946e-05
4794,4.433007797018905e-05,3.8873433945195016e-05
4795,4.418912195994306e-05,3.8853295937982035e-05
4796,4.406335252324098e-05,3.886098889805384e-05
4797,4.395276645211723e-05,3.88965069534789e-05
4798,4.3857360539964525e-05,3.895984423480673e-05
4799,4.377713158153369e-05,3.9050994875066376e-05
4800,4.371207637293242e-05,3.916995300976485e-05
4801,4.3538455113844664e-05,3.931671277688547e-05
4802,4.325363248132206e-05,3.9362374100369837e-05
4803,4.298397400684926e-05,3.9304433576041743e-05
4804,4.2729476491943094e-05,3.914038885265683e-05
4805,4.249013673947335e-05,3.899655066228263e-05
4806,4.226595155366142e-05,3.8872914747091025e-05
4807,4.20569177400796e-05,3.8769476851051505e-05
4808,4.186303210565028e-05,3.868623271993047e-05
4809,4.1684291458645056e-05,3.862317810128984e-05
4810,4.152069260868394e-05,3.858030874448581e-05
4811,4.1372232366734466e-05,3.8557620400668214e-05
4812,4.1238907545110684e-05,3.855510882277886e-05
4813,4.112071495747254e-05,3.8572769765550613e-05
4814,4.101765141882477e-05,3.861059898550617e-05
4815,4.092971374551643e-05,3.866859224095714e-05
4816,4.085689875523948e-05,3.8746745292002624e-05
4817,4.0799203267028494e-05,3.884505390052824e-05
4818,4.075662410125946e-05,3.896351383020502e-05
4819,4.072915807964904e-05,3.910212084648817e-05
4820,4.059355318584698e-05,3.913762187720928e-05
4821,4.035234724978166e-05,3.919577697133362e-05
4822,4.013127475800095e-05,3.927658137259437e-05
4823,3.993033148388116e-05,3.938003032672512e-05
4824,3.974951320257649e-05,3.9506119081458775e-05
4825,3.958881569101775e-05,3.965484288652616e-05
4826,3.9448234727911274e-05,3.982619699365495e-05
4827,3.932776609373766e-05,4.002017665656818e-05
4828,3.9227405570750875e-05,4.023677713098317e-05
4829,3.9147148942976994e-05,4.0347835373476636e-05
4830,3.90869919962131e-05,4.0478994251521006e-05
4831,3.90469305180262e-05,4.063024955188473e-05
4832,3.902696029775213e-05,4.080159706310598e-05
4833,3.889902713577785e-05,4.0864982584774986e-05
4834,3.866064527960343e-05,4.081792036359552e-05
4835,3.843732591959759e-05,4.078592158914125e-05
4836,3.822906590011957e-05,4.064614203675118e-05
4837,3.8035862066854083e-05,4.052392665341162e-05
4838,3.785771126681047e-05,4.041927176178757e-05
4839,3.7694610348321893e-05,4.0332173686087254e-05
4840,3.7546556161044575e-05,4.026262875206114e-05
4841,3.741354555595664e-05,4.021063328700089e-05
4842,3.729557538535775e-05,4.005349477092817e-05
4843,3.719264250286789e-05,3.991640227886029e-05
4844,3.710474376342669e-05,3.9799351620464986e-05
4845,3.703187602329269e-05,3.970233860716502e-05
4846,3.6974036140042235e-05,3.962535905213734e-05
4847,3.6931220972568845e-05,3.956840877031181e-05
4848,3.690342738108238e-05,3.953148357837015e-05
4849,3.6890652227108186e-05,3.9514579294744906e-05
4850,3.689289237348624e-05,3.9517691739618305e-05
4851,3.691014468437034e-05,3.954081673492102e-05
4852,3.694240602522724e-05,3.9583950104331185e-05
4853,3.698967326283573e-05,3.96470876732735e-05
4854,3.7051943265286214e-05,3.973022526891768e-05
4855,3.712921290197946e-05,3.983335872017772e-05
4856,3.722147904362589e-05,3.995648385771076e-05
4857,3.732873856224467e-05,4.0099596513915876e-05
4858,3.745098833116324e-05,4.0262692522932895e-05
4859,3.746596562305265e-05,4.0323508118678026e-05
4860,3.749842196306274e-05,4.040679378797868e-05
4861,3.754835370988179e-05,4.0512544851632684e-05
4862,3.761575722371818e-05,4.064075663238966e-05
4863,3.7700628866299585e-05,4.079142445495012e-05
4864,3.780296500087213e-05,4.096454364596416e-05
4865,3.792276199219908e-05,4.11601095340301e-05
4866,3.806001620656041e-05,4.137811744969346e-05
4867,3.8214724011751285e-05,4.149142603443231e-05
4868,3.838688177708154e-05,4.162467642003256e-05
4869,3.844940250032756e-05,4.16507810866557e-05
4870,3.852687606665219e-05,4.1694329402064806e-05
4871,3.861929936630338e-05,4.175531773932322e-05
4872,3.8726669290825474e-05,4.183374247300557e-05
4873,3.8848982733058766e-05,4.192959997919728e-05
4874,3.898623658713831e-05,4.204288663549326e-05
4875,3.9138427748493435e-05,4.217359882099715e-05
4876,3.9305553113846815e-05,4.232173291632032e-05
4877,3.948760958121358e-05,4.236547693656429e-05
4878,3.968459404990054e-05,4.230227738385488e-05
4879,3.98965034205055e-05,4.225648890287662e-05
4880,4.0123334594916324e-05,4.2228107880253406e-05
4881,4.036508447631008e-05,4.2217130704111914e-05
4882,4.062174996915245e-05,4.2223553764081105e-05
4883,4.077166928455391e-05,4.2247373451291034e-05
4884,4.0938980685246884e-05,4.216695237337188e-05
4885,4.112368056613405e-05,4.210640285707936e-05
4886,4.1325765323615694e-05,4.2065720784830196e-05
4887,4.1423672238350895e-05,4.19233429235129e-05
4888,4.1541437435598575e-05,4.180330488482862e-05
4889,4.167905680367075e-05,4.158409265410618e-05
4890,4.183652623258509e-05,4.126820604046691e-05
4891,4.1887341800650975e-05,4.073164400707185e-05
4892,4.183408579155432e-05,4.0100925563323737e-05
4893,4.167422050631035e-05,3.937351096255565e-05
4894,4.153171134447111e-05,3.867336355748307e-05
4895,4.140655471585449e-05,3.800047771193259e-05
4896,4.12987470317669e-05,3.735484779206414e-05
4897,4.120828470500199e-05,3.673646816636895e-05
4898,4.113516414983984e-05,3.614533320566828e-05
4899,4.107938178204584e-05,3.5460175922438275e-05
4900,4.104093401886998e-05,3.480472652450434e-05
4901,4.089358095201808e-05,3.417897887962659e-05
4902,4.076108188776762e-05,3.358292685809951e-05
4903,4.064343375743003e-05,3.3016564332750686e-05
4904,4.054063349358768e-05,3.247988517893883e-05
4905,4.0452678030093095e-05,3.1972883274552476e-05
4906,4.037956430206814e-05,3.1495552500008285e-05
4907,4.0200225580539276e-05,3.092682307288573e-05
4908,3.9917153866975006e-05,3.026918394246354e-05
4909,3.96538544795484e-05,2.952512303376496e-05
4910,3.941032334213963e-05,2.8697127248189883e-05
4911,3.9186556380312475e-05,2.7908647523389154e-05
4912,3.8982549521312996e-05,2.7159675723965398e-05
4913,3.879829869406858e-05,2.632928790148007e-05
4914,3.863379982918709e-05,2.554085909379034e-05
4915,3.848904885895544e-05,2.4673514054818294e-05
4916,3.83640417173389e-05,2.3850577105423505e-05
4917,3.825877433997992e-05,2.3072039113559446e-05
4918,3.817324266419704e-05,2.2337890950937772e-05
4919,3.8107442628983955e-05,2.164812349302599e-05
4920,3.7935631460058086e-05,2.0876988904094898e-05
4921,3.765536738713501e-05,2.0027033742719647e-05
4922,3.72692014861267e-05,1.922143194562512e-05
4923,3.690028822604217e-05,1.8460174403270552e-05
4924,3.654862405945839e-05,1.762260631409577e-05
4925,3.6214205440414005e-05,1.6711204856005348e-05
4926,3.57764321118747e-05,1.584904290357861e-05
4927,3.535835801725857e-05,1.5036110352999375e-05
4928,3.4959979110571207e-05,1.415184933553763e-05
4929,3.4581291347482984e-05,1.3319257290041798e-05
4930,3.4222290685328e-05,1.253832362113525e-05
4931,3.388297308310317e-05,1.1809037737788951e-05
4932,3.356333450146696e-05,1.1131389053318732e-05
4933,3.326337090273856e-05,1.0505366985382806e-05
4934,3.2983078250896884e-05,9.930960955978888e-06
4935,3.272245251157929e-05,9.408160391441623e-06
4936,3.248148965208088e-05,8.811632016472053e-06
4937,3.2260185641353146e-05,8.264232243477012e-06
4938,3.205853645000343e-05,7.765951014128302e-06
4939,3.187653805029306e-05,7.316778274218414e-06
4940,3.171418641613746e-05,6.916703973658236e-06
4941,3.15714775231041e-05,6.56571806647433e-06
4942,3.144840734841214e-05,6.138643099393603e-06
4943,3.13449718709311e-05,5.7581837284928025e-06
4944,3.126116707117982e-05,5.304172774409503e-06
4945,3.1196988931325756e-05,4.779076733356032e-06
4946,3.1152433435183506e-05,4.3054701532217695e-06
4947,3.112749656821422e-05,3.7632577323051106e-06
4948,3.1122174317524314e-05,3.274963957421844e-06
4949,3.113646267186461e-05,2.8405778152293173e-06
4950,3.117035762162915e-05,2.4600882968859836e-06
4951,3.122385515885451e-05,2.133484398048784e-06
4952,3.129695127721832e-05,1.8607551188703264e-06
4953,3.13896419720386e-05,1.6418894639961824e-06
4954,3.138200814016361e-05,1.356961342452966e-06
4955,3.139640760840046e-05,1.1283215960752437e-06
4956,3.1432835878310056e-05,9.559587442990993e-07
4957,3.1491288453292814e-05,8.398613112454915e-07
4958,3.157176083858766e-05,7.800178257177747e-07
4959,3.154951904835826e-05,6.51687328286337e-07
4960,3.1546843857984926e-05,5.771436235786871e-07
4961,3.156373127586339e-05,5.563757520763637e-07
4962,3.160017731202055e-05,5.893727587291691e-07
4963,3.165617797811357e-05,6.761236929522962e-07
4964,3.173172928742893e-05,8.166176086238433e-07
4965,3.182682725488117e-05,8.911941369034286e-07
4966,3.194146789701233e-05,1.0219330216326304e-06
4967,3.207564723199051e-05,1.0892215841835042e-06
4968,3.222936127960919e-05,1.2150899106335515e-06
4969,3.228305295081282e-05,1.279972974580976e-06
4970,3.235871064842025e-05,1.405851244724443e-06
4971,3.2456329901457906e-05,1.5927123191947976e-06
4972,3.257590624077471e-05,1.8405438011678685e-06
4973,3.271743519904131e-05,2.149333298861459e-06
4974,3.288091231074859e-05,2.5190684255322622e-06
4975,3.306633311220669e-05,2.9497367994728334e-06
4976,3.3273693141544044e-05,3.4413260440083467e-06
4977,3.350298793870601e-05,3.869554645385887e-06
4978,3.375421304545388e-05,4.356244079432489e-06
4979,3.402736400536384e-05,4.901382478574291e-06
4980,3.432243636382568e-05,5.50495798005758e-06
4981,3.463942566804184e-05,6.0476936374212475e-06
4982,3.497832746702629e-05,6.651276020993938e-06
4983,3.521502086555372e-05,7.315692789236153e-06
4984,3.547118552376823e-05,7.916840572434525e-06
4985,3.5746817488932206e-05,8.57636622652644e-06
4986,3.604191280991546e-05,9.294257917608855e-06
4987,3.623245268021453e-05,9.946488959598645e-06
4988,3.644001764043706e-05,1.0654632016715035e-05
4989,3.666460423629218e-05,1.1294711636685612e-05
4990,3.6906209014893205e-05,1.1745262481390891e-05
4991,3.716482852475705e-05,1.2125349055539896e-05
4992,3.7197568926695166e-05,1.231355518023646e-05
4993,3.724731717119358e-05,1.2552760927950943e-05
4994,3.731406981096638e-05,1.2842955976163993e-05
4995,3.7397823400127725e-05,1.3184130006536845e-05
4996,3.749857449419092e-05,1.3457365698115348e-05
4997,3.7616319650067714e-05,1.3783985705140157e-05
4998,3.775105542606731e-05,1.4163979231556381e-05
4999,3.7902778381895455e-05,1.4473624400545906e-05
5000,3.807148507865392e-05,1.4834197032622311e-05
5001,3.825717207883925e-05,1.5245686834469437e-05
5002,3.845983594634224e-05,1.5708083516933843e-05
5003,3.867947324644673e-05,1.622137679502271e-05
5004,3.8797363638167193e-05,1.6785556387900944e-05
5005,3.8934642638262216e-05,1.7400612018888727e-05
5006,3.909130632752878e-05,1.8066533415459148e-05
5007,3.9143841392373574e-05,1.865980091325825e-05
5008,3.908984851598043e-05,1.9178008847271065e-05
5009,3.8931790021332564e-05,1.950015411843949e-05
5010,3.879068097505231e-05,1.9744851004949245e-05
5011,3.866651795352313e-05,2.003310506021566e-05
5012,3.855929753451411e-05,2.0364907498985826e-05
5013,3.846901629717895e-05,2.0616890979393932e-05
5014,3.8395670822055565e-05,2.0909987643162426e-05
5015,3.83392576910647e-05,2.1120880839164023e-05
5016,3.829977348750961e-05,2.1370453979692662e-05
5017,3.827721479607486e-05,2.1658699270187593e-05
5018,3.8271578202825706e-05,2.1985608919232034e-05
5019,3.828286029520697e-05,2.2351175138550794e-05
5020,3.831105766204262e-05,2.2637051615928786e-05
5021,3.835616689353444e-05,2.2840825324585155e-05
5022,3.8295051585312795e-05,2.3083232267346113e-05
5023,3.813016021183289e-05,2.3245996819394357e-05
5024,3.7982170491683274e-05,2.332670886471417e-05
5025,3.785107902056192e-05,2.3204752067749185e-05
5026,3.76138493857842e-05,2.3003200184860404e-05
5027,3.7391099869509894e-05,2.2842654044100996e-05
5028,3.718282755590065e-05,2.260012232348193e-05
5029,3.6989029530294904e-05,2.2396169501841437e-05
5030,3.680970287920733e-05,2.223078782530737e-05
5031,3.664484469032805e-05,2.2103969543126635e-05
5032,3.6494452052522016e-05,2.2015706907663335e-05
5033,3.635852205582808e-05,2.1965992174396946e-05
5034,3.623705179145856e-05,2.1954817601920347e-05
5035,3.613003835179831e-05,2.1982175451938023e-05
5036,3.6037478830404066e-05,2.193009543844193e-05
5037,3.5959370322003754e-05,2.1918938881218904e-05
5038,3.589570992249588e-05,2.194869756888461e-05
5039,3.5846494728948464e-05,2.2019363293351897e-05
5040,3.5811721839598924e-05,2.2013058920079062e-05
5041,3.579138835385286e-05,2.2050049749871117e-05
5042,3.578549137228351e-05,2.213032710288162e-05
5043,3.5794027996631085e-05,2.2253882302746704e-05
5044,3.581699532980193e-05,2.229812160254112e-05
5045,3.5854390475868124e-05,2.226065848505363e-05
5046,3.5906210540066336e-05,2.226164289290943e-05
5047,3.597245262879748e-05,2.2178556389986987e-05
5048,3.6053113849625936e-05,2.2131500817757232e-05
5049,3.6148191311278654e-05,2.212046896155877e-05
5050,3.6257682123644605e-05,2.202781808369265e-05
5051,3.638158339777426e-05,2.197357626603057e-05
5052,3.651989224587831e-05,2.195773582286434e-05
5053,3.667260578132775e-05,2.198028907156382e-05
5054,3.671738349126846e-05,2.191889070519098e-05
5055,3.6774162281231175e-05,2.189347283710833e-05
5056,3.684293974700419e-05,2.1904028272850687e-05
5057,3.692371348534173e-05,2.1950549820832192e-05
5058,3.7016481093963176e-05,2.203303029234473e-05
5059,3.712124017155263e-05,2.2151462501555776e-05
5060,3.7237988317758215e-05,2.230583926550732e-05
5061,3.736672313319164e-05,2.2496153404113478e-05
5062,3.750744221942738e-05,2.272239774015935e-05
5063,3.7660143179002476e-05,2.298456509929883e-05
5064,3.7824823615415495e-05,2.3282648310053125e-05
5065,3.800148113312616e-05,2.349457361648556e-05
5066,3.8190113337555024e-05,2.3622743864054655e-05
5067,3.8390717835082476e-05,2.3547550185425126e-05
5068,3.860329223304832e-05,2.350824372007084e-05
5069,3.8705865814925265e-05,2.326565439021582e-05
5070,3.8818013841353756e-05,2.3058937971579793e-05
5071,3.893973439863346e-05,2.2888087312684147e-05
5072,3.90710255738316e-05,2.275309526490381e-05
5073,3.921188545478245e-05,2.2653954682465428e-05
5074,3.9362312130086954e-05,2.2590658422445962e-05
5075,3.9522303689112336e-05,2.2563199344770756e-05
5076,3.969185822199128e-05,2.257157031221184e-05
5077,3.9870973819621997e-05,2.2615764190386287e-05
5078,4.005964857366718e-05,2.2695773847754494e-05
5079,4.025788057655413e-05,2.2811592155618467e-05
5080,4.046566792147375e-05,2.2846271160179056e-05
5081,4.068300870238055e-05,2.279745553839109e-05
5082,4.09099010139918e-05,2.278442720740133e-05
5083,4.114634295178739e-05,2.280717904985379e-05
5084,4.139233261200919e-05,2.2865703951225625e-05
5085,4.1647868091660556e-05,2.2959994799825488e-05
5086,4.1912947488505935e-05,2.3090044486791727e-05
5087,4.2187568901070635e-05,2.3255845906090868e-05
5088,4.2471730428639855e-05,2.3457391954515616e-05
5089,4.276543017125872e-05,2.369467553168349e-05
5090,4.306866622973147e-05,2.3846234508760292e-05
5091,4.338143670562126e-05,2.4031136106967135e-05
5092,4.3582333329843196e-05,2.4127967335106956e-05
5093,4.379038080563632e-05,2.4255748176179363e-05
5094,4.400557770859087e-05,2.4297853051612036e-05
5095,4.422792261486742e-05,2.4373274094057674e-05
5096,4.4457414101195965e-05,2.436069552568481e-05
5097,4.469405074487593e-05,2.4379042023026546e-05
5098,4.4937831123775556e-05,2.4428307453052072e-05
5099,4.51887538163319e-05,2.4508485685165476e-05
5100,4.5446817401550226e-05,2.4619570591204096e-05
5101,4.5712020459003746e-05,2.4761556045437317e-05
5102,4.586792499377641e-05,2.4817999349507904e-05
5103,4.603334123295377e-05,2.4907706028922203e-05
5104,4.59707611094461e-05,2.4914278545900825e-05
5105,4.591768892304787e-05,2.495647539586999e-05
5106,4.5874122786635224e-05,2.5034289526188117e-05
5107,4.584006081383573e-05,2.5147713887007954e-05
5108,4.5815501119028226e-05,2.5296741431275295e-05
5109,4.5679447485926556e-05,2.5360370783311428e-05
5110,4.555052058503633e-05,2.5457217456268924e-05
5111,4.5428719001576904e-05,2.5587274880052098e-05
5112,4.519783251735291e-05,2.563432768318751e-05
5113,4.4976438903402084e-05,2.5716948485470563e-05
5114,4.476453627859313e-05,2.5718966899905878e-05
5115,4.4562122762542697e-05,2.5642768054080892e-05
5116,4.436919647561517e-05,2.5606854079006196e-05
5117,4.418575553892184e-05,2.549512176542054e-05
5118,4.401179807432067e-05,2.5426026454124102e-05
5119,4.3847322204415704e-05,2.5399559727309558e-05
5120,4.369232605255685e-05,2.5294983966100688e-05
5121,4.354680774283932e-05,2.52306533312719e-05
5122,4.3410765400102964e-05,2.5090577959262804e-05
5123,4.316354005137352e-05,2.487244044424958e-05
5124,4.292342168820377e-05,2.4694524250251318e-05
5125,4.269040890367414e-05,2.4436212369553998e-05
5126,4.246450029142443e-05,2.4095156568936756e-05
5127,4.224569444565358e-05,2.3789570631361918e-05
5128,4.203398996111946e-05,2.351944756525019e-05
5129,4.182938543313833e-05,2.3284780381780517e-05
5130,4.163187945758461e-05,2.3085562094888548e-05
5131,4.144147063089044e-05,2.2806007236380692e-05
5132,4.125815755004554e-05,2.256424882998598e-05
5133,4.1081938812596756e-05,2.2360279433350143e-05
5134,4.091281301664775e-05,2.2194091607051857e-05
5135,4.075077876085865e-05,2.206567791460097e-05
5136,4.059583464444572e-05,2.185468528977976e-05
5137,4.044797926718104e-05,2.167909274510057e-05
5138,4.030721122939208e-05,2.1538893316486694e-05
5139,4.0173529131961564e-05,2.1434080042603447e-05
5140,4.004693157632698e-05,2.1128820084695697e-05
5141,3.992741716448037e-05,2.0858932376005825e-05
5142,3.981498449896778e-05,2.0624409963408406e-05
5143,3.970963218288913e-05,2.030973755392373e-05
5144,3.961135881989786e-05,2.0032772499321835e-05
5145,3.952016301420055e-05,1.9793507392314804e-05
5146,3.9436043370556556e-05,1.9591934828526644e-05
5147,3.9358998494277825e-05,1.942804740649192e-05
5148,3.928902699122835e-05,1.930183772765384e-05
5149,3.922612746782409e-05,1.9213298396362677e-05
5150,3.905494719007303e-05,1.8927058677714346e-05
5151,3.889318883054375e-05,1.8678474532894648e-05
5152,3.8740850536208905e-05,1.846753857495746e-05
5153,3.8597930454772295e-05,1.8294243419856843e-05
5154,3.846442673466868e-05,1.8158581686445374e-05
5155,3.834033752506287e-05,1.8060545996472277e-05
5156,3.8225660975849744e-05,1.8000128974581836e-05
5157,3.812039523765359e-05,1.7977323248311667e-05
5158,3.790936602950111e-05,1.7876949015764363e-05
5159,3.771009297617082e-05,1.7816520382955504e-05
5160,3.7522573770818466e-05,1.779602952643812e-05
5161,3.723170062292303e-05,1.7700363141247094e-05
5162,3.683984118802298e-05,1.7531883370634588e-05
5163,3.6464423091674687e-05,1.7408012330026526e-05
5164,3.59904044981616e-05,1.721370267573112e-05
5165,3.5535167087427835e-05,1.7066330581870955e-05
5166,3.509870718233627e-05,1.684625390157961e-05
5167,3.46810211071916e-05,1.6551141708451493e-05
5168,3.42821051877396e-05,1.6298249741723004e-05
5169,3.390195575116644e-05,1.5968007584068424e-05
5170,3.342566401856563e-05,1.556272005526418e-05
5171,3.285559207742731e-05,1.508474512289974e-05
5172,3.230896176708281e-05,1.4536439834012013e-05
5173,3.1785768505821475e-05,1.3920160315624263e-05
5174,3.1171191438901735e-05,1.3238261775284576e-05
5175,3.0582383970445486e-05,1.2607892589708566e-05
5176,3.0019341067328407e-05,1.2029042700327155e-05
5177,2.9482057698394416e-05,1.1501702052499867e-05
